{"type": "FeatureCollection", "features": [{"id": "0", "type": "Feature", "properties": {"name": "contrib_union"}, "geometry": {"type": "Polygon", "coordinates": [[[-48.97258390000001, -27.118938299233893], [-48.97202829999997, -27.119578299233854], [-48.97122330000002, -27.119953199233855], [-48.97108709999998, -27.120749499233817], [-48.97091410000001, -27.121535699233792], [-48.97016810000002, -27.12199189923382], [-48.96950809999998, -27.122560899233783], [-48.968585399999995, -27.122503899233816], [-48.967980899999986, -27.12188499923382], [-48.967128, -27.121632699233828], [-48.96627710000001, -27.12191179923383], [-48.965543399999994, -27.122384099233773], [-48.964632999999985, -27.12254559923381], [-48.9637467, -27.122338299233824], [-48.96285949999997, -27.12254969923378], [-48.9620807, -27.122127999233765], [-48.961157800000024, -27.12208519923382], [-48.9602598, -27.122253899233773], [-48.959370200000016, -27.12244609923379], [-48.958619, -27.12288639923381], [-48.957912000000015, -27.12340299923378], [-48.95774039999997, -27.123506399233776], [-48.95713810000001, -27.124114499233787], [-48.956516299999976, -27.12472439923374], [-48.95650999999997, -27.125525199233763], [-48.95567490000002, -27.12585269923373], [-48.954792800000014, -27.12600539923372], [-48.954727400000024, -27.12682279923371], [-48.95387829999998, -27.126547299233746], [-48.95308189999997, -27.126161599233715], [-48.95227190000003, -27.125793399233753], [-48.9515083, -27.12622619923373], [-48.95099809999999, -27.126903299233692], [-48.95064539999997, -27.127648699233706], [-48.950267800000006, -27.128390999233698], [-48.95011399999999, -27.129193299233652], [-48.95103050000001, -27.129214599233695], [-48.9514954, -27.129919499233687], [-48.951704199999995, -27.130714599233617], [-48.95227870000002, -27.131356499233615], [-48.95222949999999, -27.13217019923363], [-48.952010299999976, -27.132950199233587], [-48.95233330000002, -27.133709599233566], [-48.95187809999999, -27.13441069923355], [-48.95185490000001, -27.13522699923353], [-48.95168569999998, -27.136029299233535], [-48.95174429999998, -27.13684129923353], [-48.95228470000001, -27.137500899233526], [-48.95295579999998, -27.137267699233515], [-48.953110200000026, -27.13675629923352], [-48.953154999999974, -27.135957299233507], [-48.953727, -27.135326599233533], [-48.95463030000002, -27.13516399923354], [-48.9555396, -27.135120999233585], [-48.95628379999998, -27.134654299233585], [-48.95715610000001, -27.13486259923358], [-48.95793969999998, -27.135297299233557], [-48.95854910000003, -27.13591299923355], [-48.95905040000002, -27.136595599233537], [-48.95966559999999, -27.13721079923351], [-48.960398999999995, -27.137721999233495], [-48.961305900000006, -27.1377317992335], [-48.961909900000016, -27.1383310992335], [-48.96242749999998, -27.138986999233463], [-48.962578899999976, -27.139794199233446], [-48.96248600000001, -27.140597799233465], [-48.96253039999999, -27.14142279923341], [-48.96301399999999, -27.142108699233404], [-48.96342729999997, -27.142839999233384], [-48.96357929999998, -27.143634799233364], [-48.96343689999998, -27.144424199233374], [-48.9634825, -27.145231799233336], [-48.963783200000016, -27.14598609923336], [-48.96385179999999, -27.146804899233338], [-48.96418649999998, -27.14755239923331], [-48.96483749999999, -27.148124199233283], [-48.9654506, -27.148731399233267], [-48.966113399999976, -27.149308899233265], [-48.96661690000002, -27.149974899233293], [-48.96666929999998, -27.150778299233266], [-48.96662420000001, -27.151596199233204], [-48.96695920000001, -27.152361199233198], [-48.96730330000003, -27.15311279923317], [-48.967843800000026, -27.153756699233174], [-48.96798519999999, -27.154550599233172], [-48.96846010000002, -27.15525459923315], [-48.969310599999964, -27.155584799233136], [-48.970234000000005, -27.15563539923316], [-48.97059660000002, -27.15637279923312], [-48.97126320000001, -27.15691949923314], [-48.97187519999999, -27.157532899233114], [-48.972467499999986, -27.15816339923309], [-48.97277580000003, -27.158919499233125], [-48.973051000000005, -27.159690199233086], [-48.97335700000003, -27.160447899233073], [-48.97367800000001, -27.16120639923307], [-48.97436620000001, -27.16172509923306], [-48.97481579999998, -27.162432199233038], [-48.97514710000001, -27.163195599233], [-48.975421499999975, -27.163975199232983], [-48.975555799999995, -27.16477029923297], [-48.975775999999996, -27.165560799232942], [-48.976295799999995, -27.166227499232946], [-48.97707229999997, -27.166647299232974], [-48.97728869999997, -27.166886499232923], [-48.97718550000001, -27.16769499923292], [-48.976568799999995, -27.16829889923294], [-48.976889700000015, -27.1690576992329], [-48.977662699999996, -27.16950819923289], [-48.97828570000001, -27.170110499232898], [-48.97884629999998, -27.170746799232898], [-48.97942419999998, -27.17138539923289], [-48.979985299999996, -27.172022599232832], [-48.98064909999999, -27.172593699232827], [-48.980934100000006, -27.172719099232825], [-48.981497799999985, -27.173345999232783], [-48.98185610000001, -27.17409929923284], [-48.981939300000015, -27.17491209923276], [-48.9820393, -27.175715299232746], [-48.98281129999997, -27.176134799232756], [-48.983608499999995, -27.17652249923274], [-48.984340299999985, -27.17701379923276], [-48.984821099999984, -27.177699399232736], [-48.98527239999998, -27.17839479923269], [-48.98584399999997, -27.1790187992327], [-48.98631339999997, -27.179719599232687], [-48.98626689999998, -27.18052789923269], [-48.986419800000014, -27.181316299232652], [-48.98691480000002, -27.182003499232657], [-48.98717629999999, -27.182795699232617], [-48.987349600000016, -27.18358339923259], [-48.98810350000002, -27.184019499232587], [-48.98885130000002, -27.184486799232605], [-48.98975189999998, -27.18447649923263], [-48.99067320000001, -27.184435399232594], [-48.99126369999999, -27.185057199232617], [-48.99201799999996, -27.18550659923258], [-48.992678500000004, -27.186057499232565], [-48.99277239999998, -27.186858199232564], [-48.99277110000002, -27.187673899232536], [-48.993385299999986, -27.188291599232528], [-48.994181200000014, -27.188680099232524], [-48.994597000000006, -27.189406799232472], [-48.995148099999994, -27.1900677992325], [-48.9957268, -27.1906813992325], [-48.9955612, -27.191473199232483], [-48.99562919999999, -27.19226999923246], [-48.9963007, -27.19283749923243], [-48.99703249999998, -27.193307299232462], [-48.99755679999999, -27.193973699232437], [-48.99846179999997, -27.194131899232417], [-48.999285999999984, -27.193776699232412], [-49.00020849999998, -27.193854699232396], [-49.0009498, -27.194352299232406], [-49.00165420000001, -27.19487289923242], [-49.0023162, -27.195440299232366], [-49.00315519999997, -27.195727299232363], [-49.003216599999966, -27.19573059923238], [-49.00330680000002, -27.19653659923237], [-49.00341450000002, -27.197334299232377], [-49.00393419999999, -27.19802019923232], [-49.00466529999999, -27.198484899232312], [-49.0052321, -27.19913589923231], [-49.006005500000015, -27.1995835992323], [-49.006685699999984, -27.200117299232296], [-49.00718579999999, -27.200800099232268], [-49.00736239999997, -27.20158699923228], [-49.0072265, -27.202246799232277], [-49.007135800000015, -27.203063099232256], [-49.007225500000004, -27.203882099232214], [-49.007445399999995, -27.20467409923219], [-49.00776869999998, -27.20543029923219], [-49.00741829999998, -27.206177799232155], [-49.00741850000002, -27.207008599232164], [-49.007581099999975, -27.20781099923215], [-49.00760609999997, -27.20861649923214], [-49.00741770000002, -27.20941309923212], [-49.00704869999998, -27.210152599232124], [-49.00738869999998, -27.210914099232113], [-49.007645500000024, -27.211692199232107], [-49.00819289999998, -27.212351899232058], [-49.00874270000003, -27.213007699232055], [-49.009031400000026, -27.213790499232058], [-49.0092763, -27.21458409923203], [-49.009046300000016, -27.21536419923203], [-49.008598800000016, -27.216079199232023], [-49.00908509999999, -27.216757199232006], [-49.00968089999997, -27.217362799231964], [-49.01026719999998, -27.217976399231954], [-49.01036160000001, -27.218787899231934], [-49.01000820000002, -27.219548199231948], [-49.0099581, -27.220353899231927], [-49.01065290000002, -27.220881899231898], [-49.011259699999975, -27.221488099231884], [-49.01127459999997, -27.222288399231903], [-49.010806100000025, -27.222970499231845], [-49.01027399999998, -27.223629599231835], [-49.00991809999999, -27.22438359923186], [-49.01035910000002, -27.22508719923184], [-49.01022490000002, -27.225900499231837], [-49.00987479999997, -27.226655799231807], [-49.00954159999997, -27.227416099231807], [-49.00923139999997, -27.228167299231746], [-49.00874920000001, -27.228865799231745], [-49.008378, -27.229598899231725], [-49.00787430000002, -27.230280399231756], [-49.0073266, -27.230921099231704], [-49.00704719999998, -27.23170579923169], [-49.007448000000004, -27.232445599231696], [-49.00833010000003, -27.23261879923169], [-49.00922079999999, -27.23278909923167], [-49.00999280000002, -27.233229999231675], [-49.01090850000002, -27.233097099231674], [-49.01162959999999, -27.23360809923169], [-49.01236460000001, -27.23407059923165], [-49.012772299999995, -27.23479799923166], [-49.01281679999999, -27.235616299231626], [-49.012798599999996, -27.236434499231574], [-49.01316159999999, -27.2371854992316], [-49.013937899999966, -27.237598899231603], [-49.01464240000001, -27.23811949923156], [-49.015348500000016, -27.23863809923156], [-49.01614649999998, -27.23900899923156], [-49.01702360000001, -27.238754799231536], [-49.017946800000004, -27.238800899231553], [-49.01866940000002, -27.239281399231547], [-49.0194998, -27.239611099231528], [-49.02031570000002, -27.239965099231554], [-49.02107890000002, -27.24011319923154], [-49.021319100000035, -27.24089419923154], [-49.022063199999984, -27.241360899231537], [-49.022589100000005, -27.242039099231498], [-49.02288140000001, -27.242811099231467], [-49.02348169999999, -27.243433399231503], [-49.024073400000006, -27.24406379923146], [-49.023895100000004, -27.244867199231447], [-49.023272399999996, -27.24547779923144], [-49.02247419999998, -27.245845599231426], [-49.02209049999999, -27.246596599231392], [-49.02166260000001, -27.24730639923143], [-49.02149830000002, -27.24810659923141], [-49.020883599999976, -27.248717399231346], [-49.02037230000001, -27.249382299231357], [-49.02022679999999, -27.250172799231326], [-49.0202294, -27.250995699231307], [-49.02062250000001, -27.25172689923131], [-49.02060460000001, -27.252545899231283], [-49.02040670000003, -27.253338899231302], [-49.0199827, -27.254050799231297], [-49.0197038, -27.254818399231244], [-49.01925929999998, -27.255517299231265], [-49.019256299999995, -27.25592509923124], [-49.01954319999998, -27.256043399231245], [-49.02027279999999, -27.256541799231208], [-49.02095530000002, -27.257064199231216], [-49.02185919999999, -27.257183299231226], [-49.02244089999999, -27.257792299231223], [-49.0228644, -27.258508899231163], [-49.02361020000001, -27.25897809923116], [-49.0244288, -27.259347599231194], [-49.025247999999976, -27.259708299231164], [-49.02572379999997, -27.260404799231157], [-49.02614899999997, -27.261110899231145], [-49.02628720000002, -27.2619121992311], [-49.02658029999997, -27.26267959923112], [-49.027127000000014, -27.26334589923109], [-49.0279825, -27.263626699231057], [-49.028235800000004, -27.264406499231075], [-49.027755300000024, -27.26508409923108], [-49.027930399999995, -27.265083999231074], [-49.0285978, -27.265631199231034], [-49.0292286, -27.26622039923105], [-49.0297569, -27.266892399231057], [-49.03054819999999, -27.267308899231015], [-49.0314674, -27.267248099231033], [-49.032208000000026, -27.267714699231018], [-49.032896300000004, -27.268227799230974], [-49.03342070000002, -27.268890099231008], [-49.0340989, -27.269423899230972], [-49.03496139999998, -27.26971099923094], [-49.03572780000002, -27.270142899230958], [-49.03635700000001, -27.27072659923096], [-49.03667539999998, -27.271497899230926], [-49.037315799999995, -27.27209179923092], [-49.038155099999976, -27.27177039923091], [-49.03872660000001, -27.27113649923096], [-49.03951349999999, -27.27155459923094], [-49.04043280000002, -27.271612199230923], [-49.0412682, -27.271942099230913], [-49.04201189999998, -27.27148769923096], [-49.04289799999997, -27.271294299230966], [-49.04373750000002, -27.271006199230936], [-49.0446276, -27.270851099230967], [-49.0454853, -27.270598099230927], [-49.04638970000001, -27.270516199230933], [-49.047189, -27.27013349923095], [-49.04804410000002, -27.269847599230957], [-49.04893529999998, -27.269714599230973], [-49.0498308, -27.26990659923098], [-49.05020589999998, -27.27063939923095], [-49.0504333, -27.271419999230904], [-49.05121200000002, -27.271819999230917], [-49.05205189999997, -27.272155799230937], [-49.052932199999994, -27.272396099230914], [-49.05376130000002, -27.272727099230917], [-49.054604900000015, -27.273009399230897], [-49.05551630000002, -27.272888299230885], [-49.056302699999996, -27.27327759923089], [-49.0571853, -27.273513899230924], [-49.0580913, -27.273557199230925], [-49.0589923, -27.2734774992309], [-49.059863, -27.273228299230936], [-49.06073459999999, -27.27297059923093], [-49.061576899999984, -27.273251999230926], [-49.06241540000002, -27.2735595992309], [-49.062406099999976, -27.274141799230883], [-49.062279100000005, -27.2749407992309], [-49.062754199999965, -27.27517929923086], [-49.063628699999974, -27.275394899230854], [-49.06449509999998, -27.27562479923087], [-49.065315, -27.27524949923083], [-49.0660418, -27.27572969923085], [-49.06655449999999, -27.276405499230865], [-49.06697939999998, -27.277117099230832], [-49.06733520000001, -27.27786349923084], [-49.06755309999999, -27.278653499230813], [-49.06791709999998, -27.2794093992308], [-49.0687696, -27.279668199230784], [-49.06966829999999, -27.27968199923076], [-49.07056770000002, -27.279656099230788], [-49.0714676, -27.279645899230772], [-49.071963400000016, -27.278977699230772], [-49.07284040000002, -27.27879639923077], [-49.0736359, -27.278389899230795], [-49.07350289999999, -27.277595799230784], [-49.07347440000001, -27.27677649923082], [-49.073837000000026, -27.27603159923085], [-49.073563299999996, -27.27524449923085], [-49.07314439999998, -27.274534999230895], [-49.07310380000002, -27.27373039923087], [-49.07355619999998, -27.27302779923094], [-49.07385249999997, -27.272273099230937], [-49.07414610000001, -27.27151689923095], [-49.074738700000005, -27.27089819923094], [-49.075159299999996, -27.271205199230938], [-49.0759064, -27.27166239923097], [-49.07654630000002, -27.272228299230935], [-49.077181399999965, -27.27281609923092], [-49.07805780000002, -27.27305969923089], [-49.078798000000006, -27.27351709923089], [-49.07954779999999, -27.273963099230894], [-49.0802916, -27.27442709923092], [-49.08101060000001, -27.274908799230882], [-49.0817285, -27.275407999230886], [-49.082572299999974, -27.275707799230876], [-49.08346929999998, -27.275821799230872], [-49.08418899999998, -27.275341599230845], [-49.085100300000015, -27.275490599230874], [-49.08593139999999, -27.27582159923083], [-49.086437900000014, -27.276494499230854], [-49.0873027, -27.27676419923085], [-49.08812979999999, -27.277104899230814], [-49.08900449999999, -27.27734669923084], [-49.089793199999974, -27.276933699230806], [-49.09069599999997, -27.27692919923082], [-49.09159490000002, -27.27676649923084], [-49.0925125, -27.276820399230857], [-49.09337140000003, -27.276570999230827], [-49.09415519999998, -27.276141999230838], [-49.094939000000004, -27.276542099230824], [-49.095830400000004, -27.276673699230837], [-49.09655040000002, -27.277182599230834], [-49.09721930000001, -27.27771919923081], [-49.09743049999997, -27.27780019923082], [-49.09829039999998, -27.277548899230826], [-49.0991123, -27.27721899923083], [-49.10003549999999, -27.277217599230802], [-49.1008524, -27.276828199230845], [-49.10145160000002, -27.276217899230865], [-49.10228289999998, -27.275906699230855], [-49.10316829999999, -27.275717899230877], [-49.1039791, -27.276088999230875], [-49.10470129999998, -27.276564899230834], [-49.105587800000016, -27.27671039923084], [-49.106309599999975, -27.27621219923084], [-49.10719460000001, -27.276048799230864], [-49.10779250000001, -27.276657699230817], [-49.1078774, -27.277457899230832], [-49.1083888, -27.27812849923079], [-49.10847, -27.278937099230813], [-49.10898159999999, -27.27959349923075], [-49.10969089999997, -27.280097099230748], [-49.1105865, -27.280176199230812], [-49.111460799999975, -27.279896799230794], [-49.112281999999986, -27.2795379992308], [-49.11320560000002, -27.279538099230805], [-49.1140694, -27.2792968992308], [-49.1148766, -27.278942599230795], [-49.115677199999986, -27.278532499230792], [-49.116575700000006, -27.278496099230775], [-49.11734969999997, -27.278901499230802], [-49.1182685, -27.278940599230808], [-49.11897599999996, -27.278433699230806], [-49.11913779999997, -27.27764389923081], [-49.11981120000001, -27.277101099230816], [-49.12064220000002, -27.27674629923085], [-49.1215151, -27.27647009923082], [-49.12217859999998, -27.27591159923083], [-49.12307609999999, -27.275844099230827], [-49.12340280000001, -27.276614899230886], [-49.123655799999995, -27.2774061992308], [-49.12453699999997, -27.27762569923081], [-49.1251216, -27.278236399230835], [-49.1254404, -27.279003099230817], [-49.125805000000014, -27.279733599230777], [-49.12606649999998, -27.28050439923076], [-49.12631859999999, -27.28127249923076], [-49.12655590000002, -27.28206919923075], [-49.12715259999998, -27.282673799230725], [-49.12805049999998, -27.28263319923074], [-49.128806699999984, -27.282193399230714], [-49.129504000000004, -27.281682499230723], [-49.13012470000001, -27.282275999230766], [-49.13101760000001, -27.282161799230717], [-49.13130719999997, -27.28138999923073], [-49.13102570000001, -27.280618299230788], [-49.13171649999998, -27.280083799230773], [-49.13164490000002, -27.28002849923078], [-49.131364299999966, -27.279253599230806], [-49.13103109999997, -27.278487199230785], [-49.13066550000003, -27.27775119923083], [-49.13048980000002, -27.27694109923083], [-49.1308859, -27.276207799230857], [-49.13151420000002, -27.275600299230856], [-49.132412999999985, -27.275761199230832], [-49.13326260000002, -27.27549049923084], [-49.13310899999999, -27.274703299230886], [-49.13343329999997, -27.27393349923088], [-49.1339393, -27.27325279923093], [-49.133963999999985, -27.272451899230944], [-49.13424809999998, -27.271694399230945], [-49.13443990000002, -27.27091169923095], [-49.134099100000014, -27.270160499230943], [-49.13382610000003, -27.269389699230956], [-49.133667, -27.26859229923101], [-49.133864399999986, -27.26780249923102], [-49.13376909999999, -27.26699979923104], [-49.13315340000002, -27.26640229923102], [-49.13260000000002, -27.26574949923108], [-49.13203720000002, -27.265100499231075], [-49.13178510000001, -27.264323499231068], [-49.1313066, -27.263646199231076], [-49.131297899999986, -27.262824199231122], [-49.1309069, -27.262102199231123], [-49.13028159999999, -27.26152139923112], [-49.12976120000002, -27.26084869923113], [-49.1301752, -27.260172499231164], [-49.130886299999986, -27.259677799231174], [-49.131546800000024, -27.259131599231168], [-49.13207779999998, -27.25846719923117], [-49.13235300000002, -27.257698399231177], [-49.13293179999999, -27.257080799231204], [-49.13372670000002, -27.256685299231233], [-49.134411, -27.256130699231264], [-49.135046999999986, -27.25556309923126], [-49.13575320000001, -27.25505719923126], [-49.13658349999997, -27.25472659923129], [-49.13684239999997, -27.253946599231288], [-49.13752770000002, -27.253416399231277], [-49.13791800000001, -27.2526744992313], [-49.13875550000001, -27.252370499231287], [-49.13941369999997, -27.251793299231302], [-49.14002449999998, -27.251200199231345], [-49.140407400000015, -27.250472999231334], [-49.13955909999998, -27.250197599231313], [-49.13905890000001, -27.249517199231377], [-49.138821399999976, -27.24873669923138], [-49.13847420000002, -27.24799519923138], [-49.138291400000014, -27.247194899231417], [-49.13773040000002, -27.246558699231397], [-49.137301700000016, -27.245829499231444], [-49.13746809999997, -27.245033399231463], [-49.13766820000001, -27.24423939923147], [-49.137611199999974, -27.243423099231446], [-49.1377076, -27.24262529923147], [-49.136938300000004, -27.242212899231525], [-49.13604149999997, -27.242023799231536], [-49.13550739999998, -27.241377599231527], [-49.1348681, -27.240796999231513], [-49.1342439, -27.24021329923154], [-49.13393639999998, -27.239437999231562], [-49.13421759999999, -27.238657799231554], [-49.13369410000001, -27.238413099231572], [-49.13276960000002, -27.238434199231538], [-49.132026199999984, -27.23798149923155], [-49.131760099999994, -27.2371937992316], [-49.13188830000002, -27.236384499231583], [-49.13245549999999, -27.235758899231623], [-49.13290439999997, -27.235051699231626], [-49.133478500000024, -27.23441729923167], [-49.13322849999997, -27.233644399231668], [-49.13261369999998, -27.23305839923167], [-49.13199059999999, -27.232451799231665], [-49.132588399999975, -27.231845899231693], [-49.132663900000004, -27.231048599231713], [-49.1328775, -27.230259299231715], [-49.1328201, -27.229437299231716], [-49.133427100000006, -27.228824499231724], [-49.134164, -27.22835469923178], [-49.134899700000005, -27.227880599231778], [-49.13544719999999, -27.227833799231746], [-49.136276399999986, -27.22751049923178], [-49.13620609999998, -27.226708899231806], [-49.1364337, -27.225931699231786], [-49.137331599999975, -27.22589009923182], [-49.1382329, -27.2259374992318], [-49.1391337, -27.2260626992318], [-49.14002670000002, -27.225913999231807], [-49.14057409999999, -27.22524809923181], [-49.141118100000035, -27.224595199231846], [-49.14168139999998, -27.223957699231875], [-49.142414299999984, -27.223480999231864], [-49.143097300000015, -27.22291769923185], [-49.1436415, -27.222258799231906], [-49.14387749999997, -27.22147919923186], [-49.14466850000003, -27.221094399231937], [-49.14541639999999, -27.220643999231914], [-49.14612190000002, -27.220130199231953], [-49.14702799999998, -27.21997609923193], [-49.147891200000004, -27.220246499231884], [-49.148398799999995, -27.21957159923191], [-49.14886519999998, -27.21886759923195], [-49.14880529999999, -27.218062099231954], [-49.14878570000001, -27.217248699231995], [-49.14921070000001, -27.216525099231998], [-49.149386600000014, -27.215727199232013], [-49.149587499999996, -27.214934599232013], [-49.14996209999998, -27.214205499232026], [-49.15045279999998, -27.213531199232023], [-49.15061669999999, -27.212729299232052], [-49.15102589999997, -27.21200179923207], [-49.151177700000005, -27.2112054992321], [-49.15131509999996, -27.210409699232123], [-49.1513705, -27.209593299232107], [-49.15175240000003, -27.20886499923215], [-49.1517789, -27.208047699232168], [-49.15231199999998, -27.207389999232127], [-49.15250859999997, -27.206602499232147], [-49.152628400000026, -27.205808099232204], [-49.153111500000016, -27.206507199232167], [-49.15395289999997, -27.20618999923218], [-49.15436849999997, -27.20549539923222], [-49.155107199999975, -27.20502039923223], [-49.155737699999975, -27.20442789923219], [-49.15642619999999, -27.20389199923223], [-49.15724419999998, -27.20355389923222], [-49.15796729999999, -27.203064599232242], [-49.15800560000002, -27.202263099232248], [-49.15806830000002, -27.201450899232263], [-49.15790770000001, -27.200653699232276], [-49.15729529999999, -27.20005119923231], [-49.15673909999998, -27.19942069923234], [-49.156115600000014, -27.19883289923234], [-49.15546569999998, -27.198266999232334], [-49.15484570000001, -27.197684599232367], [-49.15475679999997, -27.196884999232374], [-49.15441629999998, -27.19612809923239], [-49.154323999999974, -27.195331899232375], [-49.154652, -27.194584799232373], [-49.15427169999998, -27.193853299232426], [-49.15445290000002, -27.19305639923244], [-49.1551083, -27.19248769923247], [-49.15587510000001, -27.192917999232463], [-49.156783299999965, -27.19301499923244], [-49.15726360000002, -27.192336399232435], [-49.15773869999998, -27.191649799232454], [-49.15831370000001, -27.191030799232497], [-49.1587925, -27.190329999232514], [-49.159329000000014, -27.189661299232526], [-49.16019729999999, -27.18945529923253], [-49.16051049999998, -27.188688599232506], [-49.1613984, -27.1885411992325], [-49.16229109999999, -27.188680899232523], [-49.1626764, -27.187946999232548], [-49.163092999999996, -27.187227699232544], [-49.16356330000002, -27.187143699232532], [-49.164368700000004, -27.187545199232538], [-49.16528419999997, -27.18748709923254], [-49.16619759999997, -27.187448599232535], [-49.166632499999984, -27.186731399232553], [-49.167296000000015, -27.18619199923257], [-49.16810950000001, -27.18585289923256], [-49.168851399999994, -27.185399999232608], [-49.16949219999997, -27.184829699232615], [-49.170401599999984, -27.184823099232617], [-49.1711548, -27.184370899232597], [-49.171926100000015, -27.18395909923259], [-49.1728443, -27.1839029992326], [-49.17373370000002, -27.183725599232613], [-49.174613000000015, -27.18355129923261], [-49.17546170000003, -27.183269499232605], [-49.175745899999974, -27.182509799232616], [-49.17586699999998, -27.181697699232636], [-49.17632570000001, -27.180997799232674], [-49.17712139999997, -27.181369599232642], [-49.17747389999999, -27.182123299232654], [-49.1782966, -27.18245329923266], [-49.17909020000001, -27.18206899923266], [-49.179940199999976, -27.181763399232675], [-49.18069109999998, -27.181316199232693], [-49.18086160000001, -27.181077399232656], [-49.18145199999997, -27.180446899232678], [-49.181952200000005, -27.17978169923266], [-49.18202739999998, -27.178966599232734], [-49.18255549999997, -27.178314899232692], [-49.182280299999995, -27.177791899232712], [-49.182012499999985, -27.177027999232752], [-49.18209860000002, -27.176228299232754], [-49.18247029999998, -27.17548689923278], [-49.1829308, -27.174779299232807], [-49.18349970000003, -27.17412839923277], [-49.18338510000001, -27.173324499232788], [-49.18355079999998, -27.172514399232846], [-49.18387330000001, -27.17173909923287], [-49.184516799999976, -27.171164999232825], [-49.185318100000025, -27.170800299232862], [-49.185633800000005, -27.170040799232858], [-49.18614789999997, -27.16935669923287], [-49.18616930000001, -27.16934949923292], [-49.18706070000001, -27.169163499232933], [-49.187816699999985, -27.16870279923291], [-49.18856469999997, -27.168233199232898], [-49.18935420000002, -27.16783619923292], [-49.19002829999999, -27.167303399232924], [-49.19074069999998, -27.16681029923296], [-49.19150139999999, -27.16698589923292], [-49.19211239999998, -27.1675857992329], [-49.19301489999998, -27.16753729923291], [-49.193618000000015, -27.16694029923296], [-49.1938816, -27.16616859923296], [-49.1940945, -27.165389099233], [-49.19493510000001, -27.16507939923301], [-49.195848000000005, -27.165099499232976], [-49.1964815, -27.164531499232993], [-49.19664260000002, -27.16374429923303], [-49.19755620000001, -27.16363859923301], [-49.198352899999975, -27.163249199232997], [-49.198778199999985, -27.16252419923303], [-49.199459900000015, -27.162001599233022], [-49.200062800000005, -27.161389199233025], [-49.19939160000001, -27.160836099233038], [-49.19924420000001, -27.160037599233092], [-49.1989426, -27.159718399233057], [-49.19823489999998, -27.159224599233102], [-49.197349900000006, -27.159005499233086], [-49.19656120000002, -27.158621099233102], [-49.19592419999997, -27.158036899233128], [-49.19531130000002, -27.157428699233147], [-49.19489179999999, -27.15669119923314], [-49.19404550000002, -27.156374199233156], [-49.193361799999984, -27.155821499233177], [-49.19269989999998, -27.155278299233185], [-49.191945700000026, -27.154835099233186], [-49.19174290000001, -27.154041499233188], [-49.19239320000002, -27.153481699233186], [-49.1926282, -27.1527067992332], [-49.19257320000003, -27.151891499233205], [-49.19239099999998, -27.151095999233238], [-49.192379800000026, -27.150281299233274], [-49.19161090000001, -27.149848099233253], [-49.19071730000002, -27.14964899923329], [-49.19052190000003, -27.1488538992333], [-49.190679499999995, -27.148056599233325], [-49.191037100000024, -27.147309499233327], [-49.19137719999998, -27.146545899233317], [-49.191987299999994, -27.145931499233363], [-49.19257529999999, -27.145301499233373], [-49.193329699999985, -27.144858099233385], [-49.193483000000015, -27.144061399233365], [-49.19287209999998, -27.14344639923341], [-49.192870200000016, -27.142638799233385], [-49.19362410000002, -27.142171599233393], [-49.193612400000006, -27.142140699233455], [-49.193064499999984, -27.141500599233407], [-49.19302069999998, -27.140696299233444], [-49.19289170000001, -27.13988659923347], [-49.1927187, -27.139097099233492], [-49.1920156, -27.13856249923347], [-49.19132059999997, -27.139089999233494], [-49.190876, -27.139797699233437], [-49.18996129999998, -27.139878199233458], [-49.18907789999997, -27.13966139923348], [-49.18818529999998, -27.13953619923348], [-49.18743999999998, -27.14000779923344], [-49.18660410000001, -27.140343099233448], [-49.1856932, -27.140480999233468], [-49.184772, -27.14047029923345], [-49.184294599999994, -27.13976289923345], [-49.18371469999999, -27.139128299233455], [-49.1835259, -27.138333399233513], [-49.182826299999995, -27.137831399233487], [-49.181914399999975, -27.137704299233498], [-49.1812989, -27.137091999233512], [-49.180416900000004, -27.13727059923353], [-49.179796899999985, -27.13668069923352], [-49.179421400000024, -27.135944399233573], [-49.178958200000004, -27.135240499233557], [-49.17805429999998, -27.13535789923352], [-49.17717549999996, -27.13558399923354], [-49.17639780000001, -27.13518059923357], [-49.1751504, -27.13500269923353], [-49.17444440000003, -27.13448369923354], [-49.17381599999999, -27.133899899233583], [-49.17293530000001, -27.1337223992336], [-49.172110799999984, -27.133381599233594], [-49.17152170000002, -27.132750699233576], [-49.170856, -27.132201199233602], [-49.17008070000002, -27.131764999233578], [-49.16944439999996, -27.13117269923361], [-49.16881599999999, -27.130566199233606], [-49.1679143, -27.130594799233613], [-49.167154700000026, -27.13016239923366], [-49.16654039999996, -27.129551299233665], [-49.16583129999998, -27.12902339923366], [-49.165249700000004, -27.128411199233692], [-49.16511159999998, -27.127595499233685], [-49.16439090000001, -27.127446099233683], [-49.163804200000015, -27.126804499233703], [-49.163227500000005, -27.126182699233734], [-49.16251140000003, -27.12568539923374], [-49.16169609999998, -27.12531599923373], [-49.161093100000016, -27.12470789923374], [-49.1611363, -27.12388839923377], [-49.161181100000015, -27.12306849923376], [-49.16155309999999, -27.122328999233787], [-49.16156769999998, -27.121508699233807], [-49.16145619999998, -27.120704799233838], [-49.1616444, -27.120641599233828], [-49.16233620000002, -27.120092699233837], [-49.16216309999998, -27.119291699233873], [-49.162098, -27.118489399233855], [-49.16246430000001, -27.11775549923387], [-49.163198599999994, -27.117276299233918], [-49.163044500000005, -27.116466599233934], [-49.162686699999995, -27.115723799233926], [-49.162888599999974, -27.114930799233978], [-49.163236299999994, -27.11418569923396], [-49.16325210000003, -27.113373899233952], [-49.16371450000002, -27.112685599234005], [-49.16338589999998, -27.11193679923401], [-49.162808900000016, -27.111307999234008], [-49.162287699999965, -27.110656199234022], [-49.162401100000004, -27.109861699234052], [-49.16315939999998, -27.109404799234042], [-49.1638471, -27.108874799234083], [-49.164479099999994, -27.108285499234075], [-49.16477559999997, -27.10752559923406], [-49.1654534, -27.10699299923407], [-49.165560500000026, -27.10618449923409], [-49.16607260000001, -27.10550209923414], [-49.16636039999997, -27.104721399234148], [-49.16664559999998, -27.10396149923417], [-49.16726110000001, -27.103357699234166], [-49.16817980000002, -27.10341469923413], [-49.16905530000003, -27.103224199234162], [-49.16979079999998, -27.10274749923418], [-49.170679, -27.102626999234154], [-49.171595500000016, -27.102722599234156], [-49.17245550000001, -27.10244419923416], [-49.1728443, -27.101717299234206], [-49.173698800000004, -27.10146309923418], [-49.1745558, -27.101197599234183], [-49.17544759999999, -27.100993599234183], [-49.175116600000024, -27.100249999234236], [-49.174549800000015, -27.099611299234233], [-49.17402770000001, -27.098942299234217], [-49.17402499999997, -27.098127399234265], [-49.17407070000001, -27.097318399234275], [-49.17442190000002, -27.096557299234277], [-49.17514790000001, -27.096059999234328], [-49.17599840000002, -27.095782599234308], [-49.17635309999997, -27.096143599234306], [-49.17704589999999, -27.096667799234258], [-49.177755199999986, -27.09719319923428], [-49.17865310000002, -27.097242199234266], [-49.17935949999997, -27.097739799234272], [-49.179773000000004, -27.098455799234273], [-49.1806717, -27.098646099234248], [-49.18134199999998, -27.099183299234234], [-49.18191, -27.099816899234234], [-49.1826279, -27.10032649923423], [-49.18342230000002, -27.100725099234175], [-49.184251300000014, -27.101074299234188], [-49.1849386, -27.101591299234183], [-49.185626099999965, -27.10103959923419], [-49.18654329999998, -27.101115099234224], [-49.187393199999974, -27.100820599234222], [-49.18805709999998, -27.10137279923419], [-49.188950499999976, -27.1012385992342], [-49.1898013, -27.100977799234215], [-49.19062689999999, -27.101295899234227], [-49.191270700000025, -27.100730799234228], [-49.19172939999999, -27.100039699234255], [-49.192303299999985, -27.09941999923425], [-49.192921999999996, -27.098818199234238], [-49.1935884, -27.098272599234225], [-49.1943455, -27.0977901992343], [-49.19503320000002, -27.097257599234254], [-49.19592949999998, -27.097376599234295], [-49.19677469999999, -27.097657399234272], [-49.19761269999998, -27.09798349923425], [-49.19838600000002, -27.098406799234283], [-49.199121299999995, -27.09887009923425], [-49.1996747, -27.099518099234242], [-49.20004740000001, -27.100261199234204], [-49.20064309999998, -27.099643599234224], [-49.201425400000005, -27.099220099234262], [-49.20142650000002, -27.099073299234234], [-49.201895099999994, -27.09838549923426], [-49.20180670000002, -27.09757369923426], [-49.20170439999998, -27.096773499234278], [-49.2016294, -27.095966499234272], [-49.20138930000001, -27.095176199234345], [-49.20049239999997, -27.095314599234307], [-49.1996838, -27.094941899234293], [-49.199415400000014, -27.094148899234334], [-49.199268200000006, -27.09334969923434], [-49.1994009, -27.09255099923438], [-49.19950110000001, -27.09174689923436], [-49.199543600000034, -27.090936799234424], [-49.199028000000006, -27.09026059923443], [-49.198341700000014, -27.089738799234446], [-49.198291999999974, -27.088933299234444], [-49.19893469999999, -27.08835659923445], [-49.19908579999997, -27.087562799234462], [-49.19881809999997, -27.086774099234496], [-49.19902100000001, -27.08597199923452], [-49.19889749999998, -27.085174999234514], [-49.19858019999998, -27.084421099234508], [-49.197810800000006, -27.08399249923455], [-49.1970799, -27.083515299234534], [-49.1968157, -27.082747999234524], [-49.19704389999998, -27.081967099234564], [-49.1963758, -27.0814057992346], [-49.196000200000015, -27.080668699234582], [-49.195524299999995, -27.07997639923464], [-49.195699699999984, -27.07917939923462], [-49.19598500000001, -27.078400299234644], [-49.1963604, -27.077664399234664], [-49.196242199999965, -27.076856099234647], [-49.195703099999996, -27.07621509923469], [-49.19513660000001, -27.0755814992347], [-49.19468360000002, -27.07486789923471], [-49.19453309999999, -27.074057199234765], [-49.19500900000002, -27.073378699234706], [-49.19585180000002, -27.073063299234743], [-49.19650599999999, -27.072503499234752], [-49.19629159999999, -27.071714299234774], [-49.19588729999998, -27.070984699234774], [-49.19596360000002, -27.07017199923482], [-49.196055600000015, -27.069814999234804], [-49.19642820000001, -27.069066399234814], [-49.196597300000015, -27.06827989923483], [-49.19673749999998, -27.067484799234837], [-49.19699960000003, -27.066719399234877], [-49.19753559999998, -27.066052799234903], [-49.19825220000001, -27.0655486992349], [-49.19875300000001, -27.06487429923488], [-49.19950579999998, -27.06440219923492], [-49.20037100000002, -27.064163999234914], [-49.2012323, -27.063909699234934], [-49.20203170000001, -27.06351699923494], [-49.2023436, -27.062831199234957], [-49.2027309, -27.06210359923495], [-49.203194199999984, -27.061409399234982], [-49.20409979999999, -27.061322899234955], [-49.20449769999999, -27.060580899234974], [-49.20462850000001, -27.059784999234978], [-49.20386860000002, -27.059327999235016], [-49.203491199999974, -27.058571299235005], [-49.20372149999997, -27.05779019923503], [-49.20367620000002, -27.056990599235064], [-49.203955399999984, -27.056225599235074], [-49.204779099999996, -27.05590119923508], [-49.205652799999996, -27.055658099235096], [-49.2059807, -27.054899799235073], [-49.20651159999999, -27.054233399235113], [-49.20735769999998, -27.05393579923507], [-49.207887400000004, -27.05326919923511], [-49.208525099999974, -27.05268639923518], [-49.209389600000016, -27.052421399235175], [-49.21016229999997, -27.051984299235166], [-49.210699499999976, -27.05132689923515], [-49.21129319999999, -27.0507116992352], [-49.211981700000024, -27.05066579923516], [-49.212704599999995, -27.05118209923517], [-49.213563299999976, -27.051418799235197], [-49.21435680000002, -27.051021399235193], [-49.214856499999996, -27.05033339923518], [-49.21501569999998, -27.04954399923523], [-49.21558939999999, -27.048924699235197], [-49.2162103, -27.048331899235208], [-49.216514099999976, -27.047578699235203], [-49.217030000000015, -27.04692199923525], [-49.21701050000001, -27.04611809923525], [-49.21721400000001, -27.045331299235265], [-49.2174162, -27.044527399235292], [-49.21763349999998, -27.043741799235328], [-49.216893200000015, -27.043273799235322], [-49.217343099999994, -27.042575699235318], [-49.218116399999985, -27.042141899235332], [-49.218854299999975, -27.04165729923535], [-49.21914170000002, -27.04087299923533], [-49.219067100000025, -27.0400553992354], [-49.21924489999998, -27.039251199235416], [-49.219464899999984, -27.03846439923543], [-49.21943599999997, -27.037659999235427], [-49.219642000000015, -27.03687839923541], [-49.22001219999997, -27.036146699235474], [-49.220139899999985, -27.035347599235475], [-49.21969639999997, -27.03462939923546], [-49.21992069999998, -27.033843299235514], [-49.219801899999986, -27.03303449923551], [-49.21973830000002, -27.03223389923552], [-49.218938700000024, -27.031819299235533], [-49.21812049999999, -27.031446299235576], [-49.21799199999998, -27.030641199235575], [-49.21758110000001, -27.029904099235587], [-49.21739839999997, -27.029118199235608], [-49.217425799999994, -27.02831239923562], [-49.217797099999984, -27.027568199235642], [-49.21793439999999, -27.026758499235665], [-49.21783090000002, -27.02596349923564], [-49.21720770000002, -27.025363999235694], [-49.21693859999999, -27.024574399235686], [-49.2168027, -27.023764199235707], [-49.21672419999999, -27.022966899235673], [-49.21717339999998, -27.022256399235726], [-49.21766430000002, -27.021567799235743], [-49.2184163, -27.02112039923572], [-49.21882940000001, -27.020403299235756], [-49.21936779999998, -27.01975769923579], [-49.2202386, -27.019539199235766], [-49.2209775, -27.01906239923577], [-49.22097120000001, -27.018249999235817], [-49.220460600000024, -27.01758889923584], [-49.219886799999976, -27.01697059923581], [-49.21927970000001, -27.01636319923584], [-49.219049900000016, -27.015586099235872], [-49.2188178, -27.014788099235854], [-49.21868269999999, -27.01399379923587], [-49.2184532, -27.013213699235887], [-49.218636300000014, -27.013081599235917], [-49.21931590000002, -27.012554299235887], [-49.21998209999998, -27.01198389923595], [-49.22041689999996, -27.011278199235928], [-49.2207803, -27.010538699235926], [-49.221115, -27.009792699235945], [-49.221204500000006, -27.008991599235976], [-49.221021899999975, -27.00819089923598], [-49.22153980000002, -27.00753399923603], [-49.221497399999976, -27.00672499923605], [-49.22209700000002, -27.006117099236008], [-49.22248680000001, -27.00538539923609], [-49.22253499999999, -27.004557299236062], [-49.22316890000002, -27.003977099236067], [-49.224039300000015, -27.0037587992361], [-49.224861299999986, -27.003431999236064], [-49.22530219999998, -27.002722899236083], [-49.22547550000001, -27.001922999236093], [-49.22634510000001, -27.001693099236128], [-49.22724570000002, -27.001829399236147], [-49.22781809999998, -27.00119709923615], [-49.228354700000004, -27.000551599236136], [-49.22926219999999, -27.000591899236156], [-49.230042500000025, -27.00100449923616], [-49.230766800000026, -27.00150179923615], [-49.231642799999975, -27.001739599236135], [-49.23254359999999, -27.00169349923611], [-49.232907599999976, -27.001256599236104], [-49.23341399999998, -27.000582399236137], [-49.23387079999996, -26.999869699236132], [-49.23350019999998, -26.999112199236183], [-49.23268730000001, -26.9987620992362], [-49.2321829, -26.9980748992362], [-49.23233440000002, -26.997283799236186], [-49.23282679999999, -26.9966142992362], [-49.23329690000003, -26.99591519923624], [-49.23327999999998, -26.995110799236272], [-49.23287640000001, -26.994384399236274], [-49.232461100000016, -26.993667899236257], [-49.2327272, -26.992892099236308], [-49.2325844, -26.99274709923628], [-49.23197249999998, -26.992156399236308], [-49.23161249999998, -26.99142079923634], [-49.23078459999999, -26.99106309923634], [-49.22986839999998, -26.991083199236325], [-49.22896919999999, -26.991055999236345], [-49.228804500000024, -26.99025859923635], [-49.22854430000001, -26.989472499236342], [-49.228253999999986, -26.98871019923638], [-49.227349999999994, -26.988659299236364], [-49.226625000000006, -26.98816509923639], [-49.22636560000001, -26.98738019923642], [-49.22569850000002, -26.98683559923641], [-49.22561639999998, -26.986032899236427], [-49.22527609999998, -26.985281199236415], [-49.22520220000002, -26.984474499236434], [-49.225062400000006, -26.98366209923648], [-49.224962600000026, -26.983531899236485], [-49.224848699999995, -26.98272469923649], [-49.224637799999975, -26.98192339923654], [-49.2238964, -26.981453599236524], [-49.22299679999998, -26.98136979923649], [-49.222494299999994, -26.980697899236528], [-49.22190719999996, -26.980070999236556], [-49.22117229999997, -26.980535299236514], [-49.22027769999999, -26.980634299236552], [-49.2193747, -26.980467699236556], [-49.218578599999994, -26.980086899236547], [-49.218058799999994, -26.979416399236555], [-49.2176402, -26.97868929923655], [-49.216932499999984, -26.978183399236567], [-49.2160265, -26.978059399236596], [-49.21565550000002, -26.977325899236593], [-49.21477199999998, -26.977531299236595], [-49.21396520000001, -26.977909999236598], [-49.213278300000006, -26.97843509923658], [-49.21280480000002, -26.979124899236545], [-49.212171599999984, -26.97971219923654], [-49.21155700000002, -26.97912349923658], [-49.21071360000001, -26.978838999236547], [-49.20984220000002, -26.978595899236588], [-49.208941900000006, -26.978624899236582], [-49.20820919999999, -26.979110899236588], [-49.207311899999986, -26.97897979923656], [-49.2066701, -26.97841379923657], [-49.20592329999999, -26.977964699236562], [-49.20598949999998, -26.977377399236616], [-49.20631969999999, -26.976617999236588], [-49.20576670000003, -26.975958799236636], [-49.20602450000001, -26.97518539923663], [-49.20665760000003, -26.97461419923667], [-49.2070389, -26.974252899236667], [-49.20747479999999, -26.973542499236686], [-49.2082181, -26.97307039923667], [-49.20855119999998, -26.972313799236694], [-49.2090993, -26.971678699236676], [-49.20943039999997, -26.97092169923674], [-49.20996789999998, -26.970275699236726], [-49.210341599999985, -26.969530499236765], [-49.2106164, -26.96875249923675], [-49.21149179999997, -26.968560199236766], [-49.21240590000002, -26.96852189923675], [-49.212814499999986, -26.9677896992368], [-49.21343969999998, -26.967212399236786], [-49.2137715, -26.966454399236778], [-49.21409349999998, -26.96568879923683], [-49.214477199999976, -26.96494109923681], [-49.21496209999997, -26.964242899236822], [-49.21513079999998, -26.963451699236863], [-49.21587699999997, -26.962985999236878], [-49.21676660000003, -26.96285919923688], [-49.21768129999998, -26.962800799236902], [-49.218535700000004, -26.962512999236893], [-49.219003999999984, -26.9618207992369], [-49.218829299999975, -26.96122809923693], [-49.218816000000004, -26.96041419923692], [-49.219013200000006, -26.959615099236935], [-49.2190837, -26.958811099236936], [-49.21958160000002, -26.95814169923696], [-49.22032599999999, -26.957665799236963], [-49.220747099999976, -26.956958299236984], [-49.22115559999998, -26.956221099237005], [-49.221527099999996, -26.955487899236996], [-49.22223150000002, -26.954969999237033], [-49.22284289999999, -26.954364399237], [-49.22287169999998, -26.953547799237075], [-49.22216529999997, -26.95304039923709], [-49.22134249999999, -26.952694399237064], [-49.22067950000001, -26.95213399923709], [-49.22001369999998, -26.951573899237122], [-49.22023159999997, -26.951303899237118], [-49.22070220000001, -26.950616699237123], [-49.22096609999999, -26.949826699237146], [-49.2215739, -26.949226699237144], [-49.22171270000001, -26.94840909923716], [-49.22184959999998, -26.94761019923716], [-49.22175479999999, -26.94753209923717], [-49.22113109999999, -26.946937399237196], [-49.22026010000002, -26.946689299237192], [-49.21940540000003, -26.946398899237206], [-49.21881089999998, -26.945764399237184], [-49.21812130000001, -26.945214599237193], [-49.21737739999997, -26.944739699237235], [-49.21677469999997, -26.944126899237247], [-49.216164499999984, -26.943530899237217], [-49.2156157, -26.94288619923724], [-49.2152067, -26.942170899237272], [-49.21458710000001, -26.941580699237264], [-49.21396120000003, -26.941003899237295], [-49.213404700000005, -26.940356399237295], [-49.21314150000001, -26.93958399923735], [-49.21277179999998, -26.93885289923731], [-49.212200499999994, -26.938230199237374], [-49.21139599999998, -26.937850699237362], [-49.2105621, -26.93750959923736], [-49.210054000000014, -26.93683359923736], [-49.21026549999999, -26.936052699237386], [-49.21047970000001, -26.9352517992374], [-49.210825899999975, -26.934502899237394], [-49.21101939999999, -26.93371089923743], [-49.21137850000002, -26.932971699237452], [-49.212018300000004, -26.932398899237466], [-49.211741099999976, -26.931626599237482], [-49.211247800000024, -26.93093529923747], [-49.210500700000004, -26.93046979923752], [-49.210192, -26.929715599237532], [-49.21031950000002, -26.92891659923751], [-49.21021000000002, -26.92810299923758], [-49.211017899999995, -26.927728199237542], [-49.21133909999997, -26.92697299923756], [-49.2106397, -26.92659139923758], [-49.21020429999999, -26.925877899237594], [-49.209861100000005, -26.925119699237598], [-49.20973830000002, -26.92432479923764], [-49.209914000000026, -26.92351349923765], [-49.210574899999976, -26.922956099237666], [-49.21139649999997, -26.92257839923769], [-49.211585500000005, -26.92177779923765], [-49.21115559999998, -26.921062499237674], [-49.211064000000015, -26.92026379923769], [-49.21096060000001, -26.919457399237704], [-49.210386400000004, -26.918831699237735], [-49.20989079999998, -26.91815129923772], [-49.2094576, -26.917447499237735], [-49.20959099999999, -26.91665079923779], [-49.20941119999998, -26.915852199237804], [-49.20922789999997, -26.915039799237782], [-49.209285000000015, -26.914936799237825], [-49.20988190000003, -26.914316899237825], [-49.21028869999998, -26.913582099237818], [-49.210557199999975, -26.912801999237843], [-49.210610599999995, -26.911981199237868], [-49.21075489999998, -26.911178099237844], [-49.21148979999998, -26.91068789923792], [-49.21211290000002, -26.910095499237908], [-49.212595599999986, -26.9094054992379], [-49.21343739999999, -26.90912039923793], [-49.21432479999997, -26.909273699237936], [-49.2145785, -26.908504199237903], [-49.21485510000001, -26.907731899237938], [-49.21513759999998, -26.906967199237958], [-49.215426400000005, -26.906198799238002], [-49.215609799999974, -26.905399299237995], [-49.21592140000001, -26.904647899237986], [-49.21583149999998, -26.903849299238008], [-49.21572439999999, -26.903028699238032], [-49.21513889999999, -26.902410799238016], [-49.214873399999995, -26.901634599238072], [-49.21483490000003, -26.900826499238082], [-49.21484479999998, -26.900018299238106], [-49.214781399999985, -26.899205199238104], [-49.213862600000034, -26.89926219923811], [-49.21298930000001, -26.89947959923811], [-49.21208589999997, -26.89956599923809], [-49.21123469999998, -26.899854299238118], [-49.21037439999997, -26.90011219923812], [-49.209516399999984, -26.899841499238075], [-49.20859430000001, -26.899802799238074], [-49.207735199999995, -26.899534099238085], [-49.206872999999966, -26.899299799238104], [-49.20611200000001, -26.89885819923812], [-49.20614849999998, -26.898057199238114], [-49.205581600000016, -26.897424699238137], [-49.20507689999999, -26.896736399238176], [-49.20478139999999, -26.895958399238157], [-49.2044095, -26.89522729923816], [-49.20453709999997, -26.894424699238204], [-49.2047235, -26.8936183992382], [-49.204026100000014, -26.893095499238246], [-49.203119699999995, -26.89301019923822], [-49.202219599999985, -26.89305029923826], [-49.201318399999984, -26.893238299238238], [-49.20041620000001, -26.893421699238196], [-49.19958680000002, -26.893732699238218], [-49.198710100000035, -26.89352839923819], [-49.19783799999998, -26.89375179923823], [-49.1969608, -26.893501799238237], [-49.19628529999999, -26.89297339923824], [-49.19558569999998, -26.892470699238224], [-49.195082000000006, -26.89177699923824], [-49.19452929999999, -26.891138799238274], [-49.19386400000002, -26.89059089923828], [-49.19332289999999, -26.889925299238296], [-49.1927872, -26.889265899238296], [-49.191902700000014, -26.889014699238334], [-49.191274099999994, -26.888430299238287], [-49.19062769999999, -26.887863099238324], [-49.19050179999999, -26.887776899238332], [-49.191041900000016, -26.887121899238355], [-49.19186309999997, -26.886776799238355], [-49.191860099999985, -26.885958099238334], [-49.19144110000002, -26.88523889923837], [-49.19149929999998, -26.884432499238404], [-49.19201800000001, -26.883761399238452], [-49.19229539999997, -26.882990899238408], [-49.19170830000001, -26.88235269923844], [-49.19150000000002, -26.88156919923846], [-49.19178430000001, -26.88079449923844], [-49.19241820000001, -26.88019219923849], [-49.19289090000001, -26.879486699238466], [-49.192934400000006, -26.879377699238514], [-49.193720999999975, -26.879803199238506], [-49.1945852, -26.880023099238503], [-49.19550090000002, -26.88006979923848], [-49.19624970000001, -26.879619499238498], [-49.1971436, -26.879463999238478], [-49.19803789999999, -26.879651099238476], [-49.198890199999994, -26.87936089923848], [-49.19980110000001, -26.879487399238513], [-49.200702400000004, -26.879445299238466], [-49.20155149999999, -26.879136699238504], [-49.20193840000002, -26.87838809923851], [-49.20247289999997, -26.877717799238564], [-49.20268140000002, -26.87693419923854], [-49.20281460000001, -26.87612969923854], [-49.20316550000001, -26.87536619923855], [-49.20316079999998, -26.8745449992386], [-49.20316650000001, -26.873728999238633], [-49.203261199999986, -26.8733192992386], [-49.20337339999997, -26.87250259923864], [-49.20360290000002, -26.871722299238638], [-49.20389290000002, -26.870931499238647], [-49.20440619999999, -26.87027299923866], [-49.2048102, -26.86954419923869], [-49.204980999999975, -26.86874209923872], [-49.20478000000002, -26.867948699238717], [-49.20393669999998, -26.867665899238748], [-49.20305330000002, -26.867823299238708], [-49.20303039999999, -26.866994599238748], [-49.20263119999998, -26.86625739923874], [-49.20193069999999, -26.86574379923878], [-49.20242109999998, -26.865071399238744], [-49.20208930000002, -26.864310899238802], [-49.20179070000001, -26.863531999238827], [-49.20129910000003, -26.862843299238822], [-49.20085349999999, -26.862129799238826], [-49.201094300000015, -26.86135579923885], [-49.20155679999999, -26.860664099238868], [-49.20192120000001, -26.859904899238874], [-49.20247460000001, -26.8592683992389], [-49.2032724, -26.858877799238915], [-49.20412099999999, -26.8585467992389], [-49.20495870000001, -26.85825289923892], [-49.2055446, -26.85761099923895], [-49.20607849999999, -26.856949399238957], [-49.20618159999998, -26.85614259923893], [-49.205997200000006, -26.855341799238985], [-49.206418499999984, -26.854618099238948], [-49.207187999999974, -26.854169799239006], [-49.207873800000016, -26.85363399923901], [-49.20877730000001, -26.853734999238956], [-49.20969630000001, -26.85379279923901], [-49.21036500000002, -26.854337399239], [-49.211110399999995, -26.854817099238957], [-49.21199730000001, -26.854685399238974], [-49.21281290000001, -26.854316899239], [-49.2135091, -26.853810099238974], [-49.21339299999999, -26.852998299239037], [-49.21320909999998, -26.852209099239012], [-49.21286609999999, -26.85146149923907], [-49.2121131, -26.85097479923906], [-49.2117402, -26.85024439923907], [-49.210866199999984, -26.850045699239082], [-49.20993809999998, -26.85002369923906], [-49.2090286, -26.849918699239065], [-49.208507, -26.849258299239054], [-49.20820579999997, -26.848499599239133], [-49.20784179999998, -26.847745299239094], [-49.207397500000006, -26.84702869923913], [-49.207338900000025, -26.846225799239146], [-49.20646399999998, -26.84601869923915], [-49.206722, -26.845242399239172], [-49.20681280000002, -26.844432399239196], [-49.20658049999998, -26.84365609923916], [-49.206890499999986, -26.842876799239207], [-49.206937799999984, -26.84205729923925], [-49.20754119999997, -26.841432199239208], [-49.208150699999976, -26.840806399239252], [-49.20836730000002, -26.84000939923925], [-49.20875999999999, -26.83927929923926], [-49.2091193, -26.838540199239304], [-49.2091378, -26.837723899239315], [-49.20893569999998, -26.83693189923935], [-49.20880890000001, -26.836114999239346], [-49.208697500000035, -26.835306999239354], [-49.208859299999965, -26.83450329923937], [-49.20854850000001, -26.833743299239348], [-49.20880319999998, -26.832963399239375], [-49.20866719999998, -26.832165299239396], [-49.20868089999998, -26.831341899239415], [-49.20891829999999, -26.830555899239414], [-49.209582599999976, -26.830002999239433], [-49.209044, -26.829344299239473], [-49.2083091, -26.82887849923944], [-49.207842299999975, -26.828188399239473], [-49.20714829999997, -26.82767309923954], [-49.20625669999998, -26.827477299239508], [-49.20553330000001, -26.826966299239498], [-49.2046715, -26.8267273992395], [-49.204500499999995, -26.8267336992395], [-49.20415350000002, -26.825989699239525], [-49.203607900000016, -26.825325399239528], [-49.20297399999997, -26.82475469923957], [-49.20252690000001, -26.82453059923956], [-49.203079499999994, -26.823876899239586], [-49.20259199999998, -26.823190199239594], [-49.20200169999998, -26.822566499239592], [-49.201535999999976, -26.821879699239627], [-49.202056400000004, -26.821214599239653], [-49.202720699999986, -26.820637399239658], [-49.20305309999997, -26.819877099239644], [-49.20331590000001, -26.819108299239637], [-49.20386580000001, -26.81843919923969], [-49.20437390000001, -26.817749199239685], [-49.20520129999999, -26.817425599239677], [-49.205518100000006, -26.816649299239717], [-49.20598880000001, -26.81595819923974], [-49.20683780000002, -26.815624399239717], [-49.20764459999999, -26.815241999239753], [-49.207895199999996, -26.814454099239747], [-49.20780569999999, -26.813641299239762], [-49.2080231, -26.812861299239803], [-49.20862030000001, -26.812244699239816], [-49.20904619999998, -26.81153049923981], [-49.208764900000006, -26.810767999239815], [-49.20822959999999, -26.810107499239866], [-49.2076854, -26.80946449923985], [-49.20818439999999, -26.808778699239877], [-49.2087717, -26.80815129923991], [-49.209398299999975, -26.807540599239882], [-49.209961400000005, -26.806912099239877], [-49.21006529999999, -26.806091499239905], [-49.20963549999998, -26.805379099239914], [-49.209171500000025, -26.804679699239966], [-49.2089525, -26.803892199239964], [-49.2086425, -26.803130899239967], [-49.20801160000001, -26.80253549923997], [-49.207770599999996, -26.801754199240015], [-49.207485200000015, -26.80097179924004], [-49.20787549999999, -26.80023619924001], [-49.20736060000001, -26.79956509924005], [-49.20673909999998, -26.79898549924007], [-49.2058447, -26.79877419924008], [-49.2049637, -26.79851769924005], [-49.20407130000001, -26.798323199240098], [-49.2031576, -26.798225999240085], [-49.20232549999997, -26.797920499240053], [-49.201573800000006, -26.797438999240093], [-49.200839599999995, -26.796959899240093], [-49.19992169999999, -26.796872099240073], [-49.19902739999998, -26.796728599240105], [-49.198622199999996, -26.796010099240117], [-49.19850439999999, -26.79521259924015], [-49.1984362, -26.794410499240175], [-49.19765690000003, -26.794000099240154], [-49.19696190000002, -26.793469699240173], [-49.19614039999998, -26.793137699240162], [-49.19537339999999, -26.7926905992402], [-49.19509160000001, -26.79240259924019], [-49.19560790000003, -26.791725699240178], [-49.19613839999999, -26.791059399240208], [-49.19642809999999, -26.79028289924025], [-49.19656070000001, -26.789476299240228], [-49.19681129999997, -26.788702699240247], [-49.19723929999998, -26.787986499240283], [-49.19724009999998, -26.78718199924027], [-49.19775870000001, -26.786518699240293], [-49.198661500000014, -26.78637279924029], [-49.199413299999996, -26.7858934992403], [-49.19959510000001, -26.78509369924034], [-49.200028299999985, -26.784380199240324], [-49.20008899999999, -26.783564699240358], [-49.20058770000003, -26.782890499240377], [-49.201253099999974, -26.78231689924039], [-49.201461600000016, -26.781532199240417], [-49.2021087, -26.780974099240396], [-49.20283669999998, -26.780457899240407], [-49.203513799999996, -26.779915499240452], [-49.20419149999998, -26.779361799240444], [-49.204551099999996, -26.778616499240446], [-49.20499389999998, -26.777887699240488], [-49.205134699999974, -26.777085999240487], [-49.20509170000001, -26.776260999240474], [-49.2054564, -26.775506299240526], [-49.20546430000002, -26.774689599240517], [-49.20598589999998, -26.774032599240556], [-49.20620380000002, -26.773243399240588], [-49.20666999999997, -26.772539899240613], [-49.20680190000003, -26.771736499240586], [-49.2075398, -26.771251499240616], [-49.20809009999999, -26.770594299240656], [-49.20790310000001, -26.769787799240646], [-49.20748129999999, -26.769057999240616], [-49.206811800000025, -26.76851509924066], [-49.20609539999998, -26.767996799240656], [-49.20568869999999, -26.767274799240667], [-49.20553769999998, -26.76647819924068], [-49.20537409999997, -26.765686799240733], [-49.2055525, -26.764883099240745], [-49.20602639999998, -26.764187099240768], [-49.20619870000001, -26.763395699240736], [-49.20597980000002, -26.763632999240777], [-49.20509420000002, -26.763843899240737], [-49.20455190000001, -26.763200199240792], [-49.204684799999995, -26.76240529924079], [-49.20474439999998, -26.761580199240807], [-49.20459360000001, -26.760774299240794], [-49.20452779999999, -26.75996239924083], [-49.20472999999999, -26.75917309924083], [-49.205154499999985, -26.759035199240873], [-49.20597789999999, -26.758664299240856], [-49.20658659999997, -26.758073299240838], [-49.2073798, -26.757695399240866], [-49.2082628, -26.757473899240857], [-49.20917229999997, -26.757493899240863], [-49.20989909999998, -26.757018299240915], [-49.210777199999995, -26.75684239924087], [-49.21170669999997, -26.75684099924089], [-49.212305800000024, -26.75624169924087], [-49.21291889999997, -26.75563689924092], [-49.2137811, -26.7553998992409], [-49.21463480000001, -26.755132299240927], [-49.2153553, -26.75465069924094], [-49.21626199999998, -26.75445799924093], [-49.217100699999996, -26.75410519924096], [-49.21800760000002, -26.753943099240956], [-49.218929499999994, -26.75403129924095], [-49.219841599999995, -26.753952299240918], [-49.220527999999995, -26.75341139924096], [-49.22144889999998, -26.753442299240962], [-49.22234250000002, -26.753590699240974], [-49.223238299999984, -26.753476199240982], [-49.22399519999999, -26.753011299240995], [-49.22483570000003, -26.75270669924093], [-49.22573940000001, -26.752721699240965], [-49.2263026, -26.752076899240993], [-49.22693420000002, -26.751486199240983], [-49.227679200000004, -26.750997899241003], [-49.22853700000002, -26.750701499241003], [-49.22941789999999, -26.750533699241004], [-49.2303177, -26.750333999241015], [-49.231246999999996, -26.750349399241017], [-49.2319814, -26.74984449924101], [-49.23271620000002, -26.749338899241028], [-49.2331221, -26.748614299241037], [-49.23290919999999, -26.747826099241067], [-49.23277890000003, -26.74702839924105], [-49.23277319999999, -26.74621989924112], [-49.233272899999974, -26.745551999241084], [-49.234174499999995, -26.745624899241104], [-49.23479839999998, -26.745031499241108], [-49.23520559999997, -26.74430239924111], [-49.235069599999974, -26.744192999241122], [-49.2348819, -26.743401499241156], [-49.234251299999976, -26.74281339924116], [-49.23372740000002, -26.742159499241176], [-49.23345010000003, -26.74137649924118], [-49.2330915, -26.740633999241208], [-49.23344919999999, -26.739883399241222], [-49.233290599999975, -26.739076599241205], [-49.23263100000002, -26.738531699241253], [-49.23276290000002, -26.737729999241264], [-49.23319249999997, -26.73702079924126], [-49.233682800000004, -26.73633729924128], [-49.23362639999999, -26.735529799241284], [-49.233972699999974, -26.734789299241314], [-49.23434259999999, -26.734033899241318], [-49.234925499999974, -26.73338929924134], [-49.23493250000001, -26.73258379924135], [-49.23519729999998, -26.731806799241376], [-49.23570779999999, -26.731123799241356], [-49.23584779999999, -26.730309999241367], [-49.23566870000001, -26.729521799241418], [-49.2353779, -26.72875479924143], [-49.23512310000001, -26.727963399241478], [-49.234697400000016, -26.727238699241454], [-49.234274500000026, -26.72650359924148], [-49.23376660000001, -26.72581029924147], [-49.23339229999999, -26.725061599241528], [-49.23328059999999, -26.72425189924153], [-49.233470599999976, -26.72345699924154], [-49.23337049999998, -26.72265009924158], [-49.233909100000005, -26.721984999241588], [-49.23459659999997, -26.72143499924156], [-49.234868699999986, -26.72064879924159], [-49.2351688, -26.719867799241587], [-49.23584820000001, -26.719334599241648], [-49.235566100000035, -26.71920579924162], [-49.23478360000001, -26.718784099241624], [-49.23409509999999, -26.718245199241647], [-49.23373299999997, -26.717485899241634], [-49.23372779999999, -26.716683299241662], [-49.233140400000025, -26.71606899924168], [-49.23364750000001, -26.71540449924168], [-49.233916299999976, -26.714619199241717], [-49.23410419999998, -26.713829499241708], [-49.2341508, -26.713005499241763], [-49.23408439999997, -26.71219129924174], [-49.2337369, -26.71144359924177], [-49.23326800000001, -26.710735799241785], [-49.23281830000002, -26.710020599241822], [-49.232099000000005, -26.70952319924179], [-49.231553500000025, -26.708872199241792], [-49.23097369999999, -26.708247699241852], [-49.23012, -26.70799699924181], [-49.22919309999998, -26.707951899241856], [-49.22934249999997, -26.707906799241833], [-49.229984300000005, -26.707325899241855], [-49.23058150000002, -26.706724199241876], [-49.23070769999998, -26.705909199241884], [-49.230739899999996, -26.70509189924192], [-49.23110939999999, -26.704360199241922], [-49.23129, -26.703558699241892], [-49.23131439999997, -26.702747599241963], [-49.232087400000005, -26.702307299241923], [-49.23280149999999, -26.701795599241994], [-49.2331418, -26.70104799924199], [-49.2333049, -26.700257999242005], [-49.233370200000024, -26.699452899241994], [-49.23369029999998, -26.698696899242037], [-49.234195899999975, -26.698015099242056], [-49.23372879999998, -26.697408699242022], [-49.2331689, -26.696755199242045], [-49.23244820000002, -26.696275099242055], [-49.2317175, -26.695786299242098], [-49.23193859999997, -26.694977899242126], [-49.23228419999998, -26.694228399242085], [-49.23241539999999, -26.693418399242127], [-49.23273349999998, -26.692655799242146], [-49.233283400000005, -26.692015299242147], [-49.23364429999998, -26.69127909924213], [-49.23394760000003, -26.69052299924216], [-49.23341449999997, -26.689874999242154], [-49.23276329999999, -26.689307399242246], [-49.23222879999997, -26.68864179924224], [-49.23172599999999, -26.687955099242238], [-49.23115530000001, -26.68730969924226], [-49.23043919999998, -26.686792599242253], [-49.22963299999997, -26.68642559924227], [-49.22900010000001, -26.685840499242264], [-49.22824400000002, -26.685406999242275], [-49.2276142, -26.684821499242297], [-49.2267754, -26.68452379924231], [-49.22602649999998, -26.68403709924232], [-49.226023899999966, -26.683230299242314], [-49.22580010000001, -26.682443199242368], [-49.22575630000001, -26.681633699242383], [-49.22581810000002, -26.680829099242352], [-49.22564560000001, -26.680031799242386], [-49.22524789999999, -26.679293899242413], [-49.22493589999999, -26.67852369924245], [-49.22455830000002, -26.67778059924244], [-49.224408499999974, -26.676985199242427], [-49.22368569999997, -26.676483699242464], [-49.2230791, -26.675876699242476], [-49.2233081, -26.6750978992425], [-49.22336840000002, -26.674288199242476], [-49.2236969, -26.673540199242495], [-49.224373899999996, -26.67300559924254], [-49.224132999999995, -26.67266849924252], [-49.223538399999995, -26.672034599242547], [-49.2234143, -26.67123089924257], [-49.22353759999998, -26.67041939924259], [-49.22365150000001, -26.669593699242622], [-49.223518800000015, -26.668791299242624], [-49.223205099999966, -26.668015099242602], [-49.22264380000002, -26.667375899242668], [-49.22172389999997, -26.667327299242647], [-49.22081090000001, -26.66726809924264], [-49.21991059999999, -26.667322199242644], [-49.219022300000006, -26.66719869924262], [-49.218122999999984, -26.667286599242644], [-49.21727929999997, -26.66699379924263], [-49.2163878, -26.667103499242632], [-49.216531799999984, -26.666310799242694], [-49.217166299999974, -26.665726299242692], [-49.2173904, -26.664933099242667], [-49.217232899999985, -26.6641304992427], [-49.21730789999997, -26.66331209924271], [-49.21735699999999, -26.662486199242736], [-49.2174324, -26.66167709924277], [-49.217958899999985, -26.661010999242745], [-49.218131899999996, -26.66020479924274], [-49.21767299999998, -26.65951119924279], [-49.21706219999998, -26.65889699924283], [-49.21665230000002, -26.658174399242817], [-49.21635809999997, -26.657407199242847], [-49.21600239999998, -26.65665289924284], [-49.21587920000001, -26.655847399242905], [-49.21543229999997, -26.655148999242872], [-49.21491279999998, -26.654469399242867], [-49.214557500000005, -26.653713099242907], [-49.21398540000001, -26.653072599242893], [-49.2146093, -26.652481699242944], [-49.21509689999999, -26.651791899242927], [-49.215340899999994, -26.651010599242966], [-49.215714100000014, -26.650268299242963], [-49.2160584, -26.649511699243003], [-49.21656009999998, -26.64882469924299], [-49.217096700000006, -26.648157399243022], [-49.21765390000001, -26.647510999243035], [-49.21801479999999, -26.64677109924307], [-49.217331300000005, -26.64622969924304], [-49.21688640000002, -26.64551949924304], [-49.21649660000002, -26.64478099924311], [-49.21639149999998, -26.643964899243116], [-49.217134300000005, -26.643512299243103], [-49.21801479999999, -26.643328799243108], [-49.218909800000006, -26.64342919924313], [-49.21975040000001, -26.64309229924309], [-49.220231800000015, -26.642399199243123], [-49.22073990000001, -26.641709299243153], [-49.22130850000001, -26.641072599243124], [-49.22160580000002, -26.640297899243173], [-49.22216179999998, -26.639643699243194], [-49.22231119999998, -26.638850199243176], [-49.22258959999999, -26.638082599243237], [-49.223105499999974, -26.637419199243244], [-49.22320830000002, -26.636613599243223], [-49.223272399999985, -26.635791899243277], [-49.223272399999985, -26.635663899243266], [-49.222876699999965, -26.634922399243276], [-49.2223404, -26.63424909924327], [-49.22181169999999, -26.63358529924329], [-49.22114979999998, -26.633013599243355], [-49.22057219999999, -26.63238969924329], [-49.22019729999999, -26.631643099243366], [-49.219636299999976, -26.63100609924334], [-49.21872910000001, -26.630913099243337], [-49.218361399999985, -26.630153999243376], [-49.21839510000001, -26.629341599243357], [-49.217983, -26.62860769924338], [-49.21816949999999, -26.62780459924341], [-49.21858709999998, -26.627068499243443], [-49.21890960000002, -26.626314199243467], [-49.218602400000016, -26.625555099243446], [-49.21807089999998, -26.624887399243462], [-49.21743229999998, -26.62429949924349], [-49.21653859999997, -26.62415039924349], [-49.21628420000002, -26.62336599924347], [-49.2162624, -26.622548299243526], [-49.21661729999999, -26.621802099243563], [-49.217512399999976, -26.621717299243553], [-49.21807610000002, -26.621074999243568], [-49.21842880000002, -26.62033139924356], [-49.218131899999996, -26.620023999243557], [-49.21760879999999, -26.619346699243565], [-49.216746, -26.619054699243577], [-49.216040799999966, -26.61855099924363], [-49.21513390000001, -26.61854999924363], [-49.214227999999984, -26.61846529924362], [-49.21339729999999, -26.6180942992436], [-49.212474999999976, -26.6181316992436], [-49.2116676, -26.61851629924361], [-49.21077819999999, -26.618382699243593], [-49.20994699999999, -26.6180353992436], [-49.20915230000002, -26.6176290992436], [-49.208442900000016, -26.61712349924361], [-49.20753989999997, -26.61693979924364], [-49.206658199999985, -26.617134699243625], [-49.20579759999998, -26.617366599243642], [-49.20517640000003, -26.6179870992436], [-49.2045549, -26.618608499243592], [-49.20439420000002, -26.61941289924356], [-49.20431070000001, -26.620236999243538], [-49.203910399999984, -26.620956199243565], [-49.20330050000002, -26.621567999243553], [-49.2025294, -26.622014999243515], [-49.20169679999997, -26.622324599243534], [-49.200791400000014, -26.6222806992435], [-49.19988189999997, -26.62233249924354], [-49.198965900000005, -26.622196599243523], [-49.198131100000005, -26.62185519924355], [-49.1973064, -26.621512799243558], [-49.19638900000001, -26.621458399243544], [-49.19569549999999, -26.62091439924356], [-49.1947791, -26.62089529924353], [-49.19432920000003, -26.620186099243575], [-49.19369089999997, -26.61959819924356], [-49.19353030000002, -26.61879439924362], [-49.1929298, -26.618173999243606], [-49.1920852, -26.617880999243614], [-49.19118070000002, -26.617918899243612], [-49.19033980000001, -26.617583599243613], [-49.18956650000002, -26.617172599243627], [-49.188671699999986, -26.61726759924362], [-49.187821999999976, -26.617002899243616], [-49.18692399999997, -26.616836199243654], [-49.186302500000004, -26.61621479924367], [-49.18554249999999, -26.61577709924366], [-49.18476149999997, -26.615334599243642], [-49.18396519999999, -26.614932299243705], [-49.18317550000001, -26.614516999243648], [-49.18243690000002, -26.614048899243674], [-49.18155150000001, -26.613855499243684], [-49.1806482, -26.613809599243723], [-49.17974529999997, -26.613763499243706], [-49.178837999999985, -26.61371739924368], [-49.17793599999999, -26.613763399243688], [-49.177036699999974, -26.613809499243697], [-49.176136299999996, -26.613763599243722], [-49.17540400000001, -26.613763499243706], [-49.174586100000006, -26.61338279924372], [-49.17396550000001, -26.61276219924373], [-49.1734313, -26.612108999243702], [-49.17336460000001, -26.611289099243756], [-49.1727738, -26.61066669924378], [-49.17210110000003, -26.610115299243787], [-49.17185999999998, -26.6093315992438], [-49.17221819999997, -26.608587199243782], [-49.17231980000002, -26.60846959924378], [-49.17159470000001, -26.607951699243802], [-49.17071190000001, -26.607768199243825], [-49.16994579999999, -26.607309699243793], [-49.1693621, -26.606685799243824], [-49.168670399999996, -26.606161399243863], [-49.16802919999997, -26.605589899243846], [-49.167474700000014, -26.604936499243873], [-49.166599299999966, -26.604734399243853], [-49.16581750000001, -26.604337899243895], [-49.164942100000005, -26.604089899243917], [-49.16417719999999, -26.60364799924392], [-49.1633157, -26.603355799243875], [-49.16255180000002, -26.602911699243897], [-49.16257000000001, -26.60210339924389], [-49.16287699999998, -26.601327899243948], [-49.162888899999984, -26.600515399243957], [-49.16275619999999, -26.59971169924397], [-49.162379199999975, -26.598980599244005], [-49.16205250000002, -26.598229599244018], [-49.161575899999995, -26.597528899243997], [-49.16148930000002, -26.59671899924404], [-49.16131769999998, -26.595994399244038], [-49.1606847, -26.59538449924408], [-49.16027819999999, -26.594647299244087], [-49.16003690000002, -26.593863699244068], [-49.159602899999975, -26.593151799244083], [-49.15898149999998, -26.59253039924411], [-49.15840480000003, -26.5919139992441], [-49.15759020000001, -26.59227349924408], [-49.15695599999997, -26.59170179924413], [-49.1561984, -26.59126249924417], [-49.15555199999999, -26.590665999244145], [-49.15491899999999, -26.590470399244158], [-49.15517060000001, -26.58969659924419], [-49.15548030000002, -26.58893429924418], [-49.15578479999999, -26.588175099244186], [-49.156144799999986, -26.58742099924421], [-49.15659440000001, -26.58670589924425], [-49.15696079999997, -26.585967899244263], [-49.15705239999999, -26.58515569924423], [-49.157356900000025, -26.584384999244275], [-49.1574478, -26.583562899244296], [-49.15736179999999, -26.5827492992443], [-49.1573459, -26.58192659924428], [-49.15693649999997, -26.581182499244356], [-49.157124, -26.580372199244344], [-49.157139900000004, -26.57954909924437], [-49.15745290000001, -26.578794899244368], [-49.15751340000003, -26.577984999244414], [-49.15795200000002, -26.577270099244434], [-49.15748450000001, -26.576578899244446], [-49.1567698, -26.576087399244443], [-49.1572281, -26.575381499244443], [-49.15762399999999, -26.57464929924445], [-49.1585088, -26.574407299244477], [-49.159369399999996, -26.57466329924445], [-49.1592089, -26.57385859924448], [-49.15877940000001, -26.57314899924448], [-49.158268000000014, -26.572482699244528], [-49.157370000000014, -26.572580299244535], [-49.156616699999965, -26.573057899244475], [-49.155856799999974, -26.572598099244512], [-49.15568109999998, -26.5717900992445], [-49.15493070000002, -26.57130899924451], [-49.15424050000001, -26.57075899924455], [-49.15382019999998, -26.570041299244576], [-49.153486799999996, -26.569274699244563], [-49.15284789999998, -26.568687399244567], [-49.15244289999999, -26.56795259924462], [-49.152974099999994, -26.567303899244607], [-49.153593499999985, -26.566691299244635], [-49.15438339999996, -26.56630079924464], [-49.155303100000026, -26.566394399244608], [-49.15609799999997, -26.566803199244607], [-49.156830000000014, -26.56632539924461], [-49.15762260000002, -26.565923699244614], [-49.15768659999998, -26.565117599244665], [-49.15753640000001, -26.564302299244687], [-49.1572322, -26.56352909924467], [-49.15639829999998, -26.56318469924472], [-49.155511100000005, -26.56336879924467], [-49.15536279999997, -26.56256819924468], [-49.15469810000002, -26.56201599924475], [-49.1537639, -26.56202119924472], [-49.15287130000002, -26.561926199244727], [-49.15214550000001, -26.561434599244713], [-49.15201539999998, -26.56063749924472], [-49.151523999999995, -26.559938499244748], [-49.15095189999998, -26.559318699244766], [-49.15072049999997, -26.558539299244792], [-49.15063559999998, -26.557726199244783], [-49.150401800000004, -26.55693879924481], [-49.15016680000002, -26.556141599244803], [-49.14995649999997, -26.555337899244826], [-49.14955120000002, -26.55460189924488], [-49.149031700000016, -26.55392949924485], [-49.14847429999997, -26.55355129924487], [-49.14757580000003, -26.553588099244894], [-49.14700119999998, -26.553321099244883], [-49.14677169999998, -26.5525191992449], [-49.14662140000001, -26.551721399244933], [-49.145936300000024, -26.551191299244955], [-49.14511620000002, -26.550834699244923], [-49.144228, -26.55062219924496], [-49.144007199999976, -26.549824799244966], [-49.1440665, -26.549005499244995], [-49.144687999999974, -26.548383999244972], [-49.145309399999974, -26.547762599245004], [-49.14578099999999, -26.54707709924504], [-49.14602159999998, -26.546294999245006], [-49.145683399999996, -26.545534899245048], [-49.14482650000002, -26.545225799245067], [-49.14392429999997, -26.54525479924505], [-49.14300800000001, -26.545159499245056], [-49.1423504, -26.544583799245057], [-49.141591699999985, -26.54411339924508], [-49.1407292, -26.54384989924507], [-49.14064830000001, -26.543023299245107], [-49.140936599999975, -26.542238699245093], [-49.14149759999998, -26.541591999245092], [-49.141762599999986, -26.540799599245155], [-49.141396400000026, -26.540051699245133], [-49.140512899999976, -26.539883299245137], [-49.1396775, -26.539566499245137], [-49.13895430000002, -26.539083499245166], [-49.13909489999997, -26.538279599245197], [-49.13938209999998, -26.53751439924522], [-49.139359599999985, -26.536710399245216], [-49.13884539999997, -26.536025299245228], [-49.138059500000004, -26.535615199245225], [-49.13741379999998, -26.535056399245228], [-49.13663709999998, -26.534618799245226], [-49.1360338, -26.533998699245245], [-49.1353201, -26.533469099245252], [-49.135032399999986, -26.53268879924532], [-49.13516420000002, -26.531881799245312], [-49.13554420000001, -26.531144499245322], [-49.135121700000006, -26.530410499245352], [-49.13503239999999, -26.530120099245327], [-49.13412670000002, -26.530145999245335], [-49.13363989999999, -26.530845099245354], [-49.132742699999994, -26.530962899245342], [-49.131857099999976, -26.530816299245355], [-49.13093750000001, -26.530714699245305], [-49.13003270000001, -26.530672299245317], [-49.12932769999998, -26.530174099245357], [-49.129082499999974, -26.529395099245352], [-49.12822149999999, -26.529149399245362], [-49.127566100000024, -26.528565099245363], [-49.1271944, -26.527812099245384], [-49.126479599999975, -26.52729159924541], [-49.12564079999999, -26.526951499245413], [-49.12484930000001, -26.526566699245397], [-49.12396119999999, -26.526388199245392], [-49.12370809999998, -26.526023099245396], [-49.12296009999999, -26.526517999245417], [-49.12216059999997, -26.52689189924542], [-49.12126760000001, -26.52670809924542], [-49.12039879999997, -26.5269797992454], [-49.11951099999999, -26.527209399245407], [-49.11860940000002, -26.52716729924538], [-49.117722599999986, -26.526946599245377], [-49.116815799999976, -26.527051499245427], [-49.116487500000005, -26.52782209924537], [-49.1170677, -26.528474399245365], [-49.11734489999997, -26.529259399245362], [-49.11755950000003, -26.53006359924536], [-49.117938999999986, -26.53080549924531], [-49.1179538, -26.531626999245326], [-49.117948399999996, -26.53243429924528], [-49.117574100000006, -26.5331928992453], [-49.116826999999994, -26.5336724992453], [-49.116746299999974, -26.534480899245253], [-49.11605500000002, -26.535034199245235], [-49.11536369999998, -26.53558589924525], [-49.114529000000005, -26.53590279924521], [-49.11366720000001, -26.536155399245207], [-49.1127672, -26.53614899924525], [-49.11185640000002, -26.536150099245216], [-49.11099109999998, -26.536415399245225], [-49.110942799999975, -26.537220699245175], [-49.110996, -26.538040699245204], [-49.11046190000001, -26.53869389924516], [-49.1101281, -26.539464999245155], [-49.10925290000001, -26.53928029924513], [-49.108364199999976, -26.539158399245178], [-49.107440899999965, -26.539054599245148], [-49.10656990000001, -26.53927589924517], [-49.1056921, -26.53953779924516], [-49.1048275, -26.539776799245182], [-49.104756399999985, -26.540582299245113], [-49.10440840000001, -26.541340799245123], [-49.10441609999999, -26.542154299245098], [-49.104410099999996, -26.542960599245102], [-49.104173, -26.54375069924506], [-49.10432789999999, -26.54455289924505], [-49.1037872, -26.54523059924508], [-49.10295810000003, -26.54555869924506], [-49.102408000000025, -26.54622099924503], [-49.102681899999986, -26.547003199245026], [-49.1027545, -26.547826199244962], [-49.102128499999985, -26.548434299244974], [-49.102113200000026, -26.54925629924499], [-49.102118299999965, -26.55007599924495], [-49.10234839999998, -26.55078929924495], [-49.10164850000001, -26.551321199244953], [-49.1007846, -26.551617199244923], [-49.099892899999986, -26.551755599244892], [-49.099001799999996, -26.55193159924491], [-49.09810149999998, -26.552066499244937], [-49.097256899999984, -26.551784299244922], [-49.09636510000001, -26.5516703992449], [-49.09546110000003, -26.55170709924491], [-49.094626300000016, -26.551376199244917], [-49.0937523, -26.55117679924494], [-49.092846300000005, -26.55105749924496], [-49.092278500000006, -26.550409499244942], [-49.09165910000001, -26.549796999244965], [-49.090932099999975, -26.549638399244945], [-49.090932, -26.54882609924496], [-49.09091310000002, -26.548015799244958], [-49.090006800000026, -26.54784249924499], [-49.08909299999999, -26.547805599245002], [-49.088249599999976, -26.547468399245012], [-49.08734529999999, -26.547547699245], [-49.08697319999999, -26.547566899244995], [-49.08622509999998, -26.548015699245], [-49.08532880000002, -26.548225399244963], [-49.084423099999974, -26.548229099245003], [-49.08352489999998, -26.54816109924499], [-49.08262910000001, -26.548029199244976], [-49.081719799999966, -26.548109799245], [-49.08088409999999, -26.54840579924498], [-49.080401800000004, -26.547693499244968], [-49.0797804, -26.547071999245023], [-49.079043800000015, -26.546611699245055], [-49.07842240000002, -26.545990199245047], [-49.07842219999998, -26.545184899245033], [-49.078330499999986, -26.544379199245036], [-49.07743299999998, -26.544235399245043], [-49.076632800000034, -26.544643499245062], [-49.075728500000025, -26.544706499245073], [-49.07496930000003, -26.544234999245077], [-49.074060700000025, -26.544089899245073], [-49.073332999999984, -26.544571899245057], [-49.07242639999998, -26.54440869924509], [-49.07154400000001, -26.544179399245085], [-49.0706427, -26.54416019924509], [-49.06983949999999, -26.544562899245072], [-49.0689307, -26.54453379924507], [-49.068092999999976, -26.54423999924506], [-49.0675213, -26.543598499245057], [-49.067089399999986, -26.542874799245087], [-49.06652780000001, -26.542214499245105], [-49.0656237, -26.542234999245114], [-49.064772, -26.542545399245096], [-49.0638692, -26.542546399245083], [-49.06295499999998, -26.54260679924509], [-49.062435799999996, -26.54326829924512], [-49.06216319999998, -26.54405639924506], [-49.06185019999998, -26.544816399245054], [-49.06122879999997, -26.54543779924504], [-49.060329099999976, -26.545633499245042], [-49.06022760000001, -26.545633499245042], [-49.05990530000002, -26.545633499245042], [-49.059318200000014, -26.546243599245045], [-49.05868620000002, -26.546829399244984], [-49.057793300000014, -26.547002699245017], [-49.05756739999998, -26.547806799244984], [-49.05715479999997, -26.548545099244983], [-49.0565335, -26.54916639924496], [-49.0560261, -26.549857899244962], [-49.05552390000003, -26.550545899244913], [-49.05499109999999, -26.55121529924495], [-49.054092399999995, -26.551255299244907], [-49.053175599999975, -26.551278499244955], [-49.05225840000002, -26.551316099244932], [-49.05135619999998, -26.55121699924494], [-49.05050369999997, -26.550893699244945], [-49.04981220000001, -26.550374999244912], [-49.048892099999975, -26.55043179924496], [-49.04806739999997, -26.55078359924493], [-49.047153900000005, -26.550835299244955], [-49.04627929999998, -26.551065499244928], [-49.045377499999965, -26.551064299244942], [-49.04445279999998, -26.551070299244913], [-49.04354410000001, -26.551112299244927], [-49.04263850000001, -26.551237599244892], [-49.04170490000001, -26.55124969924496], [-49.04080399999998, -26.55128929924493], [-49.03991079999997, -26.551435499244946], [-49.03900499999998, -26.55156399924489], [-49.03816519999998, -26.5518572992449], [-49.03740609999999, -26.552297599244884], [-49.0366467, -26.55275719924486], [-49.036198099999986, -26.55347759924489], [-49.03574279999998, -26.554172999244855], [-49.03573579999999, -26.55497939924483], [-49.035401999999976, -26.55575269924486], [-49.0353693, -26.556562799244826], [-49.035264199999965, -26.557360899244795], [-49.03465319999998, -26.55797999924477], [-49.034453600000006, -26.558787099244807], [-49.034406699999984, -26.559594999244773], [-49.034445100000035, -26.560420299244708], [-49.034265800000014, -26.561225199244753], [-49.0340218, -26.56200959924473], [-49.033561599999985, -26.562700499244713], [-49.033085099999994, -26.563417099244667], [-49.03351770000001, -26.56413869924468], [-49.03340429999997, -26.56493719924462], [-49.0324923, -26.565016599244633], [-49.0316057, -26.564839999244658], [-49.03070880000001, -26.564932399244626], [-49.02992560000001, -26.565370599244638], [-49.02921350000003, -26.56588849924465], [-49.02887850000002, -26.565934399244647], [-49.02877819999996, -26.566746499244648], [-49.02874129999997, -26.567551699244625], [-49.02829159999998, -26.568247599244597], [-49.0282682, -26.56905299924457], [-49.029145299999975, -26.56927919924456], [-49.03002959999997, -26.56942419924458], [-49.0306723, -26.570002599244564], [-49.030357900000006, -26.570755499244555], [-49.03001819999997, -26.571509399244555], [-49.0293646, -26.572062299244536], [-49.02872889999997, -26.572643799244485], [-49.02785560000001, -26.572877399244476], [-49.027092700000026, -26.573320199244495], [-49.02622009999998, -26.573058399244463], [-49.02530780000001, -26.57312459924453], [-49.024806099999985, -26.57379749924449], [-49.02428670000002, -26.574462099244478], [-49.0237803, -26.57515259924447], [-49.02349679999997, -26.575924299244416], [-49.023481100000026, -26.576740799244405], [-49.0231243, -26.577166599244403], [-49.02300869999999, -26.577188199244436], [-49.022256399999996, -26.577656399244436], [-49.0220463, -26.57843959924441], [-49.02164490000001, -26.579158499244375], [-49.02142270000002, -26.579956599244372], [-49.02125590000003, -26.580767499244327], [-49.020894399999975, -26.581530199244288], [-49.0204822, -26.58226609924435], [-49.0199356, -26.582911799244275], [-49.019073100000014, -26.58315969924431], [-49.01820939999999, -26.58286239924431], [-49.01765769999997, -26.582195999244323], [-49.01731239999998, -26.58145329924435], [-49.01650699999999, -26.5818504992443], [-49.0155942, -26.581718399244345], [-49.01470649999999, -26.581915499244285], [-49.013853299999994, -26.582212599244304], [-49.013042900000016, -26.582598599244285], [-49.01275520000001, -26.582909299244292], [-49.01208980000002, -26.583477699244284], [-49.01119419999997, -26.583553199244278], [-49.01027820000001, -26.583534899244313], [-49.00937210000001, -26.583392099244314], [-49.00849809999999, -26.58360589924429], [-49.00779599999998, -26.584125499244315], [-49.00709310000002, -26.58465859924426], [-49.00682619999997, -26.58544819924422], [-49.00637769999997, -26.586163499244247], [-49.00559049999999, -26.58659349924423], [-49.004789800000026, -26.58700949924425], [-49.00429750000001, -26.587709799244223], [-49.00419499999998, -26.588515499244217], [-49.004195100000004, -26.58932949924419], [-49.00426779999997, -26.590133699244177], [-49.0043233, -26.590955899244126], [-49.0039779, -26.591725999244126], [-49.0038561, -26.592532899244087], [-49.00402550000001, -26.593344699244092], [-49.0044231, -26.594072499244067], [-49.00504599999999, -26.59469299924407], [-49.0053843, -26.595453199244062], [-49.00608069999998, -26.59596549924403], [-49.00664199999999, -26.59659449924401], [-49.00674600000002, -26.597401199243986], [-49.00751980000001, -26.597827999243997], [-49.00828980000001, -26.598244699244002], [-49.008995700000014, -26.598743799244005], [-49.00957890000001, -26.599366399243983], [-49.00976300000001, -26.60017199924396], [-49.009141799999995, -26.600769399243934], [-49.00863320000001, -26.601446799243952], [-49.00789869999999, -26.601944299243947], [-49.007645500000024, -26.60272689924389], [-49.007757200000015, -26.603530799243874], [-49.00762800000002, -26.604337699243846], [-49.0070478, -26.604958599243847], [-49.007148099999995, -26.605770599243872], [-49.00748979999997, -26.60652729924381], [-49.00790740000001, -26.60726299924379], [-49.008405100000004, -26.607951599243783], [-49.00895830000001, -26.608596999243765], [-49.009219099999996, -26.609378299243765], [-49.00918259999997, -26.610184999243756], [-49.00943969999997, -26.610954799243753], [-49.009062599999986, -26.611704999243717], [-49.00909649999999, -26.612507599243745], [-49.00959669999997, -26.613177499243697], [-49.00971600000001, -26.61398209924369], [-49.009858699999995, -26.614789199243692], [-49.01001619999999, -26.615593299243653], [-49.010726999999974, -26.61608679924366], [-49.011633, -26.616214399243624], [-49.012455999999986, -26.61586949924363], [-49.01274960000001, -26.616628699243613], [-49.0128444, -26.617445199243633], [-49.01284900000002, -26.618260399243603], [-49.01281360000002, -26.619072499243615], [-49.012584499999996, -26.619855099243562], [-49.01238799999997, -26.620648599243534], [-49.01239420000002, -26.62145179924354], [-49.012336999999995, -26.622280299243517], [-49.01243369999997, -26.623095699243528], [-49.012489599999974, -26.623915399243483], [-49.012444200000004, -26.62474529924345], [-49.01227169999998, -26.625559599243434], [-49.01169679999998, -26.626213999243454], [-49.01079879999997, -26.626111999243417], [-49.01005070000002, -26.626560799243432], [-49.00920969999998, -26.626843399243413], [-49.008361200000024, -26.627148699243442], [-49.00744450000003, -26.627025699243408], [-49.006552, -26.62684569924343], [-49.00573229999997, -26.62648229924347], [-49.00483789999998, -26.626595499243443], [-49.004263599999994, -26.627238399243446], [-49.00418500000001, -26.628061699243396], [-49.00373259999997, -26.62875899924341], [-49.0031917, -26.629414899243354], [-49.003204299999986, -26.630071899243383], [-49.00310389999998, -26.630888699243375], [-49.00324319999998, -26.63168229924336], [-49.00365199999999, -26.632407099243363], [-49.0036068, -26.632585199243334], [-49.00306510000001, -26.633247199243336], [-49.00235420000001, -26.633780299243316], [-49.002136899999975, -26.634577199243296], [-49.001939600000014, -26.635380399243232], [-49.001648699999976, -26.636155899243256], [-49.0013578, -26.636941499243214], [-49.00135199999999, -26.63776679924323], [-49.00134939999998, -26.638597199243186], [-49.001334699999965, -26.639422299243158], [-49.001107499999996, -26.64022639924319], [-49.00145170000002, -26.640978699243163], [-49.00162660000001, -26.641769799243168], [-49.00122160000001, -26.642500699243158], [-49.00082600000002, -26.64324639924311], [-49.00071689999998, -26.644065499243098], [-49.0002394, -26.644756499243098], [-48.99942679999998, -26.64513979924306], [-48.99851150000001, -26.645215099243043], [-48.998401600000015, -26.646016099243063], [-48.997814300000016, -26.646638999243045], [-48.996942600000004, -26.64687319924305], [-48.99632120000002, -26.64749469924302], [-48.9958752, -26.648216499243002], [-48.99530879999998, -26.64885199924299], [-48.99441109999997, -26.648754699243], [-48.993721100000016, -26.64823199924302], [-48.99297569999998, -26.64773859924306], [-48.99220109999999, -26.64816219924302], [-48.99162569999997, -26.648783599243004], [-48.99113089999997, -26.649485699243005], [-48.99093620000003, -26.649220699243], [-48.99040170000001, -26.648546099242992], [-48.99030049999998, -26.647740699243013], [-48.9903016, -26.646917599243036], [-48.990228100000024, -26.646110599243045], [-48.98987970000001, -26.645364999243107], [-48.98914289999998, -26.644874899243085], [-48.9883229, -26.645204499243043], [-48.98740959999997, -26.645160599243077], [-48.98656369999998, -26.644866499243058], [-48.98607869999999, -26.64418039924307], [-48.985549299999995, -26.643512799243105], [-48.98511799999999, -26.64279589924313], [-48.98507460000002, -26.64197319924313], [-48.98462510000002, -26.641254799243168], [-48.984405900000006, -26.640469499243157], [-48.984098200000005, -26.639712299243175], [-48.98404169999997, -26.63889359924322], [-48.9840509, -26.638071199243235], [-48.98411850000003, -26.637261199243234], [-48.98394589999998, -26.63646979924325], [-48.983693399999986, -26.635680899243273], [-48.983326700000006, -26.634943699243273], [-48.98267809999998, -26.634386499243295], [-48.98193650000001, -26.634840599243297], [-48.98101619999999, -26.634892399243274], [-48.980312899999994, -26.634386599243317], [-48.98030999999997, -26.634471899243284], [-48.97986420000001, -26.63518079924327], [-48.97953380000001, -26.635928099243266], [-48.97893399999999, -26.63654019924326], [-48.97814039999997, -26.63691659924323], [-48.97723830000001, -26.637097199243257], [-48.97641249999998, -26.637424599243204], [-48.9755159, -26.637615499243203], [-48.974662200000004, -26.637896899243202], [-48.973888400000014, -26.638314399243228], [-48.97303849999996, -26.63800189924322], [-48.9722269, -26.637654499243215], [-48.97132440000002, -26.63778289924321], [-48.97100260000001, -26.63854109924321], [-48.97139349999998, -26.639295099243206], [-48.97134949999997, -26.6401070992432], [-48.97188870000002, -26.640758599243192], [-48.97157800000002, -26.64130319924313], [-48.9708172, -26.64175529924314], [-48.97026599999998, -26.642405399243106], [-48.9693472, -26.642355599243114], [-48.96863189999999, -26.642868299243087], [-48.96779600000002, -26.643223299243108], [-48.9669654, -26.642908499243095], [-48.96658589999998, -26.642156999243127], [-48.966321100000016, -26.64137259924316], [-48.965845699999996, -26.640659199243164], [-48.96494910000001, -26.640520599243175], [-48.964205499999984, -26.641015899243172], [-48.96337219999999, -26.64138319924316], [-48.96247460000001, -26.641472699243163], [-48.961867999999974, -26.640866399243144], [-48.961353299999985, -26.640199299243168], [-48.96082159999998, -26.639542299243203], [-48.960041799999985, -26.63912809924318], [-48.95919479999997, -26.63939729924316], [-48.95827320000001, -26.6394287992432], [-48.95751799999999, -26.639893699243196], [-48.95661009999998, -26.639864599243193], [-48.95612940000001, -26.6394562992432], [-48.955658099999994, -26.63876169924317], [-48.95543679999998, -26.637983199243223], [-48.9553166, -26.63715999924323], [-48.95585240000002, -26.636494999243272], [-48.95600719999999, -26.63570289924328], [-48.95604600000001, -26.634877399243276], [-48.955780499999996, -26.634097499243282], [-48.95550630000002, -26.633315799243306], [-48.95580639999997, -26.632544999243326], [-48.956195599999994, -26.631811199243348], [-48.95698190000002, -26.631407599243342], [-48.95716700000001, -26.63059939924335], [-48.95666230000001, -26.629908899243347], [-48.955826600000016, -26.62954939924334], [-48.954964399999994, -26.629262699243412], [-48.95503960000002, -26.6284464992434], [-48.9549958, -26.62763419924341], [-48.95457249999998, -26.626904199243445], [-48.954257799999986, -26.62614649924345], [-48.95423319999998, -26.62612279924346], [-48.95332530000002, -26.626192399243422], [-48.95243179999999, -26.62632019924346], [-48.95217389999999, -26.62554179924346], [-48.95127489999998, -26.625419299243447], [-48.95104179999998, -26.626204099243434], [-48.95042549999999, -26.626825499243438], [-48.94982659999999, -26.6274245992434], [-48.949038299999984, -26.62784989924341], [-48.948147999999996, -26.628081199243393], [-48.94741060000001, -26.62855179924343], [-48.946783700000026, -26.629138699243402], [-48.9459281, -26.628861899243407], [-48.945011900000004, -26.628771599243393], [-48.94425699999999, -26.629219299243367], [-48.9434503, -26.62960049924336], [-48.94259970000001, -26.629334399243398], [-48.94186320000001, -26.62887399924339], [-48.941097199999994, -26.628452199243434], [-48.94018440000001, -26.62844789924343], [-48.93944640000001, -26.627976399243433], [-48.93877880000003, -26.6274007992434], [-48.938183400000014, -26.626776099243404], [-48.93740189999999, -26.626358099243458], [-48.936687, -26.62684499924343], [-48.93579369999997, -26.627030099243445], [-48.93486869999998, -26.62711719924342], [-48.934152600000004, -26.627631099243384], [-48.9334961, -26.62821809924343], [-48.9325933, -26.62821809924343], [-48.93168659999997, -26.628218499243403], [-48.93077249999998, -26.628223699243378], [-48.929905899999994, -26.62844819924338], [-48.929985699999975, -26.628550999243405], [-48.93022819999999, -26.629350499243365], [-48.929886899999985, -26.63010119924338], [-48.929670499999986, -26.630886699243366], [-48.92953649999998, -26.631690599243367], [-48.92933099999998, -26.632488799243298], [-48.92862730000002, -26.633005999243338], [-48.92788050000002, -26.63346589924328], [-48.92788050000001, -26.633490799243297], [-48.9276051, -26.634266399243298], [-48.92761289999998, -26.635086599243284], [-48.92786910000001, -26.63587139924324], [-48.928160900000016, -26.636641599243262], [-48.92838679999999, -26.637418999243263], [-48.92859609999999, -26.638199999243213], [-48.928403499999995, -26.6390029992432], [-48.928229499999986, -26.639800399243203], [-48.92792650000003, -26.640574599243138], [-48.92770120000001, -26.641354799243146], [-48.927750100000026, -26.64217559924312], [-48.927786700000006, -26.642994899243156], [-48.92725940000002, -26.64308699924309], [-48.9264637, -26.64350929924311], [-48.92557920000001, -26.643676499243117], [-48.924682000000026, -26.643501299243127], [-48.9238909, -26.64391559924312], [-48.92299960000002, -26.644100599243096], [-48.92215909999999, -26.644407199243098], [-48.921562300000005, -26.645008899243074], [-48.92101170000001, -26.645646899243054], [-48.920388499999994, -26.646228799243076], [-48.9197547, -26.64681569924303], [-48.9196091, -26.64703539924304], [-48.91973819999998, -26.64784769924303], [-48.920078699999976, -26.648607999243026], [-48.9202851, -26.649396699243002], [-48.92077169999998, -26.650079799242988], [-48.92089679999998, -26.650881499242978], [-48.9212594, -26.65162819924295], [-48.9213578, -26.652450799242935], [-48.92153400000001, -26.6532548992429], [-48.92187189999998, -26.654012899242883], [-48.921351699999995, -26.6546899992429], [-48.92125859999999, -26.655496399242857], [-48.92116809999998, -26.656320299242864], [-48.9212126, -26.65714649924285], [-48.921122700000005, -26.6579530992428], [-48.92122510000001, -26.658761899242805], [-48.921209200000014, -26.659587599242794], [-48.92063739999997, -26.660231299242806], [-48.920238199999964, -26.660975899242757], [-48.92068940000001, -26.661676699242722], [-48.921372799999965, -26.66222709924274], [-48.922112099999985, -26.66272189924272], [-48.92297719999999, -26.662942699242695], [-48.92349890000003, -26.663624899242723], [-48.92379089999997, -26.664394499242707], [-48.92388560000001, -26.66521349924267], [-48.92380320000001, -26.666044199242645], [-48.92397599999997, -26.66684989924264], [-48.924057600000026, -26.667666199242618], [-48.924414000000006, -26.668421599242606], [-48.92507799999998, -26.668987999242624], [-48.9257568, -26.669520199242623], [-48.92598570000001, -26.670301799242587], [-48.9266513, -26.670871199242594], [-48.92756569999999, -26.670966199242567], [-48.92831719999997, -26.670505299242585], [-48.92898819999999, -26.67103989924255], [-48.92977309999998, -26.67145579924255], [-48.92976570000001, -26.672278199242534], [-48.92972580000003, -26.67310449924256], [-48.930482900000015, -26.67354039924249], [-48.93129370000002, -26.673892299242492], [-48.93219199999998, -26.674074199242515], [-48.93298459999999, -26.67448149924251], [-48.933138499999984, -26.675294499242497], [-48.93329249999998, -26.676100699242465], [-48.93416639999998, -26.676328799242487], [-48.934229699999996, -26.67714579924245], [-48.93439399999999, -26.677944199242443], [-48.935018199999995, -26.678541499242424], [-48.93545499999998, -26.6792533992424], [-48.935450199999984, -26.68005949924241], [-48.93521309999999, -26.680842399242394], [-48.935084700000004, -26.681637099242348], [-48.93529160000002, -26.682430899242323], [-48.93585280000001, -26.68307819924235], [-48.93653749999998, -26.68362679924232], [-48.93723, -26.684142799242327], [-48.937691700000016, -26.684857699242308], [-48.9380658, -26.68558879924229], [-48.937850399999995, -26.686391899242256], [-48.9374421, -26.687125699242266], [-48.936864500000006, -26.687753699242215], [-48.93682840000003, -26.687757199242263], [-48.935945000000004, -26.687992199242235], [-48.9353023, -26.688571899242227], [-48.93465880000002, -26.68914039924219], [-48.93393789999999, -26.68964669924223], [-48.93318959999999, -26.690125799242153], [-48.9322722, -26.690106899242178], [-48.93145029999999, -26.68974769924221], [-48.930666099999996, -26.690149399242184], [-48.9299555, -26.690659999242158], [-48.9291177, -26.690969999242167], [-48.9282551, -26.6907427992422], [-48.92778040000002, -26.69003959924217], [-48.926880299999986, -26.689925699242202], [-48.926218300000016, -26.69050429924217], [-48.92661040000002, -26.691234199242167], [-48.9267115, -26.69203879924212], [-48.92680389999998, -26.692857299242167], [-48.92698940000001, -26.69364319924213], [-48.92749889999999, -26.694331999242078], [-48.92767570000001, -26.695123599242073], [-48.92827849999997, -26.695751599242087], [-48.92901360000001, -26.69621299924207], [-48.929527899999975, -26.696889299242073], [-48.92936520000001, -26.69770119924203], [-48.9298258, -26.69839499924203], [-48.93043709999999, -26.69898949924201], [-48.93048979999997, -26.69979439924197], [-48.930457499999974, -26.70061419924201], [-48.93017750000001, -26.701389299241985], [-48.9299663, -26.70218809924194], [-48.93019470000001, -26.702982299241917], [-48.93073720000001, -26.703629499241885], [-48.93146810000002, -26.70412309924192], [-48.93213689999998, -26.704664499241886], [-48.9327308, -26.705279699241892], [-48.93267859999997, -26.706101899241897], [-48.932133799999974, -26.70675049924187], [-48.9315158, -26.707366699241888], [-48.93096509999997, -26.708009299241848], [-48.93034549999999, -26.70862889924183], [-48.929852100000005, -26.70928289924183], [-48.92986139999999, -26.7100998992418], [-48.93001529999997, -26.710898799241775], [-48.930712599999985, -26.71145159924175], [-48.93113670000002, -26.712163299241734], [-48.9309758, -26.71296369924172], [-48.93118559999999, -26.713766999241756], [-48.931583699999976, -26.714508799241695], [-48.93243280000001, -26.714774399241723], [-48.933326799999975, -26.714933199241706], [-48.93422229999998, -26.715102599241728], [-48.935122400000004, -26.71524829924167], [-48.935922, -26.715651099241697], [-48.93662349999999, -26.716180199241673], [-48.936634000000026, -26.71699189924165], [-48.9364612, -26.717788599241644], [-48.93564459999999, -26.71812569924162], [-48.93472910000003, -26.718138099241614], [-48.933912299999974, -26.718475999241644], [-48.933369599999985, -26.71912979924165], [-48.93251589999999, -26.719379899241606], [-48.931681899999994, -26.71971389924159], [-48.93089639999999, -26.720125499241593], [-48.930209, -26.72064699924158], [-48.931034899999986, -26.721011199241598], [-48.93167649999998, -26.721594799241565], [-48.9320783, -26.72233779924155], [-48.931963699999976, -26.723136099241525], [-48.932192799999996, -26.723924099241504], [-48.93176799999998, -26.72465599924149], [-48.9308785, -26.724890999241527], [-48.93044359999999, -26.725608099241487], [-48.93000119999999, -26.72632219924151], [-48.92959799999999, -26.72705389924146], [-48.9293313, -26.72782499924146], [-48.92844430000003, -26.72766429924148], [-48.927573699999975, -26.727938699241445], [-48.92688099999998, -26.72846239924145], [-48.926009000000015, -26.72818189924142], [-48.925994699999976, -26.72737759924147], [-48.92544500000002, -26.726729299241466], [-48.9245426, -26.726774799241458], [-48.92410380000001, -26.727487999241443], [-48.923213799999985, -26.72768969924145], [-48.92233119999998, -26.72790469924146], [-48.92144139999999, -26.727744899241472], [-48.92081250000001, -26.72714759924148], [-48.92010040000002, -26.726647899241456], [-48.919305399999985, -26.72702569924148], [-48.91877950000003, -26.72769609924145], [-48.91806910000002, -26.728189499241438], [-48.9176061, -26.728889499241408], [-48.91669830000001, -26.72877889924144], [-48.91580750000002, -26.72891919924143], [-48.915393999999985, -26.729640399241422], [-48.91536459999997, -26.73044279924139], [-48.915286299999984, -26.731247399241358], [-48.914878099999996, -26.731990499241363], [-48.91418970000001, -26.73254129924133], [-48.91397169999999, -26.73273639924139], [-48.91435919999997, -26.733461299241327], [-48.914350500000005, -26.734284399241304], [-48.91393720000002, -26.73499679924128], [-48.913644799999986, -26.735777299241295], [-48.9132922, -26.736515799241293], [-48.913270099999984, -26.73733129924125], [-48.912817899999986, -26.73802699924125], [-48.91218249999997, -26.738605199241228], [-48.91267509999999, -26.739311099241238], [-48.913354599999984, -26.739859899241214], [-48.913942599999984, -26.740484099241204], [-48.914442099999974, -26.741169999241198], [-48.91499219999997, -26.74181179924117], [-48.91568230000001, -26.74233519924119], [-48.91639199999998, -26.742828199241178], [-48.917304, -26.74271419924117], [-48.9179532, -26.743304199241166], [-48.91859640000002, -26.743874899241124], [-48.91932430000002, -26.74435949924111], [-48.9196283, -26.745117199241104], [-48.92015459999999, -26.745779299241082], [-48.920822799999996, -26.7463281992411], [-48.92140069999999, -26.746952099241067], [-48.92218709999997, -26.747386199241056], [-48.9230281, -26.747701899241054], [-48.92346489999999, -26.748403599241065], [-48.92430059999998, -26.74806999924104], [-48.92522029999998, -26.74802119924103], [-48.926120399999995, -26.748061399241028], [-48.92701390000002, -26.74817689924102], [-48.92738259999998, -26.74892659924103], [-48.9282791, -26.749081099241057], [-48.929129199999984, -26.749385599241013], [-48.929910399999976, -26.749816399241013], [-48.9305749, -26.750372299241008], [-48.93105689999999, -26.751083699240983], [-48.93190429999998, -26.751378699240977], [-48.9327088, -26.751765699241005], [-48.93361399999998, -26.75192359924098], [-48.9342231, -26.752529699241], [-48.9345313, -26.753287699240946], [-48.93498749999998, -26.75398569924093], [-48.9354404, -26.754693299240905], [-48.93590649999999, -26.755394799240893], [-48.93626599999998, -26.756138499240915], [-48.93686300000002, -26.75675219924089], [-48.937368400000025, -26.757420199240876], [-48.938244800000014, -26.757599999240885], [-48.93881349999997, -26.75824369924085], [-48.9397027, -26.75836959924083], [-48.94028309999998, -26.75899579924082], [-48.94099340000002, -26.759488999240823], [-48.94172650000001, -26.7599961992408], [-48.9423648, -26.76056109924084], [-48.94321830000002, -26.760863899240814], [-48.94411489999999, -26.760991999240783], [-48.94488689999996, -26.760577799240828], [-48.945801399999986, -26.760545399240822], [-48.94667590000001, -26.76032569924082], [-48.947557399999994, -26.760136999240803], [-48.948449900000014, -26.7602992992408], [-48.94919609999998, -26.760753299240786], [-48.9501131, -26.760685899240812], [-48.950980099999974, -26.7609634992408], [-48.951906599999965, -26.760964499240796], [-48.952801000000015, -26.76109209924078], [-48.95307600000001, -26.761146699240783], [-48.953406599999994, -26.761916999240757], [-48.953128299999996, -26.76269459924074], [-48.952582600000014, -26.763361199240777], [-48.95226089999999, -26.764112599240725], [-48.95264400000002, -26.764869899240733], [-48.95233789999997, -26.765631999240693], [-48.95212420000001, -26.766414099240716], [-48.952319100000004, -26.767220199240676], [-48.95292680000001, -26.76781319924065], [-48.9533492, -26.768524299240667], [-48.9540285, -26.76905269924062], [-48.9541754, -26.76985819924061], [-48.954307799999974, -26.77065949924064], [-48.954676800000016, -26.77141619924057], [-48.955336299999985, -26.771966699240608], [-48.956002000000005, -26.77254059924057], [-48.95639139999997, -26.773275199240565], [-48.95648460000001, -26.77407739924056], [-48.956479100000024, -26.774880899240564], [-48.95577750000001, -26.775398399240483], [-48.95494669999999, -26.775724999240552], [-48.954407, -26.776394099240516], [-48.95468290000001, -26.77717599924048], [-48.954958299999994, -26.77796129924049], [-48.95518620000001, -26.778737999240427], [-48.9551983, -26.779556199240446], [-48.95538099999999, -26.780368499240446], [-48.955726500000026, -26.78111679924041], [-48.955746799999986, -26.781930799240385], [-48.95577429999998, -26.78275059924035], [-48.956064700000006, -26.783511399240368], [-48.95596169999999, -26.78432429924033], [-48.956059799999984, -26.78512999924031], [-48.956107999999965, -26.785945299240293], [-48.955713800000005, -26.786678499240292], [-48.954966199999994, -26.787124399240273], [-48.95495779999998, -26.78735399924029], [-48.95531319999997, -26.787412199240308], [-48.956086299999974, -26.787850299240265], [-48.95696579999998, -26.788053899240296], [-48.95774440000002, -26.788509599240264], [-48.958376199999975, -26.78908879924025], [-48.959272100000014, -26.788914499240217], [-48.96001899999998, -26.788448999240266], [-48.96086689999998, -26.78812849924029], [-48.96178279999997, -26.788182599240308], [-48.962659499999965, -26.78836239924025], [-48.96357829999999, -26.78842649924028], [-48.96447119999998, -26.788552799240264], [-48.965320599999984, -26.78884049924025], [-48.96621429999998, -26.789017499240263], [-48.9671308, -26.789051999240293], [-48.968028499999996, -26.78899699924026], [-48.968944000000015, -26.788953999240253], [-48.96965649999998, -26.789452999240243], [-48.970507999999995, -26.789742599240256], [-48.97110199999997, -26.79034879924024], [-48.971534299999966, -26.79105969924023], [-48.97212330000002, -26.791668299240232], [-48.972776099999976, -26.792256899240176], [-48.973419900000025, -26.79285009924017], [-48.97419500000001, -26.79331319924016], [-48.9748657, -26.79388279924017], [-48.97564920000002, -26.79428059924013], [-48.97615239999998, -26.79495429924012], [-48.97681269999998, -26.795510699240154], [-48.97714980000001, -26.796267499240106], [-48.97723389999998, -26.797075299240113], [-48.977964099999994, -26.797548699240103], [-48.978779900000006, -26.7979178992401], [-48.979701999999975, -26.7979155992401], [-48.98056839999998, -26.798136999240086], [-48.98064199999999, -26.79895169924003], [-48.980552699999976, -26.799759299240048], [-48.9806107, -26.800559599240017], [-48.98098959999999, -26.80129349924], [-48.9815266, -26.801951799239976], [-48.981399899999985, -26.802763799239965], [-48.9811459, -26.80353889923995], [-48.981073299999984, -26.80383099923995], [-48.98175229999998, -26.80435629923995], [-48.98239189999998, -26.80494319923998], [-48.9827292, -26.805699899239908], [-48.98303900000001, -26.806458199239923], [-48.98370110000001, -26.8070324992399], [-48.9843426, -26.80762809923988], [-48.985145900000006, -26.808001199239868], [-48.985997899999965, -26.808277899239883], [-48.98686789999999, -26.808517899239895], [-48.98717759999999, -26.808787899239896], [-48.9873194, -26.80958659923985], [-48.98770689999998, -26.810316199239825], [-48.98754580000002, -26.811125899239805], [-48.987723099999975, -26.811919699239787], [-48.98768799999999, -26.812721199239785], [-48.98788639999997, -26.813505899239775], [-48.987694100000006, -26.814292099239747], [-48.9875007, -26.81508469923974], [-48.9872325, -26.815864099239736], [-48.98717759999999, -26.81654449923974], [-48.987700099999984, -26.81719859923969], [-48.98764799999998, -26.818001799239674], [-48.98799300000001, -26.818760799239687], [-48.98780240000002, -26.81956489923965], [-48.98834499999998, -26.820231299239637], [-48.98838069999999, -26.82103319923962], [-48.988864299999975, -26.821742399239618], [-48.989390300000025, -26.822411699239577], [-48.98983299999997, -26.823111499239573], [-48.989931199999994, -26.823915999239567], [-48.99084279999999, -26.82394749923955], [-48.991593599999995, -26.824428799239584], [-48.99247459999997, -26.824664299239558], [-48.99337400000002, -26.82481569923955], [-48.993481900000006, -26.825611999239513], [-48.99360610000002, -26.826426199239553], [-48.99375029999998, -26.827218199239518], [-48.99448059999997, -26.827709199239504], [-48.99465880000002, -26.827972899239505], [-48.9943508, -26.82807369923951], [-48.993590799999986, -26.82851469923951], [-48.99290509999998, -26.82905419923945], [-48.992214900000015, -26.829567699239462], [-48.99234360000002, -26.830368999239468], [-48.99282040000002, -26.83106499923947], [-48.99282570000001, -26.831867999239407], [-48.993182199999985, -26.832615099239405], [-48.993491199999994, -26.833398399239407], [-48.9942107, -26.833881399239367], [-48.99478570000002, -26.8345218992394], [-48.99542769999999, -26.835098599239334], [-48.996309699999976, -26.835273999239377], [-48.99682489999998, -26.835943299239343], [-48.99689960000001, -26.83675239923934], [-48.997675300000026, -26.83720719923934], [-48.99836390000001, -26.8377460992393], [-48.99912230000001, -26.838196499239274], [-48.99962110000001, -26.838864899239244], [-48.99985670000001, -26.839665199239285], [-49.000579500000015, -26.84018149923928], [-49.0002925, -26.840950499239266], [-48.99969939999999, -26.841591199239218], [-48.99956070000001, -26.842399699239202], [-48.99978779999997, -26.843176299239182], [-49.000404100000026, -26.84379429923919], [-49.00040739999997, -26.844599099239158], [-49.00010379999998, -26.845358899239166], [-48.9994843, -26.845952199239154], [-48.99910829999998, -26.84668509923914], [-48.99872240000002, -26.84741959923914], [-48.99854299999997, -26.84822469923911], [-48.998743100000006, -26.849028699239106], [-48.99879779999998, -26.849829299239076], [-48.9987069, -26.850632999239068], [-48.99879040000001, -26.851432399239055], [-48.99883540000001, -26.85225249923904], [-48.99953069999998, -26.852361099239015], [-49.000407600000024, -26.852579299239018], [-49.00127739999999, -26.852782999238997], [-49.00218030000001, -26.85294589923902], [-49.002987299999965, -26.853320999238996], [-49.00318600000002, -26.854109599239003], [-49.00377819999999, -26.854730899238962], [-49.004686499999984, -26.854729599238958], [-49.00547619999997, -26.854328599238972], [-49.006382900000006, -26.854354299239], [-49.007063, -26.854908899238968], [-49.007864799999986, -26.854507699238972], [-49.008762400000016, -26.85430969923897], [-49.00947209999998, -26.854834199239022], [-49.0099753, -26.855519299238992], [-49.0105057, -26.85618899923892], [-49.011328100000014, -26.85656679923893], [-49.01216429999999, -26.856247099238956], [-49.01303180000002, -26.85601879923895], [-49.01384380000002, -26.856383199238927], [-49.013878999999974, -26.856478799238936], [-49.01390049999998, -26.85729849923894], [-49.013627699999965, -26.858087699238904], [-49.01432829999999, -26.858595699238915], [-49.014407800000015, -26.8594081992389], [-49.01420680000001, -26.86019329923886], [-49.01416110000002, -26.861013299238877], [-49.01439499999998, -26.86179009923884], [-49.013970400000005, -26.86251639923882], [-49.013209399999994, -26.862959699238793], [-49.012931400000014, -26.863741099238823], [-49.01302020000003, -26.864543999238805], [-49.012776799999976, -26.865321499238778], [-49.01222589999998, -26.865964299238726], [-49.01155540000001, -26.866513899238722], [-49.01127459999997, -26.86727519923874], [-49.01143150000002, -26.86807739923871], [-49.01156209999999, -26.868879699238683], [-49.01230639999999, -26.86932839923867], [-49.01305120000001, -26.86979669923867], [-49.01306069999998, -26.870614699238647], [-49.01257020000002, -26.871311199238637], [-49.011987499999975, -26.871932899238622], [-49.01133290000001, -26.872495399238616], [-49.01075309999999, -26.873126299238635], [-49.010799599999984, -26.873932299238568], [-49.01104700000002, -26.874722399238593], [-49.01091949999999, -26.875530499238597], [-49.01018240000002, -26.875992899238586], [-49.010259899999994, -26.876801899238533], [-49.0102966, -26.877624999238563], [-49.009633399999984, -26.878178799238515], [-49.0089221, -26.87870359923851], [-49.00825579999997, -26.879251499238514], [-49.00772840000001, -26.879911199238464], [-49.00710850000002, -26.880491599238496], [-49.00657940000002, -26.881174199238433], [-49.00586370000001, -26.88166549923844], [-49.00527240000002, -26.882280799238433], [-49.004906199999986, -26.883014299238432], [-49.00461799999999, -26.883774899238393], [-49.00408010000002, -26.88443709923841], [-49.00340210000002, -26.88497399923839], [-49.002585800000006, -26.88460499923842], [-49.00181659999999, -26.885059999238393], [-49.00128840000002, -26.885720999238362], [-49.00074719999998, -26.88638179923835], [-49.00002249999999, -26.886871299238358], [-48.99943289999998, -26.887485499238373], [-48.99852909999997, -26.887545999238316], [-48.99760409999998, -26.88759199923832], [-48.99689009999998, -26.888082999238325], [-48.9966415, -26.888865399238288], [-48.99709139999999, -26.889566899238275], [-48.99800010000001, -26.88954929923829], [-48.998909099999985, -26.889584499238296], [-48.99945630000003, -26.89023479923824], [-48.999642999999985, -26.891040099238264], [-48.999990399999994, -26.891801499238237], [-49.00001099999997, -26.891865399238224], [-48.999259600000016, -26.89232239923825], [-48.998681799999986, -26.892972899238252], [-48.998525599999994, -26.893777899238195], [-48.999018999999976, -26.894156599238176], [-48.99937099999999, -26.8949022992382], [-48.999670599999995, -26.89565879923816], [-48.99970200000001, -26.89646529923817], [-48.99928490000002, -26.897177799238147], [-48.9988611, -26.897910699238142], [-48.998456499999975, -26.898651899238104], [-48.99790619999998, -26.8992855992381], [-48.99733300000001, -26.899912899238096], [-48.99730269999997, -26.900730099238057], [-48.99790810000001, -26.901335999238093], [-48.99843249999998, -26.90199499923805], [-48.998244500000006, -26.90278269923803], [-48.99833059999997, -26.90296879923802], [-48.99770360000002, -26.902650499238042], [-48.99691960000003, -26.90224609923804], [-48.99600240000001, -26.902273899238057], [-48.995167900000006, -26.902590899238053], [-48.99432589999998, -26.902928299238017], [-48.993590799999986, -26.903418799238022], [-48.993152800000026, -26.904129399238], [-48.9926029, -26.904791099238015], [-48.991871699999976, -26.905279199237984], [-48.991528599999974, -26.906019699237973], [-48.99081289999998, -26.906523299237964], [-48.99006120000001, -26.906998899237976], [-48.98984890000003, -26.907797199237947], [-48.98941339999998, -26.90851419923794], [-48.9888545, -26.909151299237934], [-48.98845310000002, -26.90988969923791], [-48.988003699999986, -26.910587699237908], [-48.987472500000024, -26.91025609923792], [-48.986774099999984, -26.909741399237866], [-48.9858987, -26.909532099237882], [-48.98514660000001, -26.90999169923787], [-48.984319599999985, -26.910318599237883], [-48.9837018, -26.91091969923791], [-48.98303850000002, -26.911492699237865], [-48.982430799999975, -26.912092699237878], [-48.98188449999998, -26.91275549923785], [-48.9812445, -26.91333089923785], [-48.980694400000004, -26.913989499237832], [-48.980075, -26.914592199237823], [-48.979520900000004, -26.915236499237782], [-48.97908810000002, -26.915960999237765], [-48.9784227, -26.9165198992378], [-48.97790639999999, -26.917196899237787], [-48.97789820000003, -26.91719929923777], [-48.97723830000001, -26.917757099237765], [-48.97660819999998, -26.918335999237758], [-48.976182, -26.91905419923773], [-48.975446299999994, -26.919534099237726], [-48.97469979999999, -26.91998439923769], [-48.974237099999975, -26.920698899237685], [-48.97432600000002, -26.92150299923764], [-48.97360149999997, -26.92197909923766], [-48.972729500000014, -26.921765399237692], [-48.971823099999995, -26.92165989923766], [-48.971644000000026, -26.922465599237665], [-48.97084969999998, -26.922876699237648], [-48.970048299999966, -26.922454899237643], [-48.969426899999974, -26.923037299237627], [-48.96891870000002, -26.923727299237623], [-48.96820969999999, -26.924254399237626], [-48.96752140000001, -26.924796299237638], [-48.96676389999998, -26.925240499237567], [-48.96632879999998, -26.9259517992376], [-48.96558779999998, -26.92641199923762], [-48.96497290000002, -26.927009099237605], [-48.96410450000002, -26.927256799237572], [-48.9633915, -26.92778749923758], [-48.9627203, -26.928321399237557], [-48.962221399999976, -26.92900489923753], [-48.96131480000002, -26.92901889923754], [-48.9604286, -26.92884589923752], [-48.95978960000003, -26.928275699237517], [-48.95915659999997, -26.928843999237557], [-48.95829329999999, -26.929082499237534], [-48.957378199999994, -26.92915299923751], [-48.95649029999997, -26.929311999237502], [-48.9563299, -26.9295890992375], [-48.95687479999999, -26.930244099237488], [-48.95728559999998, -26.930978199237515], [-48.95691019999998, -26.93171419923746], [-48.95738069999998, -26.932401399237474], [-48.95752279999999, -26.933201399237422], [-48.957957399999984, -26.93391719923745], [-48.957705299999986, -26.93469609923742], [-48.9573909, -26.93546369923742], [-48.957539499999996, -26.936278599237376], [-48.95732259999999, -26.937060799237365], [-48.956609199999995, -26.93756629923737], [-48.95648760000001, -26.93836749923738], [-48.95654990000002, -26.939170899237354], [-48.95711560000001, -26.939811499237344], [-48.957817700000014, -26.94031939923734], [-48.95845650000002, -26.9408974992373], [-48.95881600000001, -26.94165409923729], [-48.95958380000002, -26.942093399237258], [-48.96027120000003, -26.94263629923728], [-48.96037919999997, -26.94343819923726], [-48.960376, -26.944247499237246], [-48.96017840000001, -26.945052999237188], [-48.9599518, -26.945844099237195], [-48.959885099999994, -26.94665959923717], [-48.96012080000002, -26.947432699237144], [-48.960727799999965, -26.948051199237167], [-48.960879399999996, -26.948850899237172], [-48.9608306, -26.949655099237106], [-48.96161189999998, -26.950067099237128], [-48.962244299999995, -26.950670399237083], [-48.96282159999998, -26.95129809923708], [-48.963656699999994, -26.95162829923706], [-48.963638100000026, -26.95243749923705], [-48.9641671, -26.95310209923709], [-48.965061600000006, -26.953180699237073], [-48.96596299999998, -26.95308099923707], [-48.966804299999964, -26.952775499237042], [-48.9677014, -26.952859699237038], [-48.96859069999999, -26.95303969923704], [-48.9694647, -26.952815299237063], [-48.97029689999999, -26.9524662992371], [-48.97106769999999, -26.952262299237063], [-48.97106789999997, -26.953076999237084], [-48.97097450000001, -26.953874399237073], [-48.97096629999997, -26.95469789923702], [-48.97093, -26.95549929923699], [-48.97178639999998, -26.95575089923701], [-48.97254550000002, -26.956190599237015], [-48.97318790000002, -26.956758399236985], [-48.97354899999998, -26.957497999236967], [-48.97412859999997, -26.95813189923697], [-48.97472709999999, -26.958745299236934], [-48.974535499999995, -26.959550499236922], [-48.97400929999997, -26.960203199236943], [-48.97325230000001, -26.96066569923691], [-48.9726867, -26.961297599236932], [-48.971784199999995, -26.9611722992369], [-48.97168950000002, -26.961979099236903], [-48.97092650000001, -26.96244939923691], [-48.97128040000002, -26.963185399236846], [-48.97157440000001, -26.963957199236823], [-48.97188249999999, -26.964711799236817], [-48.97246159999996, -26.965331899236848], [-48.9726822, -26.9661100992368], [-48.97253100000001, -26.966915099236797], [-48.97214029999997, -26.96764899923679], [-48.972501599999994, -26.968383199236783], [-48.9726806, -26.96918059923676], [-48.97276369999997, -26.969992799236742], [-48.97316749999999, -26.970724399236722], [-48.97376079999998, -26.971325899236717], [-48.9744991, -26.971803099236684], [-48.97486839999999, -26.97253779923669], [-48.9753705, -26.97320289923666], [-48.97612600000002, -26.973675099236647], [-48.9769895, -26.973922999236674], [-48.97790500000002, -26.974046199236614], [-48.97840200000002, -26.97471579923664], [-48.978853699999995, -26.97541549923662], [-48.9796336, -26.97585079923661], [-48.9804408, -26.975491799236607], [-48.981375199999995, -26.975527699236622], [-48.9822818, -26.975532199236607], [-48.983129099999985, -26.975827799236622], [-48.98390779999999, -26.976237699236638], [-48.983814699999975, -26.97703609923661], [-48.98315580000002, -26.977608699236605], [-48.9828809, -26.978386599236597], [-48.98287240000001, -26.979194599236585], [-48.98329849999998, -26.979905799236533], [-48.983227699999986, -26.980712499236507], [-48.98402709999999, -26.981083499236533], [-48.984913000000006, -26.981216399236505], [-48.985636600000014, -26.981718899236476], [-48.98613139999998, -26.982396399236517], [-48.98700630000002, -26.982651799236486], [-48.987825300000004, -26.983022499236498], [-48.98868679999998, -26.9832634992365], [-48.98950280000004, -26.98361039923645], [-48.9903102, -26.983965899236463], [-48.99100379999999, -26.984482599236436], [-48.991574000000014, -26.985117499236452], [-48.9919319, -26.98586899923641], [-48.99200000000001, -26.986683999236448], [-48.9924527, -26.987406799236382], [-48.9931497, -26.98791269923638], [-48.9932814, -26.988715899236368], [-48.99312029999999, -26.989520999236383], [-48.992914999999975, -26.990323199236332], [-48.99302469999997, -26.991122999236342], [-48.99319229999996, -26.991926399236316], [-48.99368679999996, -26.992619099236308], [-48.9944868, -26.9930075992363], [-48.99500339999998, -26.993663899236275], [-48.99579590000002, -26.994048299236244], [-48.99629959999999, -26.994728699236248], [-48.99689929999999, -26.99532679923624], [-48.997135899999975, -26.99612259923619], [-48.99673569999999, -26.99683989923621], [-48.99686459999997, -26.997648499236227], [-48.99691689999997, -26.998470299236196], [-48.996910800000016, -26.99928719923617], [-48.997000300000025, -27.00011219923614], [-48.996727799999974, -27.00087979923614], [-48.99663789999999, -27.001703699236135], [-48.9968152, -27.00250549923609], [-48.997195799999986, -27.003257099236087], [-48.997531099999996, -27.004014899236093], [-48.99775829999999, -27.004791599236043], [-48.997904300000016, -27.00560289923602], [-48.99800649999997, -27.006414899236013], [-48.99752469999998, -27.00711909923603], [-48.99732399999999, -27.007905299236004], [-48.99759599999999, -27.00868259923598], [-48.9982668, -27.009241999235957], [-48.999055999999996, -27.009635699235965], [-48.99981250000002, -27.010084599236], [-49.00054499999999, -27.010585899235977], [-49.00101089999998, -27.011275799235957], [-49.00159919999998, -27.011898499235897], [-49.00231480000002, -27.012396699235914], [-49.00313820000001, -27.012767099235944], [-49.00378590000003, -27.013338799235893], [-49.00444490000002, -27.013903499235912], [-49.005341800000004, -27.013996799235866], [-49.0062317, -27.013857199235918], [-49.007109800000016, -27.01363469923591], [-49.0077969, -27.01308749923589], [-49.00841630000002, -27.012484799235903], [-49.00910529999998, -27.0119574992359], [-49.01000809999999, -27.011879799235913], [-49.010905400000006, -27.011936399235946], [-49.011800499999985, -27.01213559923594], [-49.01250110000001, -27.011595999235933], [-49.01329290000002, -27.01120419923594], [-49.01419650000002, -27.011059399235954], [-49.014302799999996, -27.011056499235934], [-49.015002700000025, -27.01159579923595], [-49.0156708, -27.01215859923594], [-49.01601019999999, -27.012902399235873], [-49.01637720000002, -27.01364259923591], [-49.0165058, -27.014441199235897], [-49.01561070000003, -27.014639399235897], [-49.01468849999998, -27.014599899235876], [-49.01385169999996, -27.014924899235854], [-49.01363520000001, -27.015702199235882], [-49.0133275, -27.01646089923587], [-49.012661900000005, -27.017034699235833], [-49.012165100000004, -27.017703299235798], [-49.0120015, -27.0184918992358], [-49.012294899999965, -27.019275599235783], [-49.01246639999999, -27.020063499235757], [-49.01309629999997, -27.02065719923578], [-49.0134855, -27.021399699235758], [-49.01356820000001, -27.022206399235746], [-49.01358739999999, -27.023017499235685], [-49.01314619999999, -27.023734599235706], [-49.01261540000001, -27.024409899235703], [-49.012552700000015, -27.02521999923566], [-49.01201630000003, -27.02589449923566], [-49.01146019999999, -27.026557199235658], [-49.01092679999999, -27.027221799235623], [-49.010359, -27.027864099235618], [-49.01045119999998, -27.028668399235617], [-49.0108065, -27.029428499235575], [-49.01018629999999, -27.03003349923557], [-49.0094262, -27.03050549923557], [-49.00875919999998, -27.031077599235562], [-49.008117399999996, -27.031640899235562], [-49.007555700000005, -27.032294199235555], [-49.0071772, -27.033029799235518], [-49.006465299999995, -27.03355829923549], [-49.00598980000001, -27.034246399235464], [-49.00548179999999, -27.034930399235485], [-49.00505709999998, -27.035647999235444], [-49.00457260000001, -27.036162299235457], [-49.00373619999999, -27.036032599235448], [-49.0031217, -27.03543289923546], [-49.00233459999998, -27.03501529923548], [-49.00145919999999, -27.034770699235505], [-49.00063479999999, -27.034442899235476], [-48.99994800000002, -27.033918299235477], [-48.999185499999996, -27.033482099235513], [-48.99843299999997, -27.03395939923552], [-48.997544600000026, -27.0341489992355], [-48.99682030000002, -27.03463799923545], [-48.995945, -27.034831499235477], [-48.9951522, -27.035234599235498], [-48.99436530000003, -27.03565719923547], [-48.993530599999985, -27.035986299235454], [-48.99283359999998, -27.036495799235453], [-48.992072199999996, -27.036927299235444], [-48.99129599999998, -27.03736289923544], [-48.990408600000016, -27.037536999235428], [-48.98950930000001, -27.037494099235435], [-48.98858940000002, -27.03749329923541], [-48.98792129999998, -27.037380799235418], [-48.98740079999999, -27.03670059923547], [-48.987049199999994, -27.03595019923547], [-48.986760800000006, -27.035179999235492], [-48.986397300000014, -27.034443799235508], [-48.98650639999999, -27.033639999235493], [-48.98603950000001, -27.03295429923549], [-48.98594980000001, -27.032134799235518], [-48.986161999999986, -27.031331899235546], [-48.98551770000001, -27.030741699235566], [-48.98469619999997, -27.030381499235546], [-48.98411440000001, -27.029759699235576], [-48.983261299999974, -27.029505499235608], [-48.98239860000001, -27.029731199235606], [-48.98157329999999, -27.029366999235563], [-48.980811700000004, -27.028919499235563], [-48.97990149999998, -27.02890939923557], [-48.979142200000005, -27.02845179923564], [-48.9782495, -27.028309099235617], [-48.97736850000001, -27.028477499235613], [-48.97673079999998, -27.02790189923562], [-48.975842899999975, -27.027763199235597], [-48.97502630000002, -27.028141799235623], [-48.97428100000001, -27.028601599235586], [-48.97341549999999, -27.028864599235607], [-48.97298319999999, -27.028351499235594], [-48.97208530000001, -27.02817739923562], [-48.97123379999998, -27.02789949923561], [-48.970369600000026, -27.027633799235602], [-48.96950020000002, -27.027846499235626], [-48.96883659999998, -27.02729599923562], [-48.96824629999997, -27.026670999235655], [-48.9673887, -27.02640389923564], [-48.966810800000026, -27.02577809923568], [-48.96602969999998, -27.025364099235652], [-48.96565129999999, -27.024615899235695], [-48.96552200000002, -27.023802399235723], [-48.9648259, -27.023269999235726], [-48.96417609999997, -27.02270139923574], [-48.963821999999986, -27.021940199235765], [-48.96305109999997, -27.021505399235757], [-48.96258349999999, -27.02081929923578], [-48.961796499999984, -27.02041959923578], [-48.96177460000001, -27.020561899235773], [-48.961432, -27.02130549923573], [-48.96131960000002, -27.02210849923572], [-48.96053840000002, -27.02253069923573], [-48.95966520000002, -27.02278379923573], [-48.958751399999976, -27.022715899235685], [-48.95787080000002, -27.02294459923572], [-48.9569887, -27.023138999235723], [-48.9562942, -27.023674699235706], [-48.9555421, -27.024143499235667], [-48.95469780000002, -27.024458999235655], [-48.953828999999985, -27.02466249923565], [-48.9533047, -27.02532139923566], [-48.95239950000002, -27.025296899235684], [-48.95163839999998, -27.025726099235648], [-48.95078039999998, -27.02547399923564], [-48.949957799999986, -27.02583489923567], [-48.94904650000001, -27.025947499235617], [-48.94840019999997, -27.026511499235664], [-48.94754449999999, -27.026764899235616], [-48.94679760000002, -27.027222199235602], [-48.94625439999999, -27.027865999235633], [-48.94552700000002, -27.028367399235595], [-48.944620600000015, -27.028497499235627], [-48.94387929999999, -27.028012199235594], [-48.94297540000004, -27.027946699235578], [-48.94206380000002, -27.027992399235636], [-48.9411852, -27.027736099235636], [-48.9403873, -27.027344199235635], [-48.93949420000001, -27.027251699235656], [-48.938587499999976, -27.02710549923564], [-48.93767459999998, -27.02702869923565], [-48.93679150000003, -27.026800099235643], [-48.935897599999976, -27.02692899923564], [-48.935296900000026, -27.027533199235613], [-48.93454659999997, -27.027992599235617], [-48.934547099999975, -27.02881989923557], [-48.93434680000001, -27.029622699235585], [-48.934198200000026, -27.03042119923554], [-48.93405100000001, -27.031232999235538], [-48.93421830000001, -27.032028999235564], [-48.93391969999998, -27.032798799235533], [-48.93310569999999, -27.0331476992355], [-48.932303, -27.033529399235526], [-48.93169369999998, -27.0341185992355], [-48.93156110000002, -27.034916499235482], [-48.9314028, -27.035715799235454], [-48.93149249999998, -27.03651559923543], [-48.93097929999999, -27.037193799235457], [-48.93025110000002, -27.037692499235426], [-48.929901099999995, -27.03844929923544], [-48.92967220000002, -27.03922739923542], [-48.92968600000001, -27.040036899235403], [-48.92951620000002, -27.040831499235388], [-48.928995999999984, -27.04150529923534], [-48.928610600000006, -27.04224929923532], [-48.927838899999976, -27.04269549923531], [-48.92748369999998, -27.04294339923533], [-48.9279507, -27.043433199235288], [-48.92863590000002, -27.043983399235305], [-48.92938470000002, -27.044454899235298], [-48.93022939999997, -27.044759799235308], [-48.9310595, -27.045111399235278], [-48.931935099999976, -27.04531309923527], [-48.93278470000001, -27.045585799235297], [-48.933575800000035, -27.045998099235284], [-48.93354770000002, -27.04681209923528], [-48.93328200000002, -27.04760279923523], [-48.9330003, -27.048377699235218], [-48.933780899999995, -27.048777299235184], [-48.934674400000006, -27.048914599235204], [-48.93556139999998, -27.04905579923523], [-48.9364332, -27.04927329923518], [-48.93729339999999, -27.04954279923519], [-48.938197, -27.049696099235195], [-48.93910870000002, -27.04969799923517], [-48.9399133, -27.0492996992352], [-48.94066609999999, -27.048826299235188], [-48.94130130000001, -27.048245899235205], [-48.94216999999997, -27.048497099235245], [-48.943070499999976, -27.048633399235246], [-48.943808100000005, -27.049103299235213], [-48.94471789999999, -27.049098799235235], [-48.945637499999975, -27.049157799235196], [-48.94655669999997, -27.049177799235203], [-48.94724910000002, -27.049699499235157], [-48.9475673, -27.050474299235198], [-48.948341200000016, -27.050883599235195], [-48.94879709999998, -27.05159199923519], [-48.94927419999999, -27.052280399235123], [-48.94900219999998, -27.05307029923513], [-48.94935249999997, -27.05383039923509], [-48.9502559, -27.05402759923509], [-48.95088500000003, -27.05461799923512], [-48.95107550000001, -27.055400899235067], [-48.95025340000001, -27.055753399235083], [-48.94939340000002, -27.05605389923507], [-48.949190600000016, -27.05685249923504], [-48.94836939999999, -27.057206599235013], [-48.9475165, -27.057525399235022], [-48.9468612, -27.05808309923502], [-48.945949499999976, -27.058145799235], [-48.9450387, -27.058113899235057], [-48.94479660000001, -27.058885799235004], [-48.944170999999976, -27.05947569923501], [-48.94358049999999, -27.05886529923499], [-48.94293010000001, -27.058289299235042], [-48.9420538, -27.058515999235013], [-48.94139330000001, -27.059085499234993], [-48.94077970000001, -27.059693299234986], [-48.93996120000003, -27.059358399235013], [-48.940114199999975, -27.058568499235008], [-48.94012969999999, -27.057762399235045], [-48.94001960000002, -27.05696489923508], [-48.939919499999974, -27.056164399235065], [-48.939493399999996, -27.0554383992351], [-48.938727400000005, -27.055007299235104], [-48.9382185, -27.055690099235076], [-48.9378787, -27.05643749923509], [-48.93795590000001, -27.05724929923508], [-48.937670500000024, -27.05801679923504], [-48.93690440000001, -27.058475599235038], [-48.93632559999997, -27.059101099235033], [-48.936334800000004, -27.059908799235007], [-48.9362284, -27.060713999234988], [-48.93697470000001, -27.06116219923499], [-48.9378853, -27.061255099234945], [-48.93877329999997, -27.061096099234963], [-48.939524800000015, -27.061568999234982], [-48.94016370000003, -27.062160599234982], [-48.940734299999974, -27.062785399234933], [-48.941270599999996, -27.063443399234906], [-48.94201020000003, -27.06392539923494], [-48.94278289999999, -27.06437139923493], [-48.943431799999985, -27.064931799234913], [-48.94342080000001, -27.065738399234878], [-48.943924100000004, -27.066430799234844], [-48.94483020000001, -27.06658759923486], [-48.94549510000002, -27.06714589923487], [-48.946336799999976, -27.067426699234833], [-48.94720139999998, -27.067658799234867], [-48.9480936, -27.067873699234852], [-48.94898280000001, -27.068087999234834], [-48.949367199999976, -27.068814199234858], [-48.950080500000006, -27.069318999234817], [-48.95072110000001, -27.069882499234808], [-48.95035050000001, -27.070637499234767], [-48.950134900000016, -27.071430899234766], [-48.95017519999998, -27.072249299234773], [-48.95004130000001, -27.07305749923475], [-48.9499697, -27.073875099234748], [-48.950734599999976, -27.074327999234704], [-48.95137230000001, -27.07492029923469], [-48.95195330000001, -27.07556959923469], [-48.95213009999996, -27.076357799234653], [-48.95166849999997, -27.07706189923466], [-48.95115750000002, -27.07774319923463], [-48.95076099999999, -27.078471199234663], [-48.95057559999997, -27.079271499234626], [-48.95030159999999, -27.080042599234627], [-48.94957079999999, -27.080528399234574], [-48.948876999999975, -27.081052799234598], [-48.94813670000001, -27.08151029923457], [-48.947348499999976, -27.081909099234586], [-48.946565000000014, -27.082302199234586], [-48.94588349999997, -27.082840099234563], [-48.94536269999996, -27.083509199234523], [-48.94521759999998, -27.084312899234515], [-48.94525390000002, -27.08512449923452], [-48.94464900000002, -27.085726199234507], [-48.94385809999999, -27.086113599234483], [-48.943321000000026, -27.08676959923449], [-48.942908699999975, -27.087497599234467], [-48.94209080000002, -27.087867499234473], [-48.94119999999998, -27.088008099234482], [-48.9403105, -27.08778179923448], [-48.939439600000014, -27.088027599234426], [-48.93878160000003, -27.08859679923445], [-48.93786599999998, -27.088536799234433], [-48.937133099999976, -27.089026299234447], [-48.936492199999975, -27.08959079923442], [-48.93646929999999, -27.09040879923439], [-48.93585860000001, -27.09099669923442], [-48.93537229999998, -27.091688899234388], [-48.9351188, -27.09246569923436], [-48.9342234, -27.092283799234394], [-48.93335059999998, -27.092554599234404], [-48.932554100000004, -27.092962199234343], [-48.931891199999995, -27.09351009923437], [-48.93102549999997, -27.09373789923435], [-48.930132399999984, -27.09390489923434], [-48.92936329999997, -27.094330999234348], [-48.928619399999995, -27.093844399234367], [-48.92784599999999, -27.094264899234325], [-48.9274512, -27.09498929923433], [-48.92725580000001, -27.09511799923433], [-48.927519599999975, -27.09588539923429], [-48.927644799999996, -27.096699499234287], [-48.92851630000001, -27.09694029923431], [-48.92940809999999, -27.096837299234295], [-48.92985229999999, -27.097560799234277], [-48.929898700000024, -27.09785199923425], [-48.9304075, -27.097813699234294], [-48.93130689999998, -27.09781889923425], [-48.9322007, -27.09798169923426], [-48.93296279999998, -27.098427499234266], [-48.93376060000002, -27.09882029923424], [-48.934580299999986, -27.09916269923427], [-48.93548789999999, -27.099213799234214], [-48.936339799999985, -27.099538499234228], [-48.93674449999996, -27.100252799234255], [-48.93624879999997, -27.100939599234206], [-48.936471799999985, -27.10173159923419], [-48.93738389999999, -27.101733499234218], [-48.93810880000001, -27.102215699234154], [-48.93884150000003, -27.102716799234162], [-48.93931989999999, -27.103422499234174], [-48.93997719999999, -27.103990499234172], [-48.94039059999999, -27.104721299234132], [-48.94091500000001, -27.10538669923411], [-48.941801399999974, -27.10553579923411], [-48.94264709999999, -27.105852599234108], [-48.9435583, -27.1059296992341], [-48.944172700000024, -27.10654399923408], [-48.945064800000004, -27.106648299234138], [-48.94576419999998, -27.107180299234063], [-48.946405500000026, -27.107740299234074], [-48.947264200000006, -27.108042899234068], [-48.94815829999998, -27.107962599234064], [-48.948982600000015, -27.108306599234066], [-48.94953779999997, -27.10893589923405], [-48.9500582, -27.109587999234012], [-48.95088579999997, -27.109233599234027], [-48.95161899999999, -27.10874209923403], [-48.95244279999996, -27.108389599234062], [-48.9531723, -27.107910999234086], [-48.9539934, -27.10752739923405], [-48.95477599999998, -27.10713079923408], [-48.955507599999976, -27.106646499234113], [-48.95627080000003, -27.10711359923409], [-48.95706769999998, -27.107526699234064], [-48.9574501, -27.108275899234094], [-48.9575312, -27.109072999234066], [-48.957842899999996, -27.109824799234055], [-48.95819640000001, -27.11058849923403], [-48.95831980000003, -27.111393699234018], [-48.9591729, -27.111709599233986], [-48.96007659999998, -27.111891799234026], [-48.96098460000002, -27.11188799923403], [-48.961881999999996, -27.112104699233967], [-48.962694100000014, -27.112473699234013], [-48.963609799999965, -27.112521399233973], [-48.96445449999999, -27.112212799234], [-48.96531889999999, -27.112481599234016], [-48.96588489999999, -27.11311069923397], [-48.96666019999998, -27.113538499233965], [-48.967366500000026, -27.11406259923396], [-48.96811830000001, -27.114540999233924], [-48.9685007, -27.115270999233935], [-48.96907069999997, -27.11590499923392], [-48.969897100000026, -27.116225499233895], [-48.970652299999976, -27.116698899233935], [-48.97155400000001, -27.116732899233885], [-48.972369300000025, -27.117072599233868], [-48.97249529999999, -27.11788589923385], [-48.9732333, -27.11835729923388], [-48.97258390000001, -27.118938299233893]]]}}]}