{"type": "FeatureCollection", "features": [{"id": "0", "type": "Feature", "properties": {"name": "Blumenau", "ibge_code": "4202404"}, "geometry": {"type": "Polygon", "coordinates": [[[-49.031299299999944, -26.937497999999948], [-49.03136329999995, -26.93757729999993], [-49.03146659999993, -26.937723999999946], [-49.03170589999996, -26.93806239999998], [-49.03177939999995, -26.938092799999936], [-49.03185509999997, -26.93810659999997], [-49.03192569999993, -26.938093299999935], [-49.03199239999998, -26.938066599999956], [-49.03221639999998, -26.937927599999966], [-49.03247879999998, -26.937733099999946], [-49.03267919999996, -26.937499299999956], [-49.032943099999954, -26.937171099999944], [-49.03310789999995, -26.937028899999973], [-49.03330939999995, -26.936940499999935], [-49.03355289999996, -26.93685929999998], [-49.03374329999997, -26.936822199999938], [-49.03392659999997, -26.93682469999993], [-49.034051999999974, -26.936855099999946], [-49.03417749999994, -26.936902499999974], [-49.03443939999994, -26.93704839999998], [-49.03476789999996, -26.937348499999928], [-49.035035799999946, -26.93750499999993], [-49.036183499999936, -26.938053799999977], [-49.036365699999976, -26.938143799999978], [-49.03651299999996, -26.938240099999973], [-49.03665989999996, -26.938384699999972], [-49.03673519999995, -26.93848209999993], [-49.036802799999975, -26.93856839999995], [-49.036838899999964, -26.93865809999994], [-49.03685879999995, -26.938752299999976], [-49.03685369999994, -26.93887509999996], [-49.03683619999998, -26.939295199999947], [-49.036854699999935, -26.93935419999997], [-49.03687329999997, -26.939413299999956], [-49.03694429999996, -26.939523099999974], [-49.03714689999998, -26.939798099999962], [-49.03726039999998, -26.939927499999953], [-49.03732199999996, -26.939984099999947], [-49.037383999999975, -26.94002409999996], [-49.03745809999998, -26.940057399999944], [-49.037541199999964, -26.94008059999993], [-49.03768759999997, -26.940091499999937], [-49.03775209999998, -26.94009049999994], [-49.03782289999998, -26.94007759999994], [-49.037891299999956, -26.94005949999996], [-49.03794279999994, -26.940035299999977], [-49.03801549999997, -26.939983599999948], [-49.03815919999994, -26.939812699999948], [-49.038219899999945, -26.939767899999936], [-49.03882919999995, -26.939466899999957], [-49.039134099999956, -26.939300999999944], [-49.039385799999934, -26.939175499999976], [-49.04002669999994, -26.93894039999998], [-49.04009819999993, -26.93890629999993], [-49.040166699999986, -26.938855099999955], [-49.040203099999985, -26.938790299999937], [-49.040227399999935, -26.938706399999944], [-49.04047439999994, -26.938075099999935], [-49.040792599999975, -26.93782349999998], [-49.04088749999994, -26.937788299999966], [-49.04100559999995, -26.937771099999964], [-49.04113139999998, -26.937788999999952], [-49.041258899999946, -26.93783209999998], [-49.04171979999995, -26.93810959999996], [-49.04211719999995, -26.938427399999966], [-49.04275769999998, -26.938944899999967], [-49.042794399999934, -26.93901939999995], [-49.04281039999995, -26.939094299999965], [-49.042811599999936, -26.939175599999942], [-49.04278969999996, -26.939262999999983], [-49.04267199999998, -26.939678899999933], [-49.04266979999994, -26.939763899999946], [-49.04268609999997, -26.93983549999996], [-49.042751899999985, -26.939951399999927], [-49.042841599999974, -26.940075999999976], [-49.04289279999995, -26.94012259999994], [-49.042966699999965, -26.94015399999995], [-49.043111299999964, -26.940209399999958], [-49.04316419999998, -26.940224799999953], [-49.04337929999997, -26.94023619999996], [-49.04373419999996, -26.94018829999993], [-49.044098599999984, -26.940136799999948], [-49.04416729999997, -26.940120199999967], [-49.044227099999944, -26.94011839999996], [-49.04428429999996, -26.94014729999998], [-49.044323299999974, -26.940192499999966], [-49.04451359999996, -26.940708599999937], [-49.044602699999984, -26.940887799999928], [-49.04470229999998, -26.941030499999954], [-49.04479409999993, -26.94116619999994], [-49.044921099999954, -26.941285599999958], [-49.04500379999996, -26.941405499999973], [-49.04512329999994, -26.941520399999945], [-49.04528779999998, -26.941576699999928], [-49.045471299999974, -26.941611399999942], [-49.045686599999954, -26.941643099999965], [-49.04592789999998, -26.94168589999998], [-49.04604989999996, -26.941709899999978], [-49.04615739999997, -26.941776699999934], [-49.04627979999998, -26.94185559999994], [-49.046356999999944, -26.941939499999933], [-49.046437399999945, -26.94206639999993], [-49.04653089999994, -26.942158099999972], [-49.046631299999945, -26.942232599999954], [-49.04681379999994, -26.942333599999984], [-49.04689799999994, -26.94238749999994], [-49.04727969999993, -26.942713599999934], [-49.04767789999994, -26.943073699999957], [-49.04815309999998, -26.94340139999997], [-49.04850719999996, -26.94364969999998], [-49.04891169999996, -26.94389099999995], [-49.04934749999995, -26.94424299999997], [-49.049624499999936, -26.944478699999934], [-49.049682099999984, -26.944559199999958], [-49.04969989999995, -26.94459939999996], [-49.04969589999996, -26.944639699999982], [-49.049681299999975, -26.944663999999932], [-49.04964639999997, -26.944695699999954], [-49.049567699999955, -26.944740399999944], [-49.04948899999994, -26.944785099999933], [-49.049378299999944, -26.94490399999995], [-49.04930759999996, -26.945037299999967], [-49.04928239999998, -26.945095099999946], [-49.04927309999994, -26.945164199999965], [-49.049279799999965, -26.945271599999955], [-49.04931919999996, -26.94537029999998], [-49.049373499999945, -26.945438099999933], [-49.04950809999997, -26.945573699999954], [-49.04962409999996, -26.945656699999972], [-49.04978909999994, -26.945787199999984], [-49.04997119999996, -26.94589129999997], [-49.050279699999976, -26.946061399999962], [-49.050387599999965, -26.946155199999964], [-49.050697999999954, -26.946553199999983], [-49.05101499999995, -26.947028899999964], [-49.05134319999996, -26.947374099999934], [-49.05150389999994, -26.947472999999945], [-49.05156009999996, -26.94748889999994], [-49.051706399999944, -26.94753039999995], [-49.051952599999936, -26.94759629999993], [-49.052913599999954, -26.94793059999995], [-49.05352929999998, -26.94800239999995], [-49.053713899999934, -26.948037099999965], [-49.05387179999997, -26.94808999999998], [-49.054337199999964, -26.948321199999953], [-49.05443489999993, -26.948388699999953], [-49.05452799999995, -26.94849389999996], [-49.054607499999975, -26.94861889999993], [-49.054652799999985, -26.94875929999995], [-49.054696399999955, -26.94906119999996], [-49.05466289999998, -26.949541499999953], [-49.05466729999995, -26.94967319999995], [-49.05468209999998, -26.94979399999994], [-49.05479419999995, -26.95021029999998], [-49.05481419999995, -26.950307799999962], [-49.05481559999998, -26.950405299999943], [-49.05478759999994, -26.95063629999993], [-49.054823899999974, -26.95107939999997], [-49.055357999999956, -26.952654499999937], [-49.05545149999995, -26.95291609999998], [-49.05551499999996, -26.95301999999998], [-49.055602299999975, -26.953128299999946], [-49.05592319999994, -26.95340319999997], [-49.05625859999998, -26.95382239999998], [-49.05663069999997, -26.954137799999955], [-49.05673399999995, -26.954214699999966], [-49.056847199999936, -26.95428009999995], [-49.057149899999956, -26.954421599999932], [-49.05735139999996, -26.95456489999998], [-49.05746319999997, -26.954673999999955], [-49.057490299999984, -26.954743599999972], [-49.05749899999995, -26.95482519999996], [-49.05748029999995, -26.955022799999938], [-49.057462199999975, -26.955110799999943], [-49.05742289999995, -26.955199599999958], [-49.057282999999984, -26.955454799999927], [-49.057179099999985, -26.955578999999943], [-49.057047799999964, -26.95567159999996], [-49.05651519999998, -26.95594619999997], [-49.05632029999998, -26.956098899999972], [-49.05608879999994, -26.956357799999978], [-49.05578929999996, -26.956636899999978], [-49.05565549999994, -26.956783299999984], [-49.05555969999995, -26.956961999999976], [-49.05500139999998, -26.95821399999994], [-49.05491609999996, -26.95847649999996], [-49.05477179999997, -26.958811799999978], [-49.054668299999946, -26.959073699999976], [-49.05461839999998, -26.959320399999967], [-49.054522599999984, -26.959521999999936], [-49.05438619999995, -26.95968879999998], [-49.05420479999998, -26.959827099999927], [-49.05398279999997, -26.959914899999944], [-49.05370599999998, -26.95992769999998], [-49.05339769999995, -26.95990319999993], [-49.05298669999996, -26.959797899999955], [-49.052700899999934, -26.95977339999996], [-49.05259429999995, -26.95977469999997], [-49.052469299999984, -26.95978999999994], [-49.05225169999994, -26.95987249999996], [-49.05204659999998, -26.95998119999996], [-49.051865599999985, -26.960128399999974], [-49.05115619999998, -26.96071699999993], [-49.05080749999996, -26.961020599999983], [-49.050572099999954, -26.961232499999937], [-49.050406399999986, -26.96145279999996], [-49.04957399999995, -26.962846999999954], [-49.049342199999955, -26.96315029999994], [-49.04920459999994, -26.963288999999975], [-49.049048099999936, -26.963406499999962], [-49.04880739999993, -26.963542399999938], [-49.04854549999993, -26.96365949999995], [-49.04782919999997, -26.963969499999962], [-49.047598999999934, -26.964131099999975], [-49.04754359999998, -26.964179099999967], [-49.047501599999975, -26.964252199999976], [-49.047443999999984, -26.964438799999982], [-49.04741569999993, -26.96464469999995], [-49.047400799999934, -26.96484429999998], [-49.04742749999997, -26.965033699999935], [-49.04748409999996, -26.96522649999997], [-49.047556499999985, -26.965727399999935], [-49.04756439999994, -26.965884399999936], [-49.04753329999994, -26.966017799999975], [-49.04749409999994, -26.966162699999984], [-49.04741319999994, -26.966301899999962], [-49.04735229999994, -26.966400799999974], [-49.04660979999994, -26.967254899999944], [-49.04627719999996, -26.96784809999997], [-49.04583039999994, -26.968559699999958], [-49.045705699999985, -26.968820999999934], [-49.045360399999936, -26.969473999999934], [-49.04510239999996, -26.970183499999962], [-49.04491129999997, -26.970555299999944], [-49.044588799999985, -26.971012299999984], [-49.044363299999986, -26.971246699999938], [-49.04422669999997, -26.971365899999967], [-49.04406729999994, -26.97146369999996], [-49.04393309999995, -26.971526599999947], [-49.043859399999974, -26.971549599999946], [-49.04376759999997, -26.97155559999993], [-49.04331479999996, -26.971482599999945], [-49.043098499999985, -26.971435699999972], [-49.04284779999995, -26.97141449999998], [-49.04268469999994, -26.97142599999995], [-49.04252789999998, -26.971514199999945], [-49.042432599999984, -26.971655299999952], [-49.042364299999974, -26.971833999999944], [-49.042201699999964, -26.97225489999994], [-49.04217849999998, -26.972537399999965], [-49.04217199999994, -26.972848099999965], [-49.04220699999996, -26.973143999999934], [-49.04229079999993, -26.973552599999948], [-49.04243249999996, -26.974068899999963], [-49.042485099999965, -26.97422169999993], [-49.04246929999994, -26.97431729999994], [-49.04241959999996, -26.974421999999947], [-49.042353299999945, -26.97449359999996], [-49.042083299999945, -26.97466769999994], [-49.04185949999993, -26.974912399999937], [-49.04171719999994, -26.975115099999982], [-49.04159269999997, -26.975426599999935], [-49.04151579999996, -26.97575139999998], [-49.04127259999996, -26.97642099999996], [-49.04116079999994, -26.976746099999957], [-49.041137499999934, -26.976840399999958], [-49.04113239999998, -26.976929499999983], [-49.04115539999998, -26.97704539999995], [-49.04119919999994, -26.977143999999953], [-49.04126839999998, -26.977287399999966], [-49.04137519999995, -26.977399299999945], [-49.04169809999996, -26.977743999999973], [-49.04178439999998, -26.977864099999977], [-49.041849999999954, -26.97799299999997], [-49.04198579999996, -26.97832589999996], [-49.042061399999966, -26.97856829999995], [-49.04210829999994, -26.97884309999995], [-49.042160999999965, -26.979133899999965], [-49.042173899999966, -26.979389599999934], [-49.042179799999985, -26.979585399999962], [-49.042156199999965, -26.979900099999952], [-49.04217859999994, -26.980137499999955], [-49.04222269999997, -26.980412799999954], [-49.042272699999955, -26.98057129999995], [-49.042366399999935, -26.980707999999936], [-49.042499299999974, -26.980792899999983], [-49.04267539999995, -26.98085759999998], [-49.04344649999996, -26.98107189999996], [-49.04357999999996, -26.981132299999956], [-49.04369319999995, -26.98121169999996], [-49.04386989999995, -26.98141759999993], [-49.04396479999997, -26.981586999999934], [-49.04398439999994, -26.981699999999933], [-49.043970799999954, -26.981815299999937], [-49.04394729999996, -26.981929199999968], [-49.04389549999996, -26.98204409999994], [-49.04323469999997, -26.982789099999934], [-49.04276679999998, -26.983384899999976], [-49.04264219999993, -26.983548999999982], [-49.04224399999998, -26.984091199999966], [-49.04211729999997, -26.984330899999975], [-49.04195969999995, -26.984698999999978], [-49.04188979999998, -26.984967299999937], [-49.04184309999994, -26.985306899999955], [-49.04187239999993, -26.985674699999947], [-49.04188039999997, -26.98578679999997], [-49.04191489999994, -26.98590299999995], [-49.041974799999934, -26.985995499999945], [-49.04208369999998, -26.986102899999935], [-49.04287399999998, -26.986841399999946], [-49.04400179999993, -26.987819799999954], [-49.04504919999994, -26.988268199999936], [-49.04538709999997, -26.98843349999993], [-49.045514699999956, -26.98853639999993], [-49.04564229999994, -26.988639199999966], [-49.04631239999998, -26.989221399999963], [-49.046696699999984, -26.989645699999983], [-49.04676299999994, -26.989783199999977], [-49.046797699999956, -26.98991579999995], [-49.04680549999995, -26.990110899999934], [-49.04678729999995, -26.990214399999957], [-49.04675139999995, -26.99034709999995], [-49.04673249999996, -26.990476299999955], [-49.04674249999994, -26.99053129999993], [-49.04676079999996, -26.99057149999993], [-49.04683869999997, -26.99066319999997], [-49.04692309999996, -26.990714599999933], [-49.047033099999965, -26.99077449999993], [-49.04715009999995, -26.99080989999993], [-49.04778339999996, -26.990922799999964], [-49.04803319999996, -26.990958699999965], [-49.04819139999995, -26.99101019999995], [-49.04832529999993, -26.991088599999955], [-49.04855799999996, -26.99124829999994], [-49.048995899999966, -26.991563799999938], [-49.04917569999998, -26.99167049999994], [-49.049414999999954, -26.99174819999996], [-49.04988689999993, -26.99182419999994], [-49.05012069999998, -26.991904899999952], [-49.050273499999946, -26.99202939999998], [-49.05038129999997, -26.992244599999935], [-49.050431199999935, -26.992427799999973], [-49.05044899999996, -26.992529899999965], [-49.050439799999936, -26.992668699999967], [-49.05044769999995, -26.992759499999977], [-49.05049459999998, -26.99290499999995], [-49.05056239999993, -26.993002899999965], [-49.050640199999975, -26.99309599999998], [-49.050738699999954, -26.99317599999995], [-49.05092719999993, -26.99326309999998], [-49.05111569999997, -26.99332899999996], [-49.05140039999998, -26.993400099999974], [-49.05154319999997, -26.993456699999967], [-49.051651799999945, -26.99352159999995], [-49.05176809999995, -26.99364339999994], [-49.05184749999995, -26.993808399999978], [-49.05195579999997, -26.993941199999938], [-49.05208479999993, -26.994048499999963], [-49.052235199999984, -26.994126299999948], [-49.05242509999994, -26.99416259999998], [-49.05326889999998, -26.994193999999936], [-49.05363289999997, -26.994170399999973], [-49.05400559999998, -26.994094099999984], [-49.054304299999956, -26.993963699999938], [-49.054575399999976, -26.99380539999993], [-49.05486209999998, -26.99352209999995], [-49.055074899999966, -26.993378999999948], [-49.05521399999998, -26.993313499999942], [-49.05540249999996, -26.993269099999964], [-49.05588719999997, -26.99322959999995], [-49.05653509999996, -26.99324869999998], [-49.05655479999996, -26.99326089999994], [-49.05657019999995, -26.99328259999993], [-49.056580699999984, -26.993315699999982], [-49.05658119999998, -26.993339299999946], [-49.05657409999998, -26.993359699999928], [-49.05655449999995, -26.993384899999967], [-49.056528399999934, -26.993402499999945], [-49.05639179999997, -26.993466499999954], [-49.05631049999994, -26.993533999999954], [-49.05626099999995, -26.99362689999998], [-49.05617639999997, -26.99406629999993], [-49.05604969999996, -26.994689199999982], [-49.05598229999998, -26.99524569999994], [-49.05585629999996, -26.995789699999932], [-49.05561609999995, -26.996853399999964], [-49.05551769999994, -26.997283299999935], [-49.05548019999998, -26.997610299999963], [-49.05550249999993, -26.99789499999997], [-49.05561279999995, -26.99831779999994], [-49.055665499999975, -26.998495799999944], [-49.055808999999954, -26.998808199999928], [-49.055961099999934, -26.999258999999938], [-49.05650509999998, -27.00027499999993], [-49.056616599999984, -27.000423299999966], [-49.05718409999997, -27.00123169999995], [-49.05737309999995, -27.00148669999993], [-49.05756189999994, -27.00168739999998], [-49.05797599999994, -27.00204619999994], [-49.058195599999976, -27.00223639999996], [-49.05864449999996, -27.002564399999983], [-49.058664799999974, -27.00259109999996], [-49.05867189999998, -27.002605399999936], [-49.058672899999976, -27.00262159999994], [-49.05866949999995, -27.00263819999998], [-49.05865979999993, -27.002656699999932], [-49.05863909999994, -27.002678899999978], [-49.058462299999974, -27.002832799999965], [-49.05817499999995, -27.003029899999945], [-49.05786569999998, -27.003178599999956], [-49.05743769999998, -27.003314699999976], [-49.05702059999993, -27.00338839999995], [-49.05699009999995, -27.003402799999947], [-49.056961299999955, -27.003423699999928], [-49.05694139999997, -27.003448599999956], [-49.056927299999984, -27.003479699999957], [-49.05673319999994, -27.004160199999944], [-49.05659669999994, -27.005097099999944], [-49.05655999999993, -27.005356999999947], [-49.05649979999998, -27.00578349999995], [-49.05648569999994, -27.006395899999973], [-49.05649649999998, -27.00684099999995], [-49.05643859999998, -27.007623899999942], [-49.05642279999995, -27.007965499999955], [-49.05639819999993, -27.008142299999975], [-49.05639199999996, -27.008652199999972], [-49.056375499999945, -27.008740199999977], [-49.05633779999994, -27.008830099999955], [-49.056285499999944, -27.008923399999958], [-49.05622009999996, -27.008995699999957], [-49.05593739999995, -27.00927239999993], [-49.055794299999945, -27.009410699999933], [-49.05553459999993, -27.00974599999995], [-49.05529969999998, -27.01007579999998], [-49.05520679999995, -27.010162999999977], [-49.05509699999993, -27.01022219999993], [-49.05480629999994, -27.01032719999995], [-49.054479199999946, -27.01040749999993], [-49.054278299999964, -27.010495299999945], [-49.054088099999944, -27.01061839999994], [-49.05391219999996, -27.01080819999993], [-49.053885399999956, -27.01085829999994], [-49.053862599999945, -27.010928999999976], [-49.05384609999993, -27.011011699999983], [-49.05385039999993, -27.011095199999943], [-49.05388519999997, -27.01123119999994], [-49.05395059999995, -27.011352299999942], [-49.054070999999965, -27.011511799999937], [-49.05422669999996, -27.011682699999938], [-49.05471499999993, -27.012086299999964], [-49.055165399999964, -27.012371599999938], [-49.05524889999998, -27.01243539999996], [-49.055583499999955, -27.01269129999997], [-49.055706199999975, -27.012797699999965], [-49.05578329999997, -27.01291489999994], [-49.05584649999997, -27.013026899999943], [-49.05592309999997, -27.013185499999963], [-49.05596069999996, -27.013250099999937], [-49.05601029999997, -27.01331129999994], [-49.05644149999995, -27.013671399999964], [-49.05653929999994, -27.013744499999973], [-49.05685259999996, -27.01397879999996], [-49.057142699999986, -27.014147399999956], [-49.05732989999996, -27.014234199999976], [-49.05741819999997, -27.014294199999938], [-49.057455999999945, -27.01432669999997], [-49.057500999999945, -27.014350699999966], [-49.057696799999974, -27.014395399999955], [-49.058169299999975, -27.01445179999996], [-49.05848899999995, -27.01456419999994], [-49.058652999999936, -27.014693199999954], [-49.05881629999993, -27.01490519999993], [-49.05908059999996, -27.015421699999933], [-49.059255399999984, -27.01562739999997], [-49.059394399999974, -27.015763799999945], [-49.05945459999998, -27.015830499999936], [-49.05950119999994, -27.015927399999953], [-49.05952869999993, -27.016036699999972], [-49.05953779999993, -27.016144899999972], [-49.05952959999996, -27.016329199999973], [-49.059498099999985, -27.01657169999993], [-49.059418499999936, -27.01687629999998], [-49.059396499999934, -27.01696149999998], [-49.059379699999965, -27.01699919999993], [-49.05935409999995, -27.01703129999993], [-49.05929889999993, -27.01708549999995], [-49.05922979999997, -27.01713959999995], [-49.05916599999995, -27.017204099999958], [-49.059139699999946, -27.017242299999964], [-49.05912009999997, -27.01728499999996], [-49.05900699999995, -27.01757249999997], [-49.05868319999996, -27.018687499999942], [-49.05860739999997, -27.018852799999934], [-49.05851689999997, -27.018982999999935], [-49.058405999999934, -27.019105899999943], [-49.058269199999984, -27.019208599999956], [-49.05804599999993, -27.019357399999933], [-49.057836399999985, -27.019555599999933], [-49.057682399999976, -27.019744799999955], [-49.05762379999993, -27.019893499999966], [-49.05757589999996, -27.02008849999993], [-49.05753219999997, -27.020379599999956], [-49.05752259999997, -27.02054499999997], [-49.05753889999994, -27.02066199999996], [-49.05761589999997, -27.020850999999936], [-49.05763099999996, -27.020968299999936], [-49.05762159999995, -27.02111649999995], [-49.05758929999996, -27.021238799999935], [-49.057527999999934, -27.02134979999994], [-49.057312699999954, -27.021827299999927], [-49.05705399999994, -27.022199599999965], [-49.05692469999997, -27.022330299999965], [-49.056825199999935, -27.022496599999954], [-49.05669659999995, -27.022780199999943], [-49.05661029999993, -27.02309699999995], [-49.05656079999994, -27.02324029999994], [-49.05642329999995, -27.02351569999996], [-49.056323099999986, -27.023721499999965], [-49.05628839999997, -27.02392509999993], [-49.05628059999998, -27.024164199999973], [-49.05631219999998, -27.024356599999976], [-49.05637649999994, -27.02464729999997], [-49.05642629999994, -27.02480739999993], [-49.056548099999986, -27.025076199999944], [-49.056623299999956, -27.025338999999974], [-49.05666169999995, -27.025672999999983], [-49.056619299999966, -27.025954199999944], [-49.05647779999998, -27.026285599999937], [-49.05642729999994, -27.026391099999955], [-49.05634379999998, -27.026471399999934], [-49.05615039999998, -27.026654599999972], [-49.05594499999995, -27.02677769999997], [-49.055836399999976, -27.026827899999944], [-49.05570499999993, -27.026868099999945], [-49.05544539999994, -27.026878199999942], [-49.055114999999944, -27.026924399999928], [-49.05476599999997, -27.027027999999973], [-49.05395219999997, -27.02729389999996], [-49.05381829999993, -27.02734179999993], [-49.053756599999986, -27.027369299999975], [-49.053710999999964, -27.02741359999993], [-49.05368509999994, -27.027472599999953], [-49.05367869999998, -27.02754159999995], [-49.053683699999965, -27.02767689999996], [-49.05369699999994, -27.02806899999996], [-49.053660699999966, -27.028310099999942], [-49.053571799999986, -27.028655799999967], [-49.05347359999996, -27.028981099999953], [-49.05339249999997, -27.02923069999997], [-49.05334769999996, -27.02942779999995], [-49.05332159999995, -27.029653499999938], [-49.05333759999996, -27.03014749999994], [-49.05341889999994, -27.03052569999994], [-49.05356379999995, -27.031093899999973], [-49.05391009999994, -27.031927199999927], [-49.05412259999997, -27.032423499999936], [-49.05418569999995, -27.03263359999994], [-49.05419619999998, -27.032856099999947], [-49.05415399999998, -27.033237399999962], [-49.05408819999997, -27.033573799999942], [-49.05406039999997, -27.033970099999976], [-49.054067799999984, -27.034018299999957], [-49.05408959999994, -27.03406119999994], [-49.05415459999995, -27.034135999999933], [-49.05447719999995, -27.03445039999997], [-49.054660499999954, -27.034577699999943], [-49.05548709999994, -27.034891199999947], [-49.05566569999996, -27.034982799999966], [-49.05580999999995, -27.035097599999972], [-49.05592279999996, -27.035251999999957], [-49.05598159999994, -27.035372199999983], [-49.05604949999997, -27.03557139999998], [-49.05615279999995, -27.035843099999965], [-49.056487999999945, -27.036355799999967], [-49.05678519999998, -27.036555499999963], [-49.05717979999997, -27.036736299999973], [-49.05753599999997, -27.036872899999935], [-49.05791899999997, -27.037059899999974], [-49.05828449999996, -27.037229799999977], [-49.05860279999996, -27.037326399999984], [-49.05896389999998, -27.037396799999954], [-49.05927899999995, -27.037437599999976], [-49.060230099999956, -27.037494399999957], [-49.060701999999935, -27.03749499999998], [-49.06097999999997, -27.03752949999995], [-49.06102979999997, -27.037549399999932], [-49.06105969999993, -27.03758799999997], [-49.06112779999995, -27.037778799999955], [-49.06118819999995, -27.037866299999962], [-49.06126969999997, -27.037938699999984], [-49.06143119999996, -27.038048299999957], [-49.061710199999936, -27.03818579999995], [-49.06186999999994, -27.038294399999984], [-49.06198839999996, -27.038459199999977], [-49.06216089999998, -27.03866929999998], [-49.06236699999994, -27.038845999999978], [-49.062480499999936, -27.03892469999994], [-49.06254199999995, -27.03895259999996], [-49.06268879999993, -27.038980899999956], [-49.062747599999966, -27.039001199999973], [-49.06280049999998, -27.039032299999974], [-49.06282319999997, -27.039076399999942], [-49.062818999999934, -27.03912799999995], [-49.06279699999993, -27.039171799999963], [-49.062737099999936, -27.039251599999943], [-49.06259879999993, -27.039393599999983], [-49.06214129999995, -27.039788899999962], [-49.06188849999995, -27.040051499999947], [-49.06172609999993, -27.040349499999934], [-49.06154079999993, -27.04079109999998], [-49.061360699999966, -27.04135709999997], [-49.061351799999954, -27.04145669999997], [-49.06137019999994, -27.04154989999995], [-49.06142539999996, -27.041653999999937], [-49.06197049999997, -27.04227089999995], [-49.06258459999998, -27.042803799999945], [-49.062645299999986, -27.04282969999997], [-49.062711999999976, -27.04283769999995], [-49.06278379999998, -27.042827099999954], [-49.06284729999993, -27.042800299999953], [-49.06361059999995, -27.042404099999942], [-49.063950199999965, -27.042286599999954], [-49.064359699999955, -27.04223099999996], [-49.06480589999995, -27.04214289999993], [-49.06501819999994, -27.042150499999934], [-49.06511869999997, -27.042190799999958], [-49.06532099999998, -27.04230229999996], [-49.06555629999997, -27.042524699999944], [-49.06563169999998, -27.04262699999998], [-49.06569039999994, -27.042772999999954], [-49.06576519999993, -27.042959999999937], [-49.065788699999985, -27.043196699999953], [-49.065792999999985, -27.043334699999946], [-49.06575299999997, -27.043474999999944], [-49.06562759999997, -27.043680999999935], [-49.06543919999996, -27.043880399999978], [-49.065099499999974, -27.04406469999998], [-49.06491649999998, -27.044226099999946], [-49.06464989999995, -27.044539499999928], [-49.06444929999998, -27.044991399999958], [-49.06433419999996, -27.045353699999964], [-49.06422989999993, -27.045545499999946], [-49.06418149999996, -27.045704099999966], [-49.064168999999936, -27.04587989999993], [-49.06420079999998, -27.046362099999953], [-49.06418299999996, -27.046579399999928], [-49.06420799999995, -27.04702939999993], [-49.06437349999993, -27.047362199999952], [-49.064673599999935, -27.047776299999953], [-49.065031799999986, -27.048237099999938], [-49.06517039999994, -27.048391699999968], [-49.06523649999997, -27.048506999999972], [-49.06525409999995, -27.048582299999964], [-49.06525019999998, -27.048651099999972], [-49.06522449999994, -27.04872339999997], [-49.065169999999966, -27.04878519999994], [-49.06497929999995, -27.048967499999947], [-49.06452189999993, -27.04939959999996], [-49.06436499999995, -27.04952099999997], [-49.06383139999997, -27.049822199999937], [-49.063352899999984, -27.05014449999993], [-49.06319419999994, -27.050315299999966], [-49.063097099999936, -27.050528499999928], [-49.06294359999998, -27.050823699999967], [-49.062751799999944, -27.051073799999983], [-49.062594899999965, -27.051327699999945], [-49.06251869999994, -27.05158599999993], [-49.062528499999985, -27.051913699999943], [-49.06256529999996, -27.05217669999996], [-49.06253239999995, -27.052607799999976], [-49.06255609999994, -27.05273829999993], [-49.06261919999997, -27.05287999999996], [-49.06277319999998, -27.053093599999954], [-49.06289899999996, -27.053368899999953], [-49.063043999999934, -27.053709099999935], [-49.063333099999966, -27.054071999999962], [-49.06383889999995, -27.05454709999998], [-49.064102799999944, -27.054815599999984], [-49.064385999999956, -27.055002499999944], [-49.06473139999997, -27.05515479999997], [-49.06476849999996, -27.055183799999952], [-49.064776999999935, -27.05520199999995], [-49.06477169999994, -27.055222399999934], [-49.06476859999998, -27.055241799999976], [-49.06475359999996, -27.055250299999955], [-49.06470029999997, -27.055264799999975], [-49.064625199999966, -27.055269099999975], [-49.06455719999997, -27.05526249999997], [-49.06447879999996, -27.055269799999962], [-49.06439609999995, -27.055299899999966], [-49.06432969999997, -27.05536589999997], [-49.064219599999944, -27.055510899999945], [-49.064130399999954, -27.055805299999975], [-49.064083799999935, -27.05593159999995], [-49.06404139999995, -27.056002199999966], [-49.064006699999936, -27.05603979999995], [-49.06396349999994, -27.05606329999995], [-49.06386199999997, -27.056087799999943], [-49.06339669999994, -27.056221599999958], [-49.06335189999999, -27.056252899999947], [-49.06332089999995, -27.05630469999994], [-49.06329249999993, -27.05635899999993], [-49.063278099999934, -27.056420599999967], [-49.062710899999956, -27.05818849999997], [-49.062396999999976, -27.058601799999963], [-49.06203979999998, -27.058965199999932], [-49.06170109999994, -27.059169099999963], [-49.06138529999998, -27.059276099999977], [-49.06092069999994, -27.059361999999965], [-49.06065829999994, -27.059446799999932], [-49.06046969999994, -27.059539299999983], [-49.06007779999993, -27.059812799999975], [-49.05966799999993, -27.060032899999953], [-49.059228099999984, -27.060336199999938], [-49.05886559999993, -27.06058939999997], [-49.058559799999955, -27.06079449999993], [-49.05812099999997, -27.06120089999996], [-49.05760739999994, -27.061452999999972], [-49.05723839999996, -27.061530699999935], [-49.056740899999966, -27.061945999999978], [-49.05655669999993, -27.06222749999995], [-49.05642359999996, -27.062652799999967], [-49.05609889999994, -27.063023099999953], [-49.05576789999998, -27.06354609999994], [-49.05569579999997, -27.063886899999943], [-49.055466499999966, -27.064356999999973], [-49.055642199999966, -27.064907999999946], [-49.05587689999993, -27.06522719999998], [-49.056239999999946, -27.065473899999972], [-49.05650149999997, -27.065985699999942], [-49.05703579999994, -27.066480299999967], [-49.057447399999944, -27.06681509999993], [-49.05798619999996, -27.067066099999977], [-49.058365299999934, -27.06725119999993], [-49.05886159999994, -27.06746229999993], [-49.05942059999995, -27.067722499999945], [-49.05949959999998, -27.067885599999954], [-49.05984349999994, -27.06809389999995], [-49.06012099999998, -27.06826209999997], [-49.06030939999994, -27.068459099999927], [-49.06041869999996, -27.069021799999973], [-49.06063089999998, -27.069955299999947], [-49.06084519999996, -27.070465199999944], [-49.060852899999986, -27.071032799999955], [-49.060602899999935, -27.071364999999957], [-49.06024129999997, -27.071852599999943], [-49.060161999999934, -27.072009399999956], [-49.06008269999995, -27.072166299999935], [-49.059991199999956, -27.07278309999998], [-49.059901999999965, -27.073391199999946], [-49.059887499999945, -27.07386779999996], [-49.060086499999954, -27.074288899999942], [-49.060328099999936, -27.07457119999998], [-49.06059339999996, -27.074782899999946], [-49.06049729999995, -27.075093599999946], [-49.060009899999955, -27.07541509999993], [-49.059407599999986, -27.075797199999954], [-49.05911919999994, -27.076079499999935], [-49.05906649999997, -27.076416199999983], [-49.05925739999998, -27.07678599999997], [-49.05931349999997, -27.077753799999982], [-49.05926889999995, -27.078649299999938], [-49.05916789999998, -27.079254499999934], [-49.05918299999996, -27.079591499999935], [-49.05924909999993, -27.08165249999996], [-49.059240999999986, -27.082073199999968], [-49.058935099999985, -27.082469499999945], [-49.058947099999955, -27.082904799999937], [-49.05895909999998, -27.083339999999964], [-49.059007099999974, -27.083691899999963], [-49.05912559999996, -27.08382119999993], [-49.059394399999974, -27.084105999999963], [-49.05967039999996, -27.08422719999993], [-49.06002979999994, -27.084384899999975], [-49.060429899999974, -27.084744499999942], [-49.06072889999996, -27.08505969999993], [-49.06096009999993, -27.08528469999993], [-49.06114239999994, -27.08557479999996], [-49.06130189999993, -27.085794499999963], [-49.06146819999998, -27.085910999999953], [-49.061564199999964, -27.086100099999953], [-49.061424099999954, -27.08627839999997], [-49.061210399999936, -27.086445399999945], [-49.060973599999954, -27.086629199999948], [-49.06073809999998, -27.086883899999975], [-49.06039819999995, -27.087237999999957], [-49.060287399999936, -27.08734329999993], [-49.06026439999994, -27.08753379999996], [-49.06036899999998, -27.087863699999957], [-49.06038169999994, -27.088218299999937], [-49.060396399999945, -27.088486899999964], [-49.06036769999997, -27.088939099999948], [-49.06030019999997, -27.089265299999965], [-49.06014769999996, -27.089533699999947], [-49.05998899999997, -27.089768999999933], [-49.05958689999994, -27.09011709999993], [-49.05926949999997, -27.090238399999976], [-49.05888629999998, -27.09007379999997], [-49.05854489999996, -27.09011709999993], [-49.057970599999976, -27.09015549999998], [-49.057704599999965, -27.09018119999996], [-49.05745099999996, -27.090293799999984], [-49.05737529999993, -27.09047229999993], [-49.05734079999996, -27.09073399999994], [-49.05750379999995, -27.09094529999993], [-49.05763289999993, -27.091212999999982], [-49.05782769999996, -27.09155519999996], [-49.05788259999997, -27.09185199999996], [-49.05791849999997, -27.092126599999972], [-49.05781469999994, -27.09248729999996], [-49.05766129999995, -27.093145999999933], [-49.05754799999994, -27.09392719999994], [-49.05741039999998, -27.094469499999946], [-49.05740549999996, -27.094943799999953], [-49.05742649999996, -27.09548589999997], [-49.05747669999994, -27.09588659999997], [-49.05753439999995, -27.096198399999935], [-49.05772549999995, -27.09650229999994], [-49.05789219999997, -27.09670069999993], [-49.05795879999994, -27.096963699999947], [-49.05796179999993, -27.09713929999998], [-49.05781149999996, -27.097374799999955], [-49.05784309999996, -27.09757879999995], [-49.058065699999986, -27.09776679999993], [-49.05821479999997, -27.097964099999956], [-49.058380399999976, -27.098234599999955], [-49.05843399999998, -27.098406799999964], [-49.058428299999946, -27.09859799999998], [-49.05846669999994, -27.098827399999948], [-49.058538699999986, -27.09894739999993], [-49.05905259999997, -27.099175099999968], [-49.05930069999994, -27.099326299999973], [-49.05940439999995, -27.099400999999943], [-49.05960029999994, -27.099383099999955], [-49.05974009999994, -27.09924719999998], [-49.05986809999996, -27.098984599999937], [-49.05997409999998, -27.09885509999998], [-49.06005139999996, -27.098805999999968], [-49.06014229999994, -27.09885689999993], [-49.06018249999994, -27.09895039999998], [-49.06021909999998, -27.099111299999947], [-49.06038549999994, -27.099697099999958], [-49.06056939999996, -27.099856299999942], [-49.06073889999993, -27.099959199999944], [-49.06099549999993, -27.099914699999943], [-49.061230499999965, -27.09988059999995], [-49.06145689999994, -27.099864899999943], [-49.06165559999994, -27.09988809999993], [-49.06186169999995, -27.099964599999964], [-49.06208319999996, -27.10017679999993], [-49.06224539999994, -27.100325399999974], [-49.06242949999995, -27.100577399999963], [-49.06254469999993, -27.10089679999993], [-49.062789599999974, -27.10102139999998], [-49.06308739999997, -27.101075299999934], [-49.06335869999998, -27.101145199999962], [-49.063626899999974, -27.101145799999983], [-49.063963299999955, -27.10123379999993], [-49.06440999999995, -27.10126239999994], [-49.06475549999993, -27.101414099999943], [-49.06519339999994, -27.101612899999964], [-49.06553269999995, -27.101626299999964], [-49.065889899999945, -27.10165269999993], [-49.06624809999994, -27.101768499999935], [-49.06651739999995, -27.101873099999978], [-49.06674129999993, -27.10204939999994], [-49.06696439999996, -27.10242779999993], [-49.067202899999984, -27.102606799999933], [-49.067308699999955, -27.10279339999994], [-49.06736919999997, -27.103066299999966], [-49.06750109999996, -27.103366999999935], [-49.06783649999994, -27.103638799999942], [-49.068053099999986, -27.103805499999964], [-49.067953099999954, -27.10413029999995], [-49.06778509999998, -27.104360399999962], [-49.06758309999998, -27.10463679999998], [-49.06744199999997, -27.104935099999977], [-49.06743819999997, -27.10509909999996], [-49.06748079999994, -27.105347999999935], [-49.06760809999997, -27.10568109999997], [-49.06773029999994, -27.105763399999944], [-49.06787429999997, -27.105870899999957], [-49.06806739999996, -27.10600839999995], [-49.06809709999993, -27.106162799999936], [-49.06799369999993, -27.106457599999942], [-49.06783569999993, -27.10669359999997], [-49.06762159999994, -27.10690059999996], [-49.06725959999994, -27.107249199999956], [-49.06705929999998, -27.107556199999976], [-49.06684289999998, -27.107838199999946], [-49.06662039999998, -27.108165699999972], [-49.066310499999986, -27.108438199999966], [-49.06619569999998, -27.108653699999934], [-49.066223099999945, -27.108924699999932], [-49.06634999999994, -27.10915579999994], [-49.06628019999994, -27.10943089999995], [-49.06627569999995, -27.109644899999978], [-49.066332999999986, -27.10994439999996], [-49.066512099999954, -27.110071799999957], [-49.066831599999944, -27.110095999999942], [-49.06719499999997, -27.110189599999956], [-49.06765429999996, -27.110407099999975], [-49.06820179999994, -27.110672199999954], [-49.06865019999998, -27.110951899999975], [-49.06893669999994, -27.111130599999967], [-49.06938229999997, -27.11137969999993], [-49.06982689999995, -27.111704999999972], [-49.07004139999998, -27.11197429999993], [-49.07038309999996, -27.112361499999963], [-49.070870699999944, -27.112733099999957], [-49.07100249999996, -27.112921099999937], [-49.07119739999996, -27.113127299999974], [-49.071500399999934, -27.11330179999993], [-49.07194689999994, -27.113520999999935], [-49.072306099999935, -27.11370569999997], [-49.07267609999997, -27.113843799999984], [-49.07313129999994, -27.114080199999933], [-49.07334129999998, -27.114484799999957], [-49.07353899999998, -27.114882799999975], [-49.07364979999994, -27.115201999999954], [-49.07387679999994, -27.115549999999928], [-49.07406439999994, -27.115786799999967], [-49.07416499999994, -27.11599229999996], [-49.07421519999997, -27.116300099999933], [-49.07440769999994, -27.11655399999995], [-49.074675999999954, -27.116713199999936], [-49.074925399999984, -27.116824099999974], [-49.07521239999994, -27.116908299999977], [-49.07549009999997, -27.117066799999975], [-49.07565409999995, -27.11727959999996], [-49.075751999999966, -27.11768189999998], [-49.07592269999998, -27.117947999999956], [-49.07597439999995, -27.118170499999962], [-49.076116799999966, -27.118454799999938], [-49.07636709999997, -27.11873739999993], [-49.07666389999997, -27.11903259999997], [-49.07700149999994, -27.11921449999994], [-49.077284099999986, -27.119408999999962], [-49.07752899999997, -27.11961839999998], [-49.07774509999996, -27.119820199999936], [-49.078002099999935, -27.120080499999972], [-49.07833599999998, -27.120339199999933], [-49.07861419999995, -27.12065649999994], [-49.078765799999985, -27.12091289999995], [-49.07899219999996, -27.121181999999976], [-49.07918739999997, -27.121203099999946], [-49.079693299999974, -27.121186399999942], [-49.08015009999997, -27.12111729999998], [-49.080661599999985, -27.121043999999983], [-49.081060899999954, -27.12101249999995], [-49.08150589999997, -27.12102189999996], [-49.081864199999984, -27.121068599999944], [-49.08215299999995, -27.12123239999994], [-49.082405499999936, -27.12147299999998], [-49.08271019999995, -27.121676699999966], [-49.08288239999996, -27.121796599999982], [-49.08317599999998, -27.121894899999972], [-49.08344979999998, -27.12190149999998], [-49.08391679999994, -27.121901599999944], [-49.08445229999995, -27.121973199999957], [-49.08487109999993, -27.122068399999932], [-49.085285399999975, -27.122199299999977], [-49.085463699999934, -27.122319999999945], [-49.08583079999994, -27.122384799999963], [-49.08613829999996, -27.122335799999973], [-49.08642589999994, -27.122159299999964], [-49.08670009999997, -27.122067499999957], [-49.08691299999998, -27.121996199999955], [-49.08714619999995, -27.12178689999996], [-49.08752979999997, -27.121445799999947], [-49.087904299999934, -27.121235499999955], [-49.08838129999998, -27.12097049999994], [-49.08880199999993, -27.120721499999945], [-49.08947329999995, -27.12039199999998], [-49.090050099999985, -27.120171999999968], [-49.09065999999996, -27.11990819999994], [-49.09095599999995, -27.119709899999975], [-49.09127129999996, -27.119389299999966], [-49.091486499999974, -27.11911319999996], [-49.09166319999997, -27.11871469999994], [-49.091846299999986, -27.118324599999937], [-49.092057899999986, -27.11785599999996], [-49.092362299999934, -27.117537399999947], [-49.09261859999998, -27.117354399999954], [-49.09284379999997, -27.117228599999976], [-49.09309059999998, -27.117187299999955], [-49.093381299999976, -27.11717679999998], [-49.093645899999956, -27.116863999999964], [-49.093746399999986, -27.11664369999994], [-49.093961099999945, -27.116208399999948], [-49.09410539999993, -27.11607079999993], [-49.09428379999997, -27.115949199999932], [-49.094564899999966, -27.115837099999965], [-49.09478479999996, -27.115783799999974], [-49.095074299999965, -27.115741399999933], [-49.09522959999998, -27.115766899999983], [-49.095565299999976, -27.11581819999998], [-49.09593959999995, -27.115975099999957], [-49.09665469999993, -27.11634479999998], [-49.09704549999998, -27.11656899999997], [-49.09758459999995, -27.11686069999996], [-49.09800319999994, -27.116819799999973], [-49.098265899999944, -27.116695499999935], [-49.098524399999974, -27.116588999999976], [-49.09884999999997, -27.116615899999942], [-49.099118499999975, -27.116730099999984], [-49.09923239999995, -27.11668599999996], [-49.09962319999994, -27.116392899999937], [-49.10017929999998, -27.116205499999978], [-49.10084879999994, -27.116040299999952], [-49.101157099999966, -27.11612569999994], [-49.10141149999998, -27.116110899999967], [-49.10169639999998, -27.11587789999993], [-49.102247699999964, -27.11550939999995], [-49.10241109999998, -27.11535749999996], [-49.10263579999997, -27.115085999999962], [-49.10307849999998, -27.115017999999964], [-49.10356349999995, -27.115542199999936], [-49.10408819999998, -27.115983399999948], [-49.10438789999995, -27.116649999999936], [-49.10446549999995, -27.11742789999994], [-49.10449259999996, -27.117852699999958], [-49.104677899999956, -27.11814449999997], [-49.10508689999995, -27.118669999999952], [-49.105358499999966, -27.11900929999996], [-49.10568869999997, -27.119401599999946], [-49.105957699999976, -27.119770999999957], [-49.10646479999997, -27.120273599999962], [-49.10675659999998, -27.120290299999965], [-49.10717919999996, -27.120317799999953], [-49.10756189999995, -27.120319699999982], [-49.107881299999974, -27.120272299999954], [-49.10821059999995, -27.120304699999963], [-49.10881359999996, -27.12038089999993], [-49.109437499999956, -27.120471899999927], [-49.10978549999993, -27.12061289999997], [-49.10995369999995, -27.12076989999997], [-49.11023249999994, -27.121229699999958], [-49.110288899999944, -27.121478199999956], [-49.110465799999986, -27.121777399999928], [-49.110896699999955, -27.121958699999936], [-49.11128009999993, -27.122080599999947], [-49.11167469999998, -27.122216899999955], [-49.111891499999956, -27.12222509999998], [-49.11217869999996, -27.12224569999995], [-49.11247869999994, -27.122172199999966], [-49.11259719999998, -27.122104699999966], [-49.11281939999998, -27.12193819999993], [-49.11296859999993, -27.12186719999994], [-49.11311949999998, -27.121874699999978], [-49.113271399999974, -27.122024499999952], [-49.113548899999955, -27.12217039999996], [-49.11392889999996, -27.12242669999995], [-49.11419489999997, -27.122724799999958], [-49.11457509999997, -27.123127299999965], [-49.11473939999996, -27.123232599999938], [-49.11505089999997, -27.123388999999975], [-49.11559749999998, -27.12363229999994], [-49.11603889999998, -27.123775099999932], [-49.11647179999994, -27.12400599999995], [-49.116889399999934, -27.12420929999996], [-49.11737429999994, -27.12448429999995], [-49.11770979999994, -27.124522799999966], [-49.11816079999994, -27.12447359999993], [-49.118352699999946, -27.12444789999995], [-49.11854069999998, -27.12433989999994], [-49.118817399999955, -27.12411919999994], [-49.11914879999995, -27.12389719999993], [-49.11980879999993, -27.12379409999994], [-49.120204799999954, -27.123669999999947], [-49.12081029999996, -27.12339959999997], [-49.121180599999946, -27.123253099999943], [-49.12172019999997, -27.123215999999957], [-49.122095599999966, -27.123277499999972], [-49.122393199999976, -27.12327769999996], [-49.12275999999997, -27.123388499999976], [-49.123236099999986, -27.123545399999955], [-49.12366429999997, -27.123691399999927], [-49.12424549999997, -27.123789899999963], [-49.12479769999993, -27.12362799999994], [-49.12537329999998, -27.123553799999968], [-49.12564219999996, -27.12356929999993], [-49.12574089999998, -27.123504699999955], [-49.12580329999997, -27.123372899999936], [-49.12586259999995, -27.12303959999997], [-49.126080299999956, -27.12265359999998], [-49.12649509999994, -27.12252049999995], [-49.12696719999997, -27.12233709999998], [-49.127515399999936, -27.122254599999962], [-49.12787949999995, -27.12218669999993], [-49.128342499999974, -27.122111599999982], [-49.12866509999998, -27.122062299999982], [-49.12885109999996, -27.122090999999955], [-49.129062499999975, -27.122418899999957], [-49.12925349999995, -27.122709999999984], [-49.129386899999986, -27.12315049999995], [-49.12970739999997, -27.123329999999953], [-49.13014739999994, -27.123434999999972], [-49.130520099999956, -27.123647499999947], [-49.130831299999954, -27.123863599999936], [-49.13119229999995, -27.123959699999943], [-49.13143219999995, -27.12412749999993], [-49.131466699999976, -27.124337999999966], [-49.131385999999964, -27.124596699999984], [-49.13138369999996, -27.12484909999995], [-49.13136959999997, -27.125211599999943], [-49.13137039999998, -27.12569209999998], [-49.131476099999986, -27.126002599999936], [-49.13181549999996, -27.126298599999927], [-49.13227879999994, -27.12645569999995], [-49.132704599999954, -27.126598299999955], [-49.13315629999994, -27.126848199999984], [-49.13352579999997, -27.127177399999937], [-49.13381529999998, -27.127369399999964], [-49.13409449999995, -27.127569799999947], [-49.13427969999998, -27.127840099999958], [-49.13420729999996, -27.128129899999976], [-49.13417279999993, -27.128548699999953], [-49.13414839999996, -27.128790399999957], [-49.13394409999995, -27.12942419999996], [-49.13376039999997, -27.12997969999998], [-49.13375219999995, -27.130306399999938], [-49.133862599999986, -27.130646499999955], [-49.13409439999998, -27.130831499999942], [-49.13454709999996, -27.130923199999984], [-49.134815799999956, -27.131025799999975], [-49.13509469999997, -27.131047299999977], [-49.135478399999954, -27.131108799999936], [-49.13575089999995, -27.13124679999993], [-49.136194099999955, -27.131381999999974], [-49.13663399999996, -27.13147209999994], [-49.13685019999997, -27.13161269999995], [-49.137117599999954, -27.13194509999994], [-49.137359699999934, -27.132327499999974], [-49.13755119999996, -27.132373799999982], [-49.137873999999954, -27.132500999999934], [-49.13817839999996, -27.13257649999997], [-49.13845689999994, -27.13253629999997], [-49.13877949999994, -27.132430299999953], [-49.13904579999996, -27.13227349999994], [-49.139471999999955, -27.131992799999978], [-49.139719799999966, -27.131902699999955], [-49.13972119999994, -27.131902199999956], [-49.13994199999996, -27.131821899999977], [-49.14023619999995, -27.131611799999973], [-49.140431099999944, -27.131231799999966], [-49.14063999999996, -27.13098199999996], [-49.14092889999995, -27.13041469999996], [-49.14107349999995, -27.130137499999933], [-49.141350999999986, -27.129722199999946], [-49.141319399999986, -27.129255899999976], [-49.141223699999955, -27.12902319999995], [-49.141285799999935, -27.128813199999968], [-49.141544099999976, -27.128452399999958], [-49.14196769999995, -27.12818429999993], [-49.14234479999993, -27.12779919999997], [-49.14256339999997, -27.127532499999973], [-49.14281779999993, -27.12728519999996], [-49.14304529999998, -27.127232899999967], [-49.14348299999995, -27.12717609999993], [-49.14383429999998, -27.127229799999952], [-49.14435099999997, -27.127266499999962], [-49.14479179999995, -27.12748389999996], [-49.145115499999974, -27.12768109999996], [-49.145424599999956, -27.127685499999927], [-49.14581049999998, -27.127633599999967], [-49.146240999999975, -27.127439399999957], [-49.14656519999994, -27.127356299999974], [-49.14700279999994, -27.127269999999953], [-49.147433999999976, -27.12720809999996], [-49.147871099999975, -27.12716329999995], [-49.14815349999998, -27.127088399999934], [-49.148433899999986, -27.126813699999957], [-49.14842089999996, -27.126593799999966], [-49.14813669999995, -27.126251999999965], [-49.14806489999995, -27.126065299999937], [-49.14792849999998, -27.125805699999944], [-49.14785679999994, -27.12553299999996], [-49.14798209999998, -27.12524419999994], [-49.148028299999964, -27.125017499999956], [-49.14796789999997, -27.124835399999938], [-49.147929499999975, -27.124622099999954], [-49.147922499999936, -27.124314999999967], [-49.147925199999975, -27.124170799999945], [-49.14792799999998, -27.12402659999998], [-49.14802419999995, -27.123718199999928], [-49.14807539999998, -27.123407399999962], [-49.148138899999935, -27.122983699999963], [-49.14826339999996, -27.122654499999953], [-49.14853139999997, -27.122420699999964], [-49.148780999999985, -27.122153899999944], [-49.149122699999964, -27.12202739999998], [-49.14935379999997, -27.12205369999998], [-49.149719999999945, -27.122028799999953], [-49.14999309999996, -27.12197919999994], [-49.150228899999945, -27.121923299999935], [-49.15054539999994, -27.121861299999978], [-49.15080849999998, -27.12183189999996], [-49.15106679999997, -27.121817799999974], [-49.15124369999995, -27.12181469999996], [-49.15144539999994, -27.121830199999977], [-49.151696699999945, -27.12187369999998], [-49.151985399999944, -27.12190469999996], [-49.15219949999994, -27.121842699999945], [-49.15241669999995, -27.121758899999975], [-49.15267819999997, -27.121639399999935], [-49.15285499999993, -27.121515299999942], [-49.15291709999997, -27.12137869999998], [-49.152904699999965, -27.121195599999965], [-49.152842599999985, -27.121037399999977], [-49.152746399999955, -27.120798399999956], [-49.15273169999995, -27.12066959999993], [-49.152768899999955, -27.12055479999998], [-49.152907099999936, -27.12041229999994], [-49.153078499999936, -27.120235599999944], [-49.153166099999964, -27.120145199999968], [-49.15327469999994, -27.120076899999958], [-49.15345159999998, -27.119996199999946], [-49.15425719999996, -27.119728299999963], [-49.15463029999995, -27.11962559999995], [-49.15439629999997, -27.11955389999997], [-49.15429799999998, -27.119508499999938], [-49.15421349999997, -27.119463999999937], [-49.154149899999936, -27.11943919999993], [-49.154103299999974, -27.119436099999973], [-49.15406569999993, -27.119438899999977], [-49.15395589999997, -27.119470199999967], [-49.15390849999994, -27.119484299999954], [-49.15381009999993, -27.11951369999997], [-49.15371699999997, -27.119557099999952], [-49.15358039999995, -27.11959749999994], [-49.153431499999954, -27.119659499999955], [-49.15326079999994, -27.119712299999946], [-49.15308699999997, -27.11969369999997], [-49.15294739999996, -27.11961299999996], [-49.15280459999997, -27.11949809999993], [-49.152680499999974, -27.119381499999974], [-49.15260429999995, -27.11922599999997], [-49.152170799999965, -27.11875859999998], [-49.15202859999994, -27.11855909999997], [-49.15197759999995, -27.11835999999994], [-49.151990499999954, -27.118222999999944], [-49.152170799999965, -27.117916099999945], [-49.15244489999998, -27.11744959999993], [-49.15268999999995, -27.117136999999957], [-49.15314879999994, -27.116735799999958], [-49.153285299999936, -27.11653659999996], [-49.153380099999936, -27.11629709999994], [-49.15359619999998, -27.11470129999998], [-49.153850699999964, -27.112252499999954], [-49.15388199999995, -27.112016799999935], [-49.15394649999996, -27.11182059999993], [-49.15406799999994, -27.11167389999997], [-49.15423149999998, -27.11156909999994], [-49.15482629999997, -27.111405299999944], [-49.15530209999997, -27.111297899999954], [-49.15555109999997, -27.111166099999934], [-49.15566489999998, -27.11105649999996], [-49.155704399999934, -27.110966899999937], [-49.15573679999994, -27.110836399999982], [-49.155723499999965, -27.11047519999994], [-49.15567329999993, -27.110149099999944], [-49.155521799999974, -27.109796099999983], [-49.15532429999996, -27.10956749999997], [-49.15508149999994, -27.10932159999993], [-49.15494229999996, -27.109073799999976], [-49.154826999999955, -27.108633999999938], [-49.15466939999993, -27.10762939999995], [-49.15453779999996, -27.107090899999946], [-49.15450089999996, -27.10688159999995], [-49.15449339999998, -27.10665199999994], [-49.15453569999994, -27.10646399999996], [-49.15464049999997, -27.106224399999974], [-49.15478059999998, -27.105972899999983], [-49.15495819999995, -27.10575099999994], [-49.155134199999964, -27.10556809999997], [-49.15541469999994, -27.105369999999937], [-49.155715199999975, -27.105189999999936], [-49.156281699999965, -27.104865099999984], [-49.15655819999995, -27.104733099999976], [-49.157244599999956, -27.10450959999997], [-49.157320399999946, -27.10445859999993], [-49.15737999999993, -27.104385999999977], [-49.15740539999996, -27.104297499999973], [-49.15741399999996, -27.104200399999968], [-49.15739179999997, -27.10404479999994], [-49.15734069999996, -27.10388599999993], [-49.15722819999996, -27.10367279999997], [-49.15709569999996, -27.103504399999963], [-49.156938199999956, -27.10337279999993], [-49.156826499999966, -27.10330239999996], [-49.15669959999997, -27.103245499999957], [-49.15646749999996, -27.10319919999995], [-49.15620979999994, -27.103182499999946], [-49.155747599999984, -27.103092799999956], [-49.155391099999974, -27.102985599999954], [-49.154812799999945, -27.10269969999996], [-49.15457269999996, -27.10260919999996], [-49.154470499999945, -27.102549299999964], [-49.15438309999996, -27.10246799999993], [-49.15432549999997, -27.10237619999998], [-49.154301799999985, -27.10231639999995], [-49.154290199999934, -27.10225669999994], [-49.15425869999996, -27.10210529999995], [-49.15427549999998, -27.101929199999972], [-49.15432509999994, -27.101809199999934], [-49.154413799999986, -27.101671499999952], [-49.15452049999993, -27.101523499999928], [-49.15455859999997, -27.10145529999994], [-49.154578399999934, -27.10137609999998], [-49.15461319999997, -27.10105049999993], [-49.15462249999996, -27.10093319999993], [-49.15464129999998, -27.10083199999997], [-49.15466329999998, -27.10078969999995], [-49.15469559999997, -27.100753899999972], [-49.15488639999995, -27.100612499999954], [-49.15495669999996, -27.100541499999963], [-49.155051199999946, -27.100373099999956], [-49.15509879999996, -27.10026499999998], [-49.15511739999994, -27.099915099999976], [-49.15511249999997, -27.099711399999933], [-49.15508239999997, -27.099522299999933], [-49.15504099999998, -27.09926489999998], [-49.15497709999994, -27.09884509999995], [-49.15498859999997, -27.098502699999983], [-49.154980199999954, -27.098353499999973], [-49.154989299999954, -27.098250099999973], [-49.15500009999994, -27.09820959999996], [-49.15502249999997, -27.098168099999953], [-49.15507299999996, -27.09811099999996], [-49.15514809999996, -27.09805979999993], [-49.15527339999994, -27.097939699999984], [-49.15536309999993, -27.09781659999993], [-49.15539449999994, -27.097743099999946], [-49.155417899999975, -27.097679699999958], [-49.15541809999996, -27.09764329999996], [-49.15539039999993, -27.09761409999993], [-49.155340699999954, -27.097585599999945], [-49.155219099999954, -27.09756109999995], [-49.15514499999995, -27.097535599999958], [-49.154781999999955, -27.097350499999948], [-49.15467259999997, -27.097305699999936], [-49.15455179999998, -27.09728599999994], [-49.15432439999995, -27.09726569999998], [-49.15382959999994, -27.097294399999953], [-49.15316119999994, -27.097326799999962], [-49.15293109999993, -27.097332999999935], [-49.15282339999993, -27.097326899999928], [-49.15272699999997, -27.097309699999983], [-49.152628799999945, -27.09728629999995], [-49.15255159999998, -27.097235799999964], [-49.152395799999965, -27.097094999999968], [-49.15210199999996, -27.09680309999993], [-49.151837299999954, -27.096448799999962], [-49.15179089999998, -27.096356699999944], [-49.15176219999995, -27.096239799999978], [-49.15170949999998, -27.09600419999998], [-49.151685499999985, -27.095870299999945], [-49.151702899999975, -27.095714999999927], [-49.15178129999998, -27.09535809999994], [-49.15180619999995, -27.095155399999953], [-49.15181249999995, -27.094895699999938], [-49.15181389999998, -27.094654699999978], [-49.15178969999994, -27.094298999999978], [-49.15176199999996, -27.094139499999983], [-49.15171429999998, -27.094002899999964], [-49.15166439999996, -27.093911499999933], [-49.151599499999975, -27.093833399999937], [-49.15151519999995, -27.09376999999995], [-49.15135819999995, -27.093669999999975], [-49.15119149999998, -27.093574299999943], [-49.150957999999946, -27.093403799999976], [-49.15063269999996, -27.093141199999934], [-49.15031209999995, -27.092935799999964], [-49.15012779999995, -27.092840799999976], [-49.149914999999964, -27.092746999999974], [-49.14964439999994, -27.09256769999996], [-49.14961329999994, -27.092544799999928], [-49.14958119999994, -27.092506799999967], [-49.149429199999986, -27.09222129999995], [-49.149276999999984, -27.09198859999998], [-49.14909019999993, -27.091772999999932], [-49.149008599999945, -27.091674199999943], [-49.148875499999974, -27.09147859999996], [-49.14869109999995, -27.09123909999994], [-49.14861559999997, -27.09116419999998], [-49.148535899999956, -27.09110009999995], [-49.148447799999985, -27.091059599999937], [-49.14838469999995, -27.09103299999998], [-49.14831699999996, -27.091012999999975], [-49.148245299999985, -27.09100589999997], [-49.14817439999996, -27.091015699999957], [-49.148010599999964, -27.091081799999984], [-49.14791309999998, -27.091133599999978], [-49.14786389999995, -27.091159799999957], [-49.14784609999998, -27.091176599999983], [-49.14783189999997, -27.091193699999963], [-49.14770729999998, -27.091343999999935], [-49.14766949999995, -27.091402899999935], [-49.14764229999997, -27.091467799999975], [-49.14758959999995, -27.09166289999996], [-49.14755219999995, -27.091731899999957], [-49.14750809999998, -27.09178959999997], [-49.14744529999996, -27.091831399999933], [-49.14738109999996, -27.09185729999996], [-49.146522199999936, -27.092167599999982], [-49.14639469999997, -27.09223079999998], [-49.14634149999995, -27.092281899999932], [-49.146303999999986, -27.09235309999997], [-49.146249799999964, -27.092616799999973], [-49.14623659999995, -27.092662899999937], [-49.14621319999998, -27.09270369999996], [-49.14620359999998, -27.09271659999996], [-49.146187399999974, -27.09272939999994], [-49.14617099999998, -27.092739499999936], [-49.14615169999996, -27.09274709999994], [-49.14610589999995, -27.092751299999975], [-49.14592079999994, -27.092749899999944], [-49.14570869999994, -27.092760099999964], [-49.14562529999995, -27.092778899999928], [-49.14554949999996, -27.09280469999993], [-49.14547639999995, -27.092845199999942], [-49.145401499999934, -27.092894499999943], [-49.145317199999965, -27.09297559999993], [-49.14523529999997, -27.093042599999933], [-49.145106699999985, -27.093119499999943], [-49.14506179999995, -27.093153899999947], [-49.14503259999998, -27.093191799999943], [-49.14487049999997, -27.09349899999995], [-49.14483949999993, -27.093541699999946], [-49.14479399999993, -27.093582899999944], [-49.14461289999997, -27.093713399999956], [-49.14457559999994, -27.093745699999943], [-49.14453919999994, -27.093785499999967], [-49.144501299999945, -27.093820999999934], [-49.14445639999997, -27.09385279999998], [-49.14434899999998, -27.093914499999983], [-49.14418789999996, -27.093975399999977], [-49.144095999999934, -27.094002099999955], [-49.14400109999997, -27.09402119999993], [-49.143920599999944, -27.094021699999928], [-49.143826899999965, -27.094012299999974], [-49.143544099999986, -27.09395999999998], [-49.143376399999966, -27.09391679999993], [-49.143277599999976, -27.093898399999944], [-49.14322679999998, -27.093897599999934], [-49.14316709999997, -27.09390179999997], [-49.14305239999993, -27.09393149999994], [-49.14287219999994, -27.09399159999998], [-49.14267659999996, -27.09403649999996], [-49.14256649999993, -27.094050299999935], [-49.14245779999993, -27.094055199999957], [-49.14238169999993, -27.094052199999965], [-49.142301499999974, -27.09403969999994], [-49.142178899999976, -27.09400999999997], [-49.14205869999995, -27.093970199999944], [-49.141930799999955, -27.09389079999994], [-49.141821499999935, -27.093790999999953], [-49.14173129999995, -27.093699499999957], [-49.14163209999998, -27.093582399999946], [-49.141560099999936, -27.09343519999993], [-49.14152399999995, -27.093278399999974], [-49.14149359999993, -27.093113699999947], [-49.14147079999998, -27.092876099999955], [-49.14145049999996, -27.092170499999952], [-49.141434199999935, -27.092083799999955], [-49.14141129999996, -27.09200679999998], [-49.14139019999993, -27.09196099999997], [-49.14137499999998, -27.091945799999962], [-49.14135749999997, -27.09193229999994], [-49.141315599999984, -27.091912499999978], [-49.14122809999998, -27.091899099999978], [-49.140607399999965, -27.09192889999997], [-49.140486099999976, -27.091931399999964], [-49.140423099999964, -27.091928999999936], [-49.14036109999995, -27.091919299999972], [-49.14035259999997, -27.091912799999932], [-49.140346799999975, -27.091903199999933], [-49.140342199999964, -27.09189159999994], [-49.14034179999993, -27.091878899999983], [-49.14034579999998, -27.091868499999975], [-49.14035389999998, -27.09185919999993], [-49.14036549999997, -27.09185199999996], [-49.14037989999997, -27.09184399999998], [-49.14042569999998, -27.09182579999998], [-49.140487399999984, -27.091807999999958], [-49.14062219999994, -27.09178339999994], [-49.140956899999935, -27.09175099999993], [-49.14111889999998, -27.091737299999977], [-49.14125799999994, -27.091732699999966], [-49.14137569999997, -27.09171729999997], [-49.14147609999998, -27.09168169999998], [-49.14163519999994, -27.09155629999998], [-49.14171059999995, -27.091484999999977], [-49.14176519999995, -27.091402699999946], [-49.141815399999984, -27.09130689999995], [-49.14184339999997, -27.091191399999957], [-49.141851299999985, -27.09108139999995], [-49.14184259999996, -27.090986699999974], [-49.141801999999984, -27.09073929999994], [-49.14166389999997, -27.09030619999993], [-49.141557699999964, -27.089985399999932], [-49.14141569999998, -27.089692799999966], [-49.14115359999994, -27.08917569999994], [-49.141052599999966, -27.08897639999998], [-49.14091879999995, -27.08877609999996], [-49.140862599999934, -27.088700099999983], [-49.14080289999998, -27.088634299999967], [-49.14059559999998, -27.08843159999998], [-49.14039589999993, -27.088211799999954], [-49.14024569999998, -27.088084699999968], [-49.140093699999966, -27.087985299999957], [-49.13994379999997, -27.087888199999952], [-49.13979539999997, -27.08777319999996], [-49.139656299999956, -27.087638699999957], [-49.13959659999995, -27.08756459999995], [-49.13956429999996, -27.08749119999993], [-49.13956699999994, -27.08739849999995], [-49.13958429999997, -27.087300699999957], [-49.13963249999995, -27.08720779999993], [-49.13974559999997, -27.087088499999936], [-49.13979919999997, -27.08703369999995], [-49.139837599999964, -27.086974699999928], [-49.13990019999994, -27.086893199999963], [-49.139963999999964, -27.086780399999952], [-49.140029099999936, -27.08665979999995], [-49.140053199999954, -27.08660189999995], [-49.140074399999946, -27.086522499999944], [-49.140070899999955, -27.08644099999998], [-49.140053199999954, -27.086370699999975], [-49.140025099999946, -27.08630979999998], [-49.13997909999995, -27.086257299999943], [-49.139814299999955, -27.08603819999996], [-49.13978369999995, -27.085989599999948], [-49.13977019999993, -27.08594419999997], [-49.139720599999976, -27.08576419999997], [-49.139674199999945, -27.08528679999995], [-49.13963639999997, -27.08500609999993], [-49.13959689999996, -27.084873899999934], [-49.13958289999994, -27.084796799999936], [-49.13957709999994, -27.084670399999936], [-49.13956979999995, -27.084621199999958], [-49.13955559999994, -27.08457839999994], [-49.13953249999997, -27.084543099999962], [-49.13950569999997, -27.08451969999993], [-49.139441499999975, -27.08447949999993], [-49.13926399999997, -27.08439979999997], [-49.13918899999993, -27.08434829999993], [-49.13911589999998, -27.08428289999995], [-49.13896799999998, -27.084101199999964], [-49.13885259999995, -27.08393069999994], [-49.13876279999994, -27.083780899999965], [-49.13870349999996, -27.083609799999977], [-49.13868469999994, -27.083489699999973], [-49.138196999999934, -27.08226339999993], [-49.13812559999997, -27.081932499999937], [-49.13811819999995, -27.081745299999966], [-49.13812109999998, -27.081590199999937], [-49.138148299999955, -27.08145819999993], [-49.138212099999976, -27.08114839999996], [-49.13822469999997, -27.08106399999997], [-49.13822389999996, -27.080985399999975], [-49.13819879999994, -27.08092309999995], [-49.13815899999997, -27.080872899999974], [-49.13806009999996, -27.08079639999994], [-49.13795179999994, -27.08073399999995], [-49.13783749999993, -27.080673899999965], [-49.137684899999954, -27.080640099999982], [-49.137451899999974, -27.080577799999958], [-49.13729409999996, -27.08055109999998], [-49.137073199999975, -27.080525399999942], [-49.13705269999997, -27.08051839999996], [-49.137037299999974, -27.08050579999997], [-49.13702919999997, -27.08049029999995], [-49.137022299999956, -27.08046829999995], [-49.13701949999995, -27.080382699999973], [-49.13702209999997, -27.080017599999962], [-49.13704139999993, -27.079145599999947], [-49.137058199999956, -27.079008399999964], [-49.13708279999997, -27.07892499999997], [-49.13711639999997, -27.078866999999946], [-49.13741429999993, -27.07852239999994], [-49.13750079999994, -27.078385899999944], [-49.13752959999994, -27.078320899999937], [-49.137548899999956, -27.078242899999964], [-49.13755729999997, -27.078190099999972], [-49.13755139999995, -27.07812709999996], [-49.13751879999995, -27.078005099999928], [-49.13748419999996, -27.077927099999954], [-49.137346699999966, -27.077655799999945], [-49.13727799999998, -27.077498599999956], [-49.13721789999994, -27.07731309999997], [-49.137192899999945, -27.077226999999937], [-49.137126199999955, -27.076923799999975], [-49.13704709999996, -27.076651899999945], [-49.137054199999966, -27.076243499999975], [-49.13706339999993, -27.07614069999994], [-49.137063799999964, -27.076061399999958], [-49.13705749999997, -27.075981299999967], [-49.13704179999996, -27.075903799999935], [-49.137015599999984, -27.075826199999938], [-49.136895899999956, -27.075551299999972], [-49.13684649999993, -27.07546499999995], [-49.13670419999994, -27.07528709999997], [-49.13668709999996, -27.075255699999957], [-49.13667769999995, -27.075226999999984], [-49.13666719999998, -27.075139399999955], [-49.13666509999996, -27.07503859999997], [-49.136700099999985, -27.07488449999994], [-49.136805799999934, -27.074537199999952], [-49.13695329999996, -27.074103199999968], [-49.13697939999997, -27.07400249999995], [-49.136994999999956, -27.07390259999994], [-49.136995499999955, -27.073818899999935], [-49.136983499999985, -27.07373649999994], [-49.13689519999997, -27.073522999999966], [-49.136760899999956, -27.073306199999934], [-49.13651829999998, -27.072999299999935], [-49.136361299999976, -27.072720499999946], [-49.13624299999998, -27.072415199999966], [-49.13598379999996, -27.07176099999998], [-49.13562939999997, -27.07107039999994], [-49.135431799999935, -27.07077309999994], [-49.13525669999996, -27.070561399999974], [-49.134938499999976, -27.07011799999998], [-49.13475969999996, -27.069960399999957], [-49.134534299999984, -27.06979709999996], [-49.13433209999994, -27.069665699999973], [-49.134081299999934, -27.069511499999976], [-49.133959499999946, -27.06945159999998], [-49.133826399999975, -27.069411699999932], [-49.13366099999996, -27.06939209999996], [-49.13326139999998, -27.069383199999947], [-49.13308019999994, -27.06937899999997], [-49.13265639999997, -27.06932699999993], [-49.132570199999975, -27.069310899999948], [-49.13248749999997, -27.069283999999982], [-49.13241719999996, -27.06925259999997], [-49.13235339999994, -27.069207699999936], [-49.13213179999997, -27.069055799999944], [-49.13169039999997, -27.068700599999943], [-49.13144779999993, -27.06851279999995], [-49.13127719999994, -27.06839999999994], [-49.13124469999997, -27.06836679999998], [-49.13122499999997, -27.06833789999996], [-49.131214399999976, -27.068294099999946], [-49.131215199999986, -27.06825619999995], [-49.13123559999997, -27.068190899999934], [-49.13127149999997, -27.068136399999958], [-49.13131119999997, -27.06809099999998], [-49.131380999999976, -27.068030999999962], [-49.131413899999984, -27.067996199999982], [-49.131462699999986, -27.06790529999995], [-49.13148959999995, -27.067849399999943], [-49.131505199999935, -27.06778929999996], [-49.13153859999994, -27.06729569999993], [-49.13155839999996, -27.06693009999998], [-49.13156279999998, -27.066497899999945], [-49.13156989999993, -27.066330999999934], [-49.131602499999985, -27.066178399999956], [-49.13164919999997, -27.066006999999956], [-49.13169339999996, -27.06591519999995], [-49.13175329999996, -27.065832899999975], [-49.13189829999993, -27.065690699999948], [-49.132250899999974, -27.065389799999934], [-49.13250809999994, -27.065188399999954], [-49.132614599999954, -27.065073299999938], [-49.13269539999993, -27.064969599999984], [-49.13274999999993, -27.06487839999994], [-49.13280149999997, -27.06472119999995], [-49.13291209999994, -27.064327099999957], [-49.13298569999995, -27.064039399999956], [-49.133010199999944, -27.063905999999974], [-49.13302679999998, -27.063737999999944], [-49.133051999999964, -27.063377199999934], [-49.133041299999945, -27.06317009999998], [-49.133001099999944, -27.06301149999996], [-49.13293729999998, -27.062906399999974], [-49.13284669999996, -27.062795299999948], [-49.13261339999997, -27.062550399999964], [-49.13258269999994, -27.062503099999958], [-49.13256329999996, -27.062446699999953], [-49.132552499999974, -27.062359499999957], [-49.13274249999995, -27.06149259999995], [-49.13274689999997, -27.06140929999998], [-49.13273899999996, -27.06133669999997], [-49.13272109999997, -27.06126089999998], [-49.13269889999998, -27.061192499999947], [-49.132372299999986, -27.06061169999998], [-49.13232089999997, -27.060538599999973], [-49.13226169999996, -27.06046319999996], [-49.13213119999995, -27.06033009999993], [-49.13181519999995, -27.060025499999938], [-49.13145799999995, -27.05972799999995], [-49.13103829999994, -27.059324299999957], [-49.13056789999996, -27.058802799999967], [-49.13052159999995, -27.058745899999963], [-49.130488199999945, -27.058685099999934], [-49.13044419999994, -27.05857039999995], [-49.130406499999935, -27.05845119999998], [-49.13033879999995, -27.058238399999937], [-49.13031959999995, -27.058129699999938], [-49.13031539999997, -27.05801969999993], [-49.13034209999995, -27.057551899999964], [-49.13036029999995, -27.057311099999936], [-49.13044449999995, -27.05686309999993], [-49.130506999999966, -27.05666709999997], [-49.130538599999966, -27.05655269999994], [-49.130597999999964, -27.056403599999953], [-49.13064229999998, -27.05631489999996], [-49.13075329999998, -27.056102799999962], [-49.13104169999997, -27.055673299999967], [-49.131096499999956, -27.05556489999998], [-49.13118419999995, -27.055369199999973], [-49.13123489999998, -27.055280799999935], [-49.13129819999995, -27.05518849999993], [-49.13142439999996, -27.055051499999934], [-49.131479999999954, -27.05500669999998], [-49.13155399999994, -27.054962299999943], [-49.13158729999998, -27.054950899999938], [-49.13162149999994, -27.054949799999974], [-49.13169239999996, -27.054960199999982], [-49.13172289999994, -27.05496349999993], [-49.131750899999986, -27.05495589999998], [-49.13176969999995, -27.054937999999936], [-49.131777099999965, -27.05491079999996], [-49.13178129999994, -27.054839899999934], [-49.131750899999986, -27.05436069999996], [-49.13177029999997, -27.053876599999967], [-49.13176499999997, -27.05359949999996], [-49.13180049999994, -27.053301199999964], [-49.13185509999994, -27.05309969999996], [-49.13193289999998, -27.05287759999993], [-49.13202119999994, -27.05268659999996], [-49.13213339999999, -27.052513199999964], [-49.13242709999997, -27.05218439999993], [-49.13313139999997, -27.05164009999993], [-49.133304899999985, -27.051454899999953], [-49.133442299999956, -27.051248899999962], [-49.13350019999996, -27.051111999999932], [-49.13353909999995, -27.050985099999934], [-49.13357819999993, -27.050801299999932], [-49.133621699999935, -27.050606899999934], [-49.13364999999993, -27.05045599999994], [-49.133708499999955, -27.05015979999996], [-49.133738799999946, -27.049951499999963], [-49.13379149999997, -27.04968789999998], [-49.133871399999975, -27.049453099999937], [-49.13401659999994, -27.04908999999998], [-49.13417009999995, -27.04876859999996], [-49.13435819999995, -27.048477999999932], [-49.13440239999994, -27.04840749999994], [-49.13445709999996, -27.04835929999996], [-49.13456759999997, -27.04829669999998], [-49.134792199999936, -27.048210599999948], [-49.134942499999966, -27.048147099999937], [-49.13503199999997, -27.04808369999995], [-49.13509579999993, -27.04800979999993], [-49.13518329999994, -27.047856799999977], [-49.13526099999996, -27.047769199999948], [-49.13533399999994, -27.047708399999976], [-49.13541369999996, -27.047662599999967], [-49.135666699999945, -27.047519499999964], [-49.13591649999995, -27.04734929999995], [-49.136028899999985, -27.047217399999965], [-49.136163899999985, -27.046971499999984], [-49.136262199999976, -27.046755399999938], [-49.13628529999994, -27.04665559999995], [-49.13629039999995, -27.04652589999995], [-49.13627369999995, -27.046355799999958], [-49.13623699999994, -27.046183199999973], [-49.13610579999994, -27.045928599999968], [-49.13585879999994, -27.045603599999936], [-49.13546749999995, -27.045261599999947], [-49.13486569999998, -27.044810299999938], [-49.134707799999944, -27.044690999999943], [-49.134204299999965, -27.044105199999933], [-49.133952799999975, -27.04390159999997], [-49.13370549999996, -27.04373069999997], [-49.133383899999956, -27.04354049999995], [-49.133252099999936, -27.04340979999995], [-49.13304859999994, -27.043102999999974], [-49.13278239999994, -27.042771999999957], [-49.132770499999936, -27.042745799999977], [-49.132764899999984, -27.042718599999944], [-49.13276739999998, -27.04266759999996], [-49.13279049999994, -27.04253319999998], [-49.13283099999995, -27.042308599999956], [-49.132866699999965, -27.04216729999996], [-49.132919999999956, -27.042044199999964], [-49.13308579999995, -27.041868299999976], [-49.13323559999998, -27.041764299999954], [-49.13377559999998, -27.04123089999996], [-49.13427819999998, -27.040735199999972], [-49.13443399999994, -27.040595499999938], [-49.13452609999996, -27.040498499999956], [-49.13461229999996, -27.040448099999935], [-49.13481349999995, -27.040387599999974], [-49.134940599999936, -27.04036599999995], [-49.13519169999995, -27.040365399999928], [-49.135283699999945, -27.040365899999983], [-49.13533599999994, -27.040361299999972], [-49.13537029999998, -27.04034859999996], [-49.13539829999996, -27.040326299999947], [-49.135406699999976, -27.04029799999995], [-49.13539939999998, -27.04026239999996], [-49.13537179999997, -27.040236999999934], [-49.135292499999935, -27.040204699999947], [-49.13497429999995, -27.04011459999998], [-49.13474099999996, -27.040015599999947], [-49.134443199999964, -27.039804199999935], [-49.13411139999994, -27.039620499999955], [-49.13378149999994, -27.03943789999994], [-49.13326099999995, -27.03908819999998], [-49.13298409999993, -27.03882959999993], [-49.13276509999997, -27.038560099999984], [-49.13254989999996, -27.03840239999994], [-49.132029399999965, -27.038347399999964], [-49.13113149999998, -27.03802819999993], [-49.13073529999997, -27.037642499999947], [-49.13052959999993, -27.036920599999974], [-49.13034939999994, -27.036482699999965], [-49.13027249999993, -27.036369499999978], [-49.13016639999995, -27.036253099999954], [-49.12994759999998, -27.03604569999993], [-49.129897599999936, -27.035961999999984], [-49.129864399999974, -27.035845499999937], [-49.12985749999996, -27.03579659999997], [-49.12986269999993, -27.03565709999998], [-49.129856899999936, -27.03557129999996], [-49.12982499999998, -27.03550249999995], [-49.12978879999997, -27.035448799999983], [-49.129727499999944, -27.03541329999996], [-49.12966119999993, -27.035385899999937], [-49.129552599999954, -27.035335499999974], [-49.129450299999974, -27.035279699999933], [-49.12937949999997, -27.03520539999994], [-49.129321199999936, -27.035125799999946], [-49.12928219999998, -27.03501069999993], [-49.12891369999994, -27.033967599999983], [-49.128838299999984, -27.033820399999968], [-49.12871389999998, -27.03365009999993], [-49.12857199999996, -27.033473799999967], [-49.12843069999997, -27.033327399999962], [-49.12797889999996, -27.03278599999993], [-49.12790289999998, -27.03263759999993], [-49.12786029999995, -27.032492799999943], [-49.127841399999966, -27.032313199999976], [-49.12787169999996, -27.032162599999936], [-49.12801799999994, -27.031952099999955], [-49.12857049999997, -27.031333699999948], [-49.12865539999996, -27.03122869999993], [-49.128693099999964, -27.03111139999993], [-49.12870399999997, -27.030826099999956], [-49.128727899999944, -27.03077019999995], [-49.12877979999996, -27.030708999999945], [-49.128900699999974, -27.03063889999993], [-49.129040799999984, -27.030578799999944], [-49.12920319999995, -27.030557899999963], [-49.12940649999996, -27.030570999999952], [-49.12974959999997, -27.030627899999956], [-49.12992769999994, -27.03063629999997], [-49.13005119999997, -27.030608899999947], [-49.130177199999935, -27.03053989999995], [-49.130268599999965, -27.03042469999997], [-49.13040689999997, -27.03012659999996], [-49.13067679999995, -27.029785799999956], [-49.131042899999954, -27.029565899999966], [-49.13159799999994, -27.02938309999996], [-49.131953099999976, -27.02928019999996], [-49.13212919999995, -27.029191499999968], [-49.13223739999995, -27.029101499999967], [-49.132322199999976, -27.028984599999944], [-49.13237309999994, -27.028854499999966], [-49.132426899999984, -27.02856019999996], [-49.13249159999998, -27.02801729999993], [-49.13255609999993, -27.02699139999993], [-49.132569099999955, -27.026863899999967], [-49.132557099999985, -27.026743599999975], [-49.13247389999998, -27.02654659999996], [-49.132456099999956, -27.026468299999976], [-49.132430699999986, -27.02589379999995], [-49.132385899999974, -27.025437499999953], [-49.13198419999998, -27.02544949999998], [-49.13298409999993, -27.024816999999928], [-49.13321499999995, -27.024699099999964], [-49.13338659999994, -27.024591699999974], [-49.13356709999994, -27.024445899999932], [-49.13367679999993, -27.02438479999995], [-49.133790499999975, -27.02434409999995], [-49.13403039999997, -27.024264899999935], [-49.13414119999993, -27.024208699999974], [-49.13430899999997, -27.024102099999936], [-49.13443069999994, -27.02398139999997], [-49.13451679999997, -27.02387109999995], [-49.13462359999994, -27.02370469999994], [-49.13471199999998, -27.02345319999995], [-49.134738599999935, -27.02323219999994], [-49.13471509999994, -27.022977999999966], [-49.13467069999996, -27.022786199999928], [-49.13462469999996, -27.02265129999995], [-49.13450889999996, -27.022419599999978], [-49.13434309999997, -27.02218819999996], [-49.13407069999994, -27.021671099999935], [-49.13398139999998, -27.021413699999982], [-49.13394729999993, -27.021097599999962], [-49.13397689999994, -27.020785299999943], [-49.13397429999998, -27.02065719999996], [-49.133956299999966, -27.020532199999934], [-49.133916599999964, -27.020376099999964], [-49.133860099999936, -27.02023289999994], [-49.13368929999996, -27.019960499999968], [-49.13354369999996, -27.019731099999944], [-49.13334919999994, -27.019522699999982], [-49.13320049999993, -27.019429799999955], [-49.13305649999995, -27.01937049999998], [-49.132689599999935, -27.019280399999957], [-49.13265949999993, -27.01926549999996], [-49.13263879999994, -27.01924379999997], [-49.13263139999998, -27.019221699999946], [-49.13262919999994, -27.019205099999965], [-49.13264469999996, -27.01918509999996], [-49.132667699999956, -27.019174799999973], [-49.13273099999998, -27.01916449999993], [-49.13297259999996, -27.019142599999952], [-49.13328109999998, -27.01909089999998], [-49.13345439999995, -27.019040099999984], [-49.13360339999997, -27.018952999999954], [-49.13393139999994, -27.018694599999947], [-49.13421239999997, -27.01848739999997], [-49.13454129999997, -27.018348599999968], [-49.13475189999997, -27.018225299999983], [-49.13490809999996, -27.018098899999927], [-49.135036799999966, -27.017944099999966], [-49.13516389999995, -27.017781599999978], [-49.13528409999998, -27.01766209999994], [-49.13531759999995, -27.017611199999976], [-49.135332699999935, -27.017563499999937], [-49.13534079999994, -27.017478899999958], [-49.13532679999997, -27.017379999999946], [-49.135261499999956, -27.017119999999977], [-49.13523779999997, -27.017016599999977], [-49.135234099999934, -27.016963999999973], [-49.135244599999965, -27.016919899999948], [-49.13527049999993, -27.016868399999964], [-49.13530509999998, -27.016818099999966], [-49.13535579999996, -27.016769799999963], [-49.13543279999993, -27.01667649999996], [-49.13571559999997, -27.016267999999968], [-49.135775699999954, -27.01612289999997], [-49.13597539999995, -27.015687999999955], [-49.13604499999997, -27.01552259999994], [-49.13615809999993, -27.01537689999998], [-49.13636369999995, -27.01518459999994], [-49.136436499999945, -27.015071399999954], [-49.13647549999996, -27.01495189999997], [-49.13649449999997, -27.01476999999994], [-49.13652629999996, -27.014669599999934], [-49.13658359999994, -27.014598899999953], [-49.13665899999995, -27.014549599999953], [-49.13710889999993, -27.014347399999963], [-49.137265799999966, -27.01424869999994], [-49.13754209999996, -27.014013699999964], [-49.13765609999996, -27.01395009999993], [-49.13779529999994, -27.013927899999942], [-49.138544499999966, -27.01390639999994], [-49.13969229999998, -27.013946399999952], [-49.14006459999996, -27.01391469999993], [-49.14071859999996, -27.013942399999962], [-49.14126249999998, -27.01391719999998], [-49.141646599999945, -27.013861899999938], [-49.141823399999964, -27.013818499999957], [-49.14204049999995, -27.01371839999996], [-49.14229919999997, -27.013543599999934], [-49.14241099999998, -27.013486399999977], [-49.142651299999955, -27.013422099999957], [-49.14292949999998, -27.013388599999928], [-49.14336129999998, -27.01336559999993], [-49.14372899999995, -27.013341199999957], [-49.144095999999934, -27.013261799999952], [-49.14448729999998, -27.013174799999945], [-49.14457719999996, -27.01314009999993], [-49.14463459999996, -27.013091999999972], [-49.14472129999996, -27.01299249999994], [-49.14492289999998, -27.012778699999956], [-49.14507979999996, -27.012564099999963], [-49.145158599999945, -27.012421999999958], [-49.145204399999955, -27.012320699999975], [-49.14524699999998, -27.012245099999973], [-49.145316299999934, -27.012179599999968], [-49.14537679999995, -27.012139299999944], [-49.14548819999993, -27.01213619999993], [-49.145807099999956, -27.01219169999996], [-49.14643689999997, -27.01234519999997], [-49.147203599999955, -27.012252899999964], [-49.14783929999993, -27.012172499999963], [-49.14805979999994, -27.012138999999934], [-49.148923699999955, -27.011937299999943], [-49.149027599999954, -27.011895399999958], [-49.14908139999994, -27.011855199999957], [-49.149118699999974, -27.011810399999945], [-49.149288199999944, -27.01161469999994], [-49.14934469999997, -27.011569599999973], [-49.149406099999965, -27.011532899999963], [-49.149951499999986, -27.011299599999973], [-49.15056229999993, -27.01105759999996], [-49.150689299999954, -27.01095239999995], [-49.150770799999975, -27.01082779999996], [-49.15084249999995, -27.01069569999993], [-49.15087349999993, -27.01056499999993], [-49.150891899999976, -27.01045309999995], [-49.15088819999994, -27.01031219999993], [-49.150845999999945, -27.01014829999997], [-49.15077619999994, -27.01000229999994], [-49.15061989999998, -27.00977709999995], [-49.150564799999984, -27.00966619999997], [-49.150534799999946, -27.009578499999975], [-49.15049989999994, -27.00936009999998], [-49.150497299999984, -27.009058299999936], [-49.15049799999997, -27.008743799999934], [-49.15052629999997, -27.007975099999953], [-49.150571199999945, -27.00760719999994], [-49.15060079999995, -27.007303499999978], [-49.15065729999998, -27.00698069999993], [-49.150689099999965, -27.00689529999994], [-49.15074789999994, -27.006828799999937], [-49.15102189999993, -27.006627999999978], [-49.151453499999946, -27.00637009999997], [-49.15169079999998, -27.006209999999953], [-49.151928099999964, -27.00604979999997], [-49.15202489999996, -27.00595899999996], [-49.15206899999998, -27.005886199999964], [-49.15214249999997, -27.005720099999962], [-49.15220199999993, -27.00562309999998], [-49.15224719999998, -27.005588599999953], [-49.15229599999998, -27.005566999999928], [-49.152484699999945, -27.005465499999957], [-49.15264169999995, -27.00539939999993], [-49.15277749999996, -27.005359599999963], [-49.153087899999946, -27.00531849999993], [-49.15391559999995, -27.00524429999996], [-49.15427829999993, -27.005178099999966], [-49.15458669999998, -27.00508899999994], [-49.15532719999993, -27.00485619999995], [-49.155537299999935, -27.004812199999947], [-49.155781299999944, -27.00480959999993], [-49.15621769999996, -27.004876099999933], [-49.15653149999997, -27.004900599999928], [-49.15663919999997, -27.00491349999993], [-49.15674579999995, -27.00489399999998], [-49.15683789999997, -27.00484469999998], [-49.156885999999986, -27.00477959999995], [-49.157105799999954, -27.00429079999998], [-49.15747529999993, -27.00357249999996], [-49.157892499999946, -27.00302279999994], [-49.15799509999994, -27.00287119999996], [-49.158059399999956, -27.00272599999994], [-49.158073799999954, -27.002624199999957], [-49.15806719999995, -27.002522399999975], [-49.15798599999994, -27.00224129999998], [-49.15795259999993, -27.001976799999966], [-49.15796719999997, -27.00183869999995], [-49.158011499999986, -27.001711499999942], [-49.15814549999993, -27.00148889999997], [-49.15835019999997, -27.001231899999937], [-49.159126999999955, -27.000440599999934], [-49.159806499999945, -26.999893499999928], [-49.16012869999997, -26.99966779999994], [-49.16037959999994, -26.99944739999995], [-49.16063459999998, -26.999243399999955], [-49.16088309999998, -26.999040599999944], [-49.16095659999996, -26.998947699999974], [-49.16103019999997, -26.998854799999947], [-49.16115049999996, -26.998654199999976], [-49.16118599999999, -26.99851259999997], [-49.16120889999996, -26.998369999999966], [-49.16121319999996, -26.998115299999938], [-49.16115909999996, -26.997829699999954], [-49.16112199999998, -26.99766909999994], [-49.161062699999945, -26.99752959999995], [-49.16091869999997, -26.997286799999983], [-49.16086779999995, -26.997154199999954], [-49.160834199999954, -26.99702979999995], [-49.160817899999984, -26.99689479999995], [-49.16080739999995, -26.996595199999945], [-49.160828899999956, -26.99640409999995], [-49.160874099999944, -26.996215099999972], [-49.16110719999995, -26.99564609999993], [-49.16143539999996, -26.994915399999968], [-49.16153049999997, -26.99470249999996], [-49.16164809999998, -26.994522699999948], [-49.16176139999993, -26.994364399999938], [-49.161926999999935, -26.994072999999958], [-49.16241549999995, -26.99306869999998], [-49.16248759999996, -26.992921699999954], [-49.16253899999998, -26.992759199999966], [-49.162594499999955, -26.99250559999996], [-49.16273529999995, -26.991728199999955], [-49.16282659999996, -26.99100459999994], [-49.16287099999994, -26.990635899999972], [-49.162873899999965, -26.99044269999996], [-49.16283759999993, -26.990293899999983], [-49.16279319999995, -26.990205299999957], [-49.162748799999974, -26.990116799999953], [-49.162192199999936, -26.989270099999942], [-49.16197029999995, -26.988842499999976], [-49.161577799999975, -26.98808619999994], [-49.16149839999997, -26.98794709999993], [-49.16144819999994, -26.987795699999936], [-49.16141189999996, -26.987532199999976], [-49.16142849999994, -26.987273699999946], [-49.16150029999994, -26.986999999999966], [-49.161580699999945, -26.986819199999957], [-49.161658099999954, -26.98664119999995], [-49.161823399999946, -26.98640709999995], [-49.162152299999946, -26.98592549999995], [-49.16249399999998, -26.985550099999955], [-49.16291879999994, -26.985199499999965], [-49.16303749999997, -26.985057499999982], [-49.16309699999994, -26.984924699999965], [-49.16314019999993, -26.984719299999938], [-49.16313189999994, -26.984629199999972], [-49.16312349999998, -26.98453909999995], [-49.16306789999993, -26.98436319999996], [-49.16296599999998, -26.98416409999993], [-49.162609299999986, -26.98346369999996], [-49.16236449999997, -26.98306539999993], [-49.162080199999934, -26.98274299999997], [-49.16184169999997, -26.982536399999958], [-49.16171869999994, -26.98238809999998], [-49.16163259999996, -26.98224099999993], [-49.16157709999993, -26.982072999999957], [-49.161554999999964, -26.98187939999997], [-49.161623099999986, -26.981520299999943], [-49.16174209999997, -26.981056099999932], [-49.161833599999966, -26.980506699999978], [-49.16192819999998, -26.98019899999997], [-49.16202039999996, -26.979970399999956], [-49.162239099999965, -26.979609899999957], [-49.162267499999984, -26.979542099999946], [-49.162288599999954, -26.979467299999953], [-49.162318899999946, -26.979249599999946], [-49.16231589999995, -26.979029599999933], [-49.162293499999976, -26.97848239999996], [-49.16226659999995, -26.978251299999954], [-49.16219829999994, -26.977986899999962], [-49.16211969999995, -26.977766299999928], [-49.16206489999996, -26.977671099999952], [-49.16197489999996, -26.977584099999945], [-49.16142649999995, -26.97708279999995], [-49.16115209999998, -26.976772799999935], [-49.160874399999955, -26.976377499999955], [-49.16066399999994, -26.976061199999947], [-49.16025099999996, -26.975306199999977], [-49.15988439999995, -26.974340799999936], [-49.159708199999955, -26.97382829999998], [-49.159534399999984, -26.97322479999997], [-49.15943189999996, -26.972978299999966], [-49.15928969999993, -26.972733799999958], [-49.15907509999994, -26.972463799999957], [-49.15887269999996, -26.972288999999932], [-49.158784099999934, -26.97215549999993], [-49.15827299999995, -26.970020999999974], [-49.158217599999944, -26.969752399999948], [-49.158220599999936, -26.969661499999972], [-49.15824209999994, -26.96958209999997], [-49.158304999999984, -26.969505199999958], [-49.15844009999995, -26.969380899999976], [-49.15855559999994, -26.969247499999938], [-49.15863889999997, -26.969092199999977], [-49.15870849999993, -26.968912099999955], [-49.15887459999993, -26.96813899999995], [-49.15909609999994, -26.967174099999966], [-49.159389799999985, -26.966417699999965], [-49.159474699999976, -26.96623399999993], [-49.15959329999998, -26.966074799999944], [-49.15976019999994, -26.965903799999978], [-49.15995529999998, -26.96577499999995], [-49.16001399999993, -26.96572299999997], [-49.16005409999997, -26.965647399999966], [-49.160186399999986, -26.96531959999993], [-49.160303099999965, -26.96491059999994], [-49.160363099999984, -26.964593599999944], [-49.160365999999954, -26.96434819999996], [-49.16028579999994, -26.96411539999997], [-49.160230199999944, -26.963882499999954], [-49.16022589999994, -26.96363269999995], [-49.16025069999995, -26.963079299999947], [-49.16033089999996, -26.96227129999994], [-49.160387499999956, -26.961494399999935], [-49.16037769999997, -26.96126819999995], [-49.16039249999994, -26.960908099999983], [-49.16044619999997, -26.96064999999993], [-49.16053059999996, -26.96037739999997], [-49.16053469999997, -26.960230499999966], [-49.16050759999996, -26.960099599999978], [-49.16045889999998, -26.959965799999964], [-49.16040339999995, -26.959840999999983], [-49.16036969999993, -26.95977659999994], [-49.160332799999935, -26.959728799999937], [-49.16030269999993, -26.959676399999978], [-49.160288299999934, -26.959622699999954], [-49.16029389999994, -26.959555199999954], [-49.160320199999944, -26.959492299999965], [-49.16037259999996, -26.95944479999997], [-49.160662799999955, -26.959326699999963], [-49.16186299999998, -26.95892379999998], [-49.16213609999994, -26.95880669999997], [-49.16225869999994, -26.958708299999955], [-49.162343799999974, -26.95858409999994], [-49.16267749999997, -26.958005799999967], [-49.16273399999994, -26.95791479999997], [-49.16280939999996, -26.957847399999935], [-49.16290969999994, -26.95779989999994], [-49.16304729999996, -26.95775119999996], [-49.163238699999965, -26.957645299999967], [-49.16333169999996, -26.95758529999995], [-49.16352569999998, -26.957412099999942], [-49.16457859999997, -26.956530699999973], [-49.164707299999975, -26.95641539999997], [-49.16473289999993, -26.95635189999996], [-49.164739699999984, -26.956281299999944], [-49.16468469999995, -26.95610899999997], [-49.164495199999976, -26.95574229999994], [-49.164355599999965, -26.95550529999997], [-49.16419939999997, -26.955349399999932], [-49.164008199999955, -26.95520579999993], [-49.16378299999997, -26.955113299999937], [-49.16287599999998, -26.954894599999932], [-49.162576799999954, -26.954826999999966], [-49.16246899999993, -26.95478879999996], [-49.16237079999996, -26.954736799999978], [-49.16213689999995, -26.95459299999993], [-49.161972299999945, -26.954506799999933], [-49.161778899999945, -26.95441489999996], [-49.161586599999964, -26.95431659999997], [-49.16139419999996, -26.954209899999967], [-49.16106079999997, -26.953992699999958], [-49.16098899999997, -26.953921799999932], [-49.16076129999993, -26.953604499999983], [-49.16044879999998, -26.95323039999994], [-49.160301999999945, -26.953097199999945], [-49.160167899999976, -26.952948899999967], [-49.16013479999998, -26.95288039999997], [-49.160137599999985, -26.952804699999945], [-49.16034819999993, -26.952266399999928], [-49.160580599999946, -26.951840199999936], [-49.16069249999998, -26.951665999999932], [-49.16103789999994, -26.951328299999943], [-49.16124179999997, -26.95108199999993], [-49.16147669999998, -26.950810599999954], [-49.16163849999998, -26.95059059999994], [-49.16178529999996, -26.950328499999955], [-49.16201639999997, -26.949854399999936], [-49.16236809999998, -26.94927869999998], [-49.162555399999974, -26.94899529999998], [-49.16265559999994, -26.94874889999994], [-49.16273709999996, -26.948446899999965], [-49.16282629999995, -26.94826999999998], [-49.162860799999976, -26.94818399999997], [-49.162872999999934, -26.948090399999955], [-49.16287969999996, -26.947986199999946], [-49.16286489999993, -26.947869099999934], [-49.16281529999998, -26.947728799999936], [-49.16259669999994, -26.947242399999936], [-49.16254619999995, -26.94709759999995], [-49.162536699999976, -26.94707029999995], [-49.16250949999994, -26.94699909999997], [-49.16246579999995, -26.946919599999944], [-49.162391799999966, -26.94679309999998], [-49.16225659999998, -26.946618599999965], [-49.162180199999966, -26.946477199999947], [-49.162138099999936, -26.94639909999995], [-49.162031499999955, -26.946082099999956], [-49.161970199999985, -26.94560819999998], [-49.16196779999996, -26.94551359999997], [-49.16197829999993, -26.945424899999978], [-49.162031499999955, -26.945201399999974], [-49.162121799999966, -26.944981799999937], [-49.16217839999996, -26.94481939999997], [-49.16221939999997, -26.944726799999955], [-49.16225479999997, -26.944687599999952], [-49.16230799999994, -26.94465969999993], [-49.16248159999998, -26.94458489999994], [-49.16299619999995, -26.94446199999993], [-49.16316379999995, -26.944443299999932], [-49.16332609999995, -26.944443399999955], [-49.16345729999995, -26.944423599999936], [-49.16353979999997, -26.944403999999963], [-49.163609399999984, -26.94436959999996], [-49.163813999999945, -26.94422449999996], [-49.16391909999993, -26.944166399999972], [-49.16402139999997, -26.94413439999994], [-49.16413249999994, -26.94411969999993], [-49.16437099999996, -26.944123399999967], [-49.16474909999994, -26.94407209999997], [-49.16484359999998, -26.944018399999948], [-49.16491419999994, -26.943961899999977], [-49.16495069999996, -26.94387249999994], [-49.16498329999996, -26.943767599999944], [-49.16502099999997, -26.94353049999995], [-49.16507799999994, -26.94332449999996], [-49.16519389999996, -26.94306309999996], [-49.16525309999997, -26.942862599999955], [-49.16529419999995, -26.942665199999965], [-49.165318799999966, -26.942375099999936], [-49.16536479999996, -26.942153599999983], [-49.165454899999986, -26.941894099999956], [-49.16548039999998, -26.941774299999963], [-49.16550589999997, -26.94165449999997], [-49.16552249999995, -26.941512599999953], [-49.165477899999985, -26.941030099999978], [-49.16535609999994, -26.940523799999937], [-49.165295199999946, -26.940366899999958], [-49.165137399999935, -26.940075199999967], [-49.16505489999997, -26.939972799999964], [-49.16495299999997, -26.93990059999993], [-49.164490099999966, -26.939569999999947], [-49.16414149999997, -26.93928449999993], [-49.164067899999964, -26.939187799999956], [-49.16400909999993, -26.93906409999994], [-49.16392709999997, -26.938818099999935], [-49.16382969999995, -26.93835619999993], [-49.163807099999985, -26.938236899999936], [-49.16381009999998, -26.93810629999996], [-49.16379329999995, -26.937912799999935], [-49.16374119999995, -26.937781299999983], [-49.163684599999954, -26.93769169999996], [-49.163504099999955, -26.93746219999997], [-49.16261629999997, -26.936533999999938], [-49.162073599999985, -26.936162299999978], [-49.16171429999997, -26.935901599999966], [-49.16146149999997, -26.935676499999943], [-49.15932259999994, -26.934881099999927], [-49.15927379999994, -26.93484799999993], [-49.15924659999996, -26.93479259999998], [-49.15923499999997, -26.934749099999976], [-49.159234599999934, -26.934692499999983], [-49.159272199999975, -26.93462169999998], [-49.15933759999996, -26.934561599999938], [-49.15946699999995, -26.934495199999958], [-49.15960689999997, -26.93446709999995], [-49.16037959999994, -26.934381499999972], [-49.162628799999936, -26.934426299999927], [-49.16299879999997, -26.934458099999972], [-49.163118699999984, -26.934461399999975], [-49.163242399999945, -26.934435099999973], [-49.16342899999995, -26.93434689999998], [-49.16448539999993, -26.933802399999934], [-49.16466789999998, -26.933705499999974], [-49.16477789999993, -26.933618399999943], [-49.164953999999966, -26.933417299999974], [-49.165175499999975, -26.933136499999932], [-49.16526709999994, -26.93304969999997], [-49.16547039999995, -26.932924899999932], [-49.165763899999945, -26.93279709999996], [-49.16586609999996, -26.93273819999996], [-49.16617409999998, -26.93247669999994], [-49.166497299999946, -26.932217399999956], [-49.166912099999934, -26.93195439999994], [-49.16758119999997, -26.931624299999953], [-49.16861729999994, -26.931220099999962], [-49.168705399999965, -26.931201699999974], [-49.16882909999998, -26.93118949999996], [-49.16889229999998, -26.931173799999954], [-49.168955799999935, -26.931141499999967], [-49.16901509999997, -26.931051099999934], [-49.16911729999998, -26.930747099999962], [-49.16917479999995, -26.93036319999993], [-49.16923399999996, -26.929887599999972], [-49.169287199999985, -26.92936549999996], [-49.169307799999956, -26.92922029999994], [-49.169354699999985, -26.929073899999935], [-49.16947739999995, -26.928832099999966], [-49.16951419999998, -26.928727699999968], [-49.16955079999997, -26.92862359999998], [-49.16956699999997, -26.928537399999982], [-49.16958009999996, -26.928430799999944], [-49.16961209999994, -26.928016799999966], [-49.169618499999956, -26.927876999999967], [-49.16965689999995, -26.92779459999997], [-49.16971099999995, -26.927739199999962], [-49.16984619999994, -26.927625999999975], [-49.17025909999995, -26.927376699999968], [-49.17036619999993, -26.92728829999993], [-49.17046919999996, -26.92718979999995], [-49.17051689999994, -26.92710169999998], [-49.17054619999993, -26.927004099999976], [-49.17070339999998, -26.926247099999955], [-49.17076659999998, -26.925825799999927], [-49.17077729999994, -26.92554739999997], [-49.17075459999995, -26.92523669999997], [-49.17066349999993, -26.92452409999993], [-49.170628499999964, -26.924349999999947], [-49.170574399999964, -26.92416559999998], [-49.17056789999998, -26.924021799999935], [-49.170592599999964, -26.92391779999997], [-49.170718499999964, -26.923711599999933], [-49.170875999999964, -26.92355639999994], [-49.17105109999994, -26.923436899999956], [-49.17152059999995, -26.92319249999997], [-49.17181139999997, -26.923050699999976], [-49.17222549999997, -26.922857199999953], [-49.17304089999993, -26.922229999999956], [-49.17320099999995, -26.922041199999967], [-49.17332689999995, -26.921824499999957], [-49.173473599999966, -26.921541799999943], [-49.17361189999997, -26.92122749999993], [-49.17369069999995, -26.921019499999943], [-49.17376079999997, -26.920768799999962], [-49.17379239999997, -26.920528799999943], [-49.17380149999997, -26.920076799999947], [-49.17382229999998, -26.919933899999933], [-49.17388619999997, -26.91981459999994], [-49.174163599999986, -26.919487599999968], [-49.174487899999974, -26.91919249999995], [-49.17468009999993, -26.919064899999967], [-49.17491099999995, -26.91899189999998], [-49.17522079999998, -26.918964399999936], [-49.175451399999986, -26.918907899999965], [-49.17554749999994, -26.91886109999996], [-49.17562069999997, -26.918800999999974], [-49.176055099999985, -26.91837579999998], [-49.17624729999994, -26.918104099999937], [-49.17638679999993, -26.917965099999947], [-49.176444199999935, -26.91791939999996], [-49.17658499999993, -26.91783399999997], [-49.176671099999965, -26.91773509999996], [-49.176700799999935, -26.917628899999954], [-49.17682169999995, -26.91667719999998], [-49.176856199999975, -26.916128199999946], [-49.176861299999985, -26.91548169999993], [-49.17682869999993, -26.91514849999993], [-49.17677679999997, -26.914858299999935], [-49.17672719999996, -26.91463559999994], [-49.176680799999986, -26.914372199999946], [-49.17664339999993, -26.914226499999984], [-49.176585899999964, -26.914090199999976], [-49.17649989999995, -26.913959999999975], [-49.17631049999994, -26.91365849999994], [-49.17611679999993, -26.91342309999993], [-49.176041399999974, -26.913375799999983], [-49.17595689999996, -26.91334859999995], [-49.175643099999945, -26.913290899999936], [-49.17493479999996, -26.91319809999993], [-49.17461169999996, -26.913132899999937], [-49.17450309999998, -26.913099099999954], [-49.174391499999956, -26.91302859999996], [-49.17431369999997, -26.91293109999998], [-49.17426329999995, -26.912799399999983], [-49.17420099999998, -26.912467999999933], [-49.17417249999994, -26.912082599999962], [-49.17425069999996, -26.91180769999994], [-49.17449749999997, -26.911563599999965], [-49.17467639999995, -26.911351199999956], [-49.17476639999995, -26.911171599999932], [-49.174803199999985, -26.910963599999945], [-49.17472249999997, -26.910414999999944], [-49.17459869999993, -26.909586599999955], [-49.17447569999996, -26.908337399999937], [-49.174422799999945, -26.908006399999977], [-49.17431669999996, -26.90764859999996], [-49.174244399999964, -26.907453999999973], [-49.17404009999996, -26.90706719999997], [-49.17385859999996, -26.90662539999994], [-49.17373249999997, -26.90627879999994], [-49.173591199999976, -26.905890299999953], [-49.17356929999994, -26.90561649999995], [-49.17358049999996, -26.90529379999998], [-49.17356479999995, -26.90498359999998], [-49.173508899999945, -26.904726099999948], [-49.173377699999946, -26.904471499999943], [-49.17326779999996, -26.904285899999934], [-49.17309039999998, -26.904097999999976], [-49.17292939999993, -26.903998199999933], [-49.172757399999966, -26.90396899999996], [-49.172632799999974, -26.903981099999953], [-49.17252589999998, -26.904018599999972], [-49.17242049999993, -26.904096699999968], [-49.171919499999944, -26.904741899999976], [-49.17181069999998, -26.90483249999994], [-49.171755099999984, -26.904858899999965], [-49.17167639999997, -26.90486459999994], [-49.171346599999936, -26.90482359999993], [-49.170985299999984, -26.90473529999997], [-49.17013089999995, -26.904815499999984], [-49.169524699999954, -26.90467069999994], [-49.16845699999993, -26.904642399999943], [-49.16743359999998, -26.904527899999948], [-49.16677629999998, -26.90446609999998], [-49.16612749999996, -26.904528599999935], [-49.16526799999997, -26.904745999999932], [-49.164832399999966, -26.904667399999937], [-49.16460429999995, -26.90441489999995], [-49.16446199999996, -26.903677499999958], [-49.16453579999995, -26.903254699999934], [-49.16441169999996, -26.902798299999972], [-49.16393569999997, -26.902096899999947], [-49.16348169999998, -26.901558199999954], [-49.16356429999996, -26.900941299999943], [-49.164100099999985, -26.900289699999973], [-49.16477589999994, -26.89967189999993], [-49.165308299999936, -26.899100399999952], [-49.16565819999994, -26.898560799999927], [-49.16571789999995, -26.898034199999984], [-49.165553099999954, -26.897162599999945], [-49.16547209999993, -26.896667999999977], [-49.16546429999994, -26.89662009999995], [-49.16544799999997, -26.896223299999974], [-49.16543759999996, -26.895970899999952], [-49.16552779999995, -26.895575099999974], [-49.16554739999998, -26.895489099999963], [-49.16554279999997, -26.89540939999995], [-49.16553339999996, -26.895248899999956], [-49.165525199999934, -26.89510869999998], [-49.16551739999994, -26.89497369999998], [-49.16505319999993, -26.894641299999932], [-49.16407629999998, -26.89453949999995], [-49.16382909999993, -26.894527599999947], [-49.16332929999993, -26.894503699999973], [-49.16225019999996, -26.894452099999967], [-49.160496499999965, -26.894688299999927], [-49.15979609999994, -26.894875699999943], [-49.159095599999944, -26.89506309999996], [-49.15811819999993, -26.89526029999996], [-49.15702109999995, -26.89515899999998], [-49.15611759999996, -26.895018599999958], [-49.15524359999995, -26.895136099999945], [-49.15423599999997, -26.89530229999997], [-49.15400239999997, -26.89534079999993], [-49.15345879999995, -26.89538189999996], [-49.15339009999997, -26.895387099999937], [-49.15261389999995, -26.895501399999944], [-49.152315199999975, -26.895356999999933], [-49.152216899999985, -26.89530949999994], [-49.15206509999996, -26.894925499999943], [-49.15221699999995, -26.894753099999946], [-49.15256089999997, -26.894344899999965], [-49.15272539999995, -26.894201799999962], [-49.15288369999996, -26.89404109999998], [-49.15309389999993, -26.893875299999934], [-49.153297899999984, -26.893691899999965], [-49.15404979999994, -26.892978599999935], [-49.154181999999935, -26.89282339999994], [-49.15428129999998, -26.892696799999953], [-49.15457829999997, -26.892380999999943], [-49.154764399999976, -26.892104399999937], [-49.15496909999996, -26.891880399999934], [-49.15546249999994, -26.891157499999963], [-49.15560819999996, -26.89097339999995], [-49.15569489999996, -26.89082339999993], [-49.15594609999994, -26.890530199999944], [-49.15614419999997, -26.890311999999938], [-49.15631639999998, -26.890093299999933], [-49.15654139999998, -26.889817299999947], [-49.15693429999993, -26.889255999999932], [-49.157223999999985, -26.888986599999953], [-49.15740299999993, -26.888750699999946], [-49.15789609999996, -26.888108599999953], [-49.15800349999995, -26.887955999999974], [-49.158139699999936, -26.887757999999963], [-49.15825209999997, -26.887625799999967], [-49.158371199999976, -26.887482099999943], [-49.15862099999998, -26.88727609999995], [-49.15880629999998, -26.88704599999994], [-49.15892549999995, -26.88689059999996], [-49.15900819999996, -26.886789999999962], [-49.15909089999997, -26.886689299999944], [-49.15923589999994, -26.88654589999993], [-49.159328699999946, -26.88642509999994], [-49.15952629999998, -26.88623579999995], [-49.15965289999997, -26.88602819999994], [-49.159699699999976, -26.885941599999967], [-49.160140499999954, -26.88560259999997], [-49.16014839999997, -26.88559659999993], [-49.160429299999976, -26.88546649999995], [-49.16081509999998, -26.88527389999996], [-49.16107679999993, -26.885131999999942], [-49.16141019999998, -26.88496779999997], [-49.16174369999993, -26.884791999999948], [-49.16221509999997, -26.884519099999977], [-49.16245679999997, -26.884411799999953], [-49.162829399999964, -26.884224899999936], [-49.16318839999997, -26.88408419999996], [-49.16362549999997, -26.88392129999994], [-49.16390599999994, -26.883820399999934], [-49.16553359999995, -26.883336399999962], [-49.165886299999954, -26.88321869999993], [-49.166303099999936, -26.883053099999984], [-49.166935499999965, -26.882840399999964], [-49.16735939999995, -26.882694799999967], [-49.16775719999998, -26.88256039999993], [-49.16819419999996, -26.882403299999964], [-49.16857889999994, -26.88227459999996], [-49.168859399999974, -26.882173699999953], [-49.169587699999965, -26.881936199999927], [-49.169888499999956, -26.881783199999973], [-49.17021549999998, -26.88161299999996], [-49.17047679999996, -26.881488499999932], [-49.170777499999986, -26.881341299999974], [-49.17103869999994, -26.88122839999994], [-49.171253999999976, -26.88114989999997], [-49.17174339999997, -26.880964399999982], [-49.17228559999995, -26.88071569999994], [-49.17253359999995, -26.880619999999965], [-49.17307549999998, -26.88038869999997], [-49.173258199999964, -26.880321399999957], [-49.173838399999966, -26.880050799999935], [-49.17423649999995, -26.87980299999998], [-49.174347599999976, -26.879752099999962], [-49.174517599999945, -26.879661299999952], [-49.17471359999996, -26.879570799999954], [-49.17497489999994, -26.87945209999998], [-49.17526879999997, -26.879322299999956], [-49.17575799999997, -26.879148399999963], [-49.17612939999998, -26.87903689999996], [-49.17644629999995, -26.87890189999996], [-49.17695189999995, -26.87869879999994], [-49.177239199999974, -26.87857459999998], [-49.17760679999998, -26.878474899999958], [-49.17814189999996, -26.878300599999932], [-49.17831189999998, -26.87820979999998], [-49.17842969999998, -26.878141599999935], [-49.17858069999994, -26.87802729999993], [-49.17881639999996, -26.877884999999935], [-49.17909839999993, -26.87769099999997], [-49.17933379999994, -26.87757199999993], [-49.17991449999994, -26.87734699999993], [-49.18025259999996, -26.87729319999994], [-49.18044429999998, -26.877289299999973], [-49.18070009999997, -26.877287399999943], [-49.18090099999995, -26.877295699999934], [-49.181088699999975, -26.877315599999974], [-49.181295699999964, -26.87734729999994], [-49.18154079999994, -26.877431899999976], [-49.181669099999965, -26.877514899999937], [-49.18181069999997, -26.87758649999995], [-49.18200329999996, -26.87770519999998], [-49.182208799999955, -26.877829899999938], [-49.182362299999966, -26.877965599999982], [-49.18252169999994, -26.878147999999953], [-49.18331249999994, -26.879061099999944], [-49.18340749999993, -26.87920189999994], [-49.18345769999996, -26.87930709999995], [-49.18361059999995, -26.879483499999935], [-49.18377839999994, -26.879508199999975], [-49.183921199999986, -26.879560399999946], [-49.18404859999998, -26.879601199999968], [-49.18430019999994, -26.87967999999995], [-49.18449049999998, -26.879690899999957], [-49.18468709999996, -26.87969339999995], [-49.18487619999996, -26.879718599999933], [-49.184893699999975, -26.87972579999996], [-49.18492199999997, -26.879736399999956], [-49.18494389999995, -26.879746799999964], [-49.18497019999995, -26.879759699999966], [-49.18499859999997, -26.87976969999994], [-49.185024699999985, -26.879777799999943], [-49.18505359999995, -26.879782099999943], [-49.18508849999995, -26.87978929999997], [-49.185117599999955, -26.879794499999946], [-49.18514099999993, -26.879798999999934], [-49.18516299999993, -26.879803099999947], [-49.185184799999945, -26.879804099999944], [-49.18521439999995, -26.87980209999995], [-49.185230599999954, -26.87979669999993], [-49.185247999999945, -26.879786699999954], [-49.18526319999995, -26.879772799999955], [-49.18527629999994, -26.879751299999953], [-49.185289799999964, -26.87972639999998], [-49.18529719999998, -26.879710199999977], [-49.18530489999995, -26.879696399999943], [-49.185310999999956, -26.87968399999994], [-49.18532129999994, -26.87966389999997], [-49.18533139999994, -26.879645799999935], [-49.18534189999997, -26.87962719999996], [-49.18535149999997, -26.879614499999946], [-49.185375599999986, -26.879579199999966], [-49.185393499999975, -26.87955469999997], [-49.185444099999984, -26.879502099999968], [-49.18547389999998, -26.879463899999962], [-49.185510299999976, -26.879430499999955], [-49.185546199999976, -26.879400499999974], [-49.18556849999993, -26.879379399999948], [-49.185589799999946, -26.879360899999938], [-49.18561479999994, -26.879332499999975], [-49.185631299999955, -26.879309699999965], [-49.185648399999934, -26.87928279999994], [-49.18566099999998, -26.879257699999982], [-49.185678199999984, -26.879221299999983], [-49.18569229999997, -26.87919279999994], [-49.185708499999976, -26.87916519999993], [-49.185717299999965, -26.87914779999994], [-49.18572299999994, -26.87913709999998], [-49.185731299999986, -26.879120099999966], [-49.18573539999994, -26.87910489999996], [-49.185739499999954, -26.87909129999997], [-49.18575599999997, -26.879041899999947], [-49.18576909999996, -26.878995499999974], [-49.18577589999995, -26.87894179999995], [-49.18577239999996, -26.87889439999998], [-49.18577209999995, -26.87886059999994], [-49.18577389999996, -26.878801799999962], [-49.18578239999994, -26.878745799999933], [-49.185799299999985, -26.87870369999996], [-49.18581459999996, -26.878659399999947], [-49.18583899999993, -26.878593999999964], [-49.18586159999995, -26.878538999999932], [-49.185874499999954, -26.87850709999998], [-49.185884999999985, -26.87848319999995], [-49.18589049999997, -26.878468599999962], [-49.185893599999986, -26.878452799999934], [-49.18589529999997, -26.878429599999947], [-49.18589559999998, -26.878413299999977], [-49.185892799999976, -26.878398699999934], [-49.18588669999997, -26.878376499999945], [-49.18587619999994, -26.878343799999982], [-49.185857899999974, -26.878305799999964], [-49.18583189999998, -26.87824699999993], [-49.185827899999936, -26.878229999999974], [-49.18582379999998, -26.87821299999996], [-49.185830399999986, -26.87817249999995], [-49.18584939999994, -26.878138199999967], [-49.185869999999966, -26.87809589999995], [-49.185875899999985, -26.878064499999937], [-49.18585439999998, -26.878024099999948], [-49.18582679999997, -26.877994499999943], [-49.18578619999994, -26.877969399999984], [-49.18575539999995, -26.877942399999938], [-49.185742699999935, -26.877925799999957], [-49.185744099999965, -26.877901099999974], [-49.185748399999966, -26.877872599999932], [-49.18575869999995, -26.877844099999948], [-49.185765199999935, -26.877824499999974], [-49.185776799999985, -26.877793099999963], [-49.185785399999986, -26.87777109999996], [-49.18578779999996, -26.87775579999993], [-49.185793599999954, -26.87773459999994], [-49.18580039999995, -26.877705599999956], [-49.185811799999954, -26.877665499999978], [-49.18581949999998, -26.87763199999995], [-49.18582489999994, -26.87761059999997], [-49.18583159999997, -26.87758679999996], [-49.18583759999996, -26.877566799999954], [-49.18585439999998, -26.87752949999998], [-49.185867299999984, -26.87749969999993], [-49.18588369999998, -26.877471199999945], [-49.185906899999964, -26.87744269999996], [-49.185928099999956, -26.87741879999993], [-49.18594539999998, -26.877400699999953], [-49.18596969999993, -26.87737139999996], [-49.18598459999998, -26.877355399999942], [-49.186027999999965, -26.877315299999964], [-49.18606799999998, -26.87728809999993], [-49.18610819999998, -26.877275099999963], [-49.186154199999976, -26.87727039999993], [-49.18621989999997, -26.877260199999967], [-49.18627699999996, -26.87724849999995], [-49.18629529999998, -26.877213499999982], [-49.18628689999997, -26.877162299999952], [-49.18625969999994, -26.87712739999995], [-49.186233999999956, -26.877099999999928], [-49.18619169999994, -26.87704489999993], [-49.186144799999965, -26.876987699999972], [-49.18611979999997, -26.876912799999957], [-49.186101399999984, -26.87686279999997], [-49.18611459999994, -26.876819799999964], [-49.18612899999994, -26.876788999999974], [-49.18617009999997, -26.87676879999998], [-49.18622709999994, -26.87676879999998], [-49.186284099999966, -26.876772999999957], [-49.186353199999985, -26.87678559999995], [-49.18641539999993, -26.87679819999994], [-49.18645769999995, -26.876804899999968], [-49.18647619999996, -26.87680309999996], [-49.18649629999993, -26.876797799999963], [-49.18652509999998, -26.876778199999933], [-49.18654799999996, -26.87674389999995], [-49.186562099999946, -26.876683999999955], [-49.18657479999996, -26.876608199999964], [-49.18657749999994, -26.876572299999964], [-49.186589899999944, -26.876531899999975], [-49.18661129999998, -26.876495499999976], [-49.18663019999997, -26.87646719999998], [-49.18665329999993, -26.87643509999998], [-49.18666459999997, -26.876386399999944], [-49.18666829999995, -26.87634029999998], [-49.186666299999956, -26.876301799999965], [-49.18665639999995, -26.87625739999993], [-49.186641899999984, -26.87622049999993], [-49.18662419999998, -26.876191199999937], [-49.18658019999998, -26.876158799999928], [-49.18653139999998, -26.876137399999948], [-49.18649289999996, -26.87611849999996], [-49.18645719999995, -26.876107299999944], [-49.186428199999966, -26.876098799999966], [-49.186366299999975, -26.876078899999982], [-49.18630189999993, -26.876058899999975], [-49.18627349999997, -26.876038799999947], [-49.18626219999993, -26.87602229999993], [-49.186260999999945, -26.875982799999974], [-49.18627319999996, -26.875949999999932], [-49.18629589999995, -26.875914399999942], [-49.186305699999934, -26.875887599999942], [-49.18630329999996, -26.875858299999948], [-49.18629309999994, -26.875838999999928], [-49.18626649999993, -26.875815599999953], [-49.18622659999994, -26.875800999999967], [-49.18619079999996, -26.87579329999994], [-49.18615119999998, -26.87578979999995], [-49.18608889999996, -26.875781599999982], [-49.18602709999993, -26.875773899999956], [-49.185964299999966, -26.875768799999946], [-49.185920599999974, -26.875766299999952], [-49.185878499999944, -26.875769299999945], [-49.18583629999995, -26.875777399999947], [-49.18581829999994, -26.875778499999967], [-49.185814499999935, -26.875779699999953], [-49.18580089999995, -26.87578129999997], [-49.18578899999994, -26.87578149999996], [-49.185785899999985, -26.87578149999996], [-49.18578349999996, -26.875783399999932], [-49.18578039999994, -26.875784599999974], [-49.185776199999964, -26.875786699999935], [-49.18577299999998, -26.875789099999963], [-49.18576859999996, -26.875791599999957], [-49.18576589999998, -26.875793099999953], [-49.185762299999965, -26.875795299999936], [-49.18575969999995, -26.875797499999976], [-49.185757999999964, -26.875798799999927], [-49.185756399999946, -26.875799899999947], [-49.18575509999994, -26.87580079999998], [-49.185752899999954, -26.87580259999993], [-49.18575089999996, -26.87580429999997], [-49.185748599999954, -26.87580639999993], [-49.18549749999994, -26.875961399999937], [-49.18534459999995, -26.87608769999997], [-49.185138999999936, -26.876273099999935], [-49.18496229999994, -26.87646019999994], [-49.184913999999935, -26.87649239999996], [-49.184808299999986, -26.87652879999996], [-49.184767499999964, -26.876540499999976], [-49.18469659999994, -26.876536699999974], [-49.184668999999985, -26.876522799999975], [-49.18464299999994, -26.876503899999932], [-49.18461739999998, -26.876463599999965], [-49.18459329999996, -26.876426799999933], [-49.18454699999995, -26.87637179999996], [-49.18451669999996, -26.87632499999995], [-49.18448499999994, -26.876266099999953], [-49.184426299999984, -26.876185199999952], [-49.184388299999966, -26.876119699999947], [-49.18434589999998, -26.876083499999936], [-49.18428099999994, -26.876058399999977], [-49.18414979999994, -26.875944799999957], [-49.184085599999946, -26.875863099999947], [-49.18395499999997, -26.87572659999995], [-49.18378649999994, -26.875568399999963], [-49.18366679999997, -26.875476599999956], [-49.18357579999997, -26.875408799999946], [-49.18340919999997, -26.875272799999948], [-49.183345299999985, -26.875173599999982], [-49.18333209999997, -26.87510999999995], [-49.18334549999997, -26.875048299999946], [-49.18333459999997, -26.874959299999944], [-49.183297599999946, -26.874932399999977], [-49.18313959999995, -26.87476479999998], [-49.182834499999956, -26.874509899999964], [-49.182727099999966, -26.87442029999994], [-49.18264489999996, -26.874351599999954], [-49.18218729999995, -26.874042999999972], [-49.18217569999996, -26.874034999999935], [-49.18182049999996, -26.873793599999942], [-49.18136979999997, -26.87359299999997], [-49.18087799999995, -26.873453499999982], [-49.18085039999994, -26.873455899999954], [-49.18083279999996, -26.87345819999996], [-49.18079669999997, -26.873503399999947], [-49.180774499999984, -26.873586899999964], [-49.18077379999994, -26.87366789999993], [-49.18076869999993, -26.873868399999935], [-49.18075429999993, -26.873984399999983], [-49.18071459999993, -26.874062299999935], [-49.180637099999956, -26.874135899999942], [-49.180534499999965, -26.874188199999935], [-49.18039779999998, -26.874215799999945], [-49.18029729999995, -26.87420839999993], [-49.18019409999994, -26.874171799999942], [-49.17995099999996, -26.874070099999983], [-49.17972899999995, -26.87396769999998], [-49.179461199999935, -26.873900299999946], [-49.17929669999995, -26.873816199999965], [-49.179282299999954, -26.87380879999995], [-49.17902399999997, -26.873660299999983], [-49.17870399999998, -26.873472599999957], [-49.17843709999994, -26.873346599999934], [-49.17811889999996, -26.873256899999944], [-49.17791269999998, -26.87322299999994], [-49.17786659999996, -26.873206299999936], [-49.17785739999994, -26.873202999999933], [-49.17779939999997, -26.873161599999946], [-49.17772609999997, -26.87309319999997], [-49.17756829999996, -26.872936299999935], [-49.17731429999998, -26.872659399999975], [-49.177242399999955, -26.872586599999977], [-49.17718279999997, -26.87247389999993], [-49.177151899999956, -26.872412699999927], [-49.177119699999935, -26.872327999999982], [-49.17701789999995, -26.87202129999997], [-49.17700839999998, -26.87199279999993], [-49.17700369999994, -26.871978499999955], [-49.17688469999996, -26.87173809999996], [-49.17677489999994, -26.871613599999932], [-49.17663649999997, -26.87149679999993], [-49.17650659999998, -26.871398099999965], [-49.17632639999994, -26.871302499999956], [-49.17612459999998, -26.871217999999942], [-49.17612329999997, -26.871217499999943], [-49.175875099999985, -26.871094699999958], [-49.17574879999995, -26.871032199999945], [-49.17532819999997, -26.870787699999937], [-49.17474759999993, -26.870348299999932], [-49.174476899999945, -26.870132699999942], [-49.17425569999995, -26.86986459999997], [-49.17414839999998, -26.869657699999948], [-49.174099799999965, -26.869444899999962], [-49.17411039999996, -26.869348599999967], [-49.17418309999994, -26.869250199999954], [-49.174552699999936, -26.869103499999937], [-49.17512289999996, -26.868836999999928], [-49.17533599999996, -26.86873739999993], [-49.176149899999984, -26.86822719999998], [-49.17660909999995, -26.868010099999935], [-49.17675419999995, -26.86793659999995], [-49.17685739999996, -26.86786479999995], [-49.17691229999997, -26.867755599999953], [-49.176921999999934, -26.867592399999978], [-49.17691369999994, -26.867312099999936], [-49.17697679999998, -26.86669939999996], [-49.17720949999995, -26.866363099999944], [-49.177525499999945, -26.86608659999996], [-49.17810279999998, -26.865710599999943], [-49.178729199999964, -26.86534009999997], [-49.17891919999994, -26.86513009999993], [-49.179109299999936, -26.864919999999984], [-49.17938789999994, -26.86466269999994], [-49.17953639999996, -26.864591899999937], [-49.17968509999997, -26.864553199999932], [-49.18001009999995, -26.864532099999963], [-49.18019009999995, -26.86450149999996], [-49.180370799999935, -26.86444679999994], [-49.18068959999994, -26.86428619999998], [-49.180942399999935, -26.864112999999975], [-49.18156659999994, -26.863663199999962], [-49.18275319999998, -26.86261529999996], [-49.183246699999984, -26.861977299999978], [-49.18362849999994, -26.86173109999993], [-49.18402109999994, -26.861566299999936], [-49.18417409999995, -26.861469599999964], [-49.18434599999995, -26.861411199999964], [-49.184949899999935, -26.861347099999932], [-49.18517699999995, -26.861312899999973], [-49.185445399999935, -26.86123809999998], [-49.18572519999998, -26.86113229999995], [-49.18623599999995, -26.86091149999993], [-49.18679219999996, -26.86072319999994], [-49.18706709999998, -26.86053959999998], [-49.18727179999996, -26.860361299999965], [-49.18836639999995, -26.859199399999966], [-49.18862079999997, -26.859036999999944], [-49.18916439999998, -26.858748899999966], [-49.18926899999997, -26.85869349999996], [-49.189706899999976, -26.858361799999955], [-49.18985959999998, -26.858200799999963], [-49.19021819999995, -26.85790419999995], [-49.19046769999994, -26.857662699999935], [-49.19093809999998, -26.85720299999997], [-49.19112329999996, -26.85709959999997], [-49.19150049999996, -26.856915899999933], [-49.191814499999964, -26.85679799999997], [-49.19212849999997, -26.85668009999995], [-49.192521599999964, -26.856456099999946], [-49.19274399999995, -26.856276299999934], [-49.192936799999984, -26.856029199999966], [-49.19319869999998, -26.85568889999996], [-49.193354099999965, -26.85555789999995], [-49.19347359999995, -26.855477599999972], [-49.19354089999996, -26.855457899999976], [-49.19360819999997, -26.85543819999998], [-49.19409239999993, -26.855318599999976], [-49.19437839999995, -26.85519729999993], [-49.19451829999997, -26.855086599999936], [-49.19459829999994, -26.854910899999936], [-49.19501169999995, -26.85363609999996], [-49.19516219999997, -26.853278199999977], [-49.19535859999996, -26.852937699999927], [-49.19559399999997, -26.85267349999998], [-49.19588129999994, -26.85242009999996], [-49.19604089999996, -26.85222729999998], [-49.19616229999997, -26.85206949999997], [-49.19621409999996, -26.85196819999993], [-49.19622609999993, -26.851863399999957], [-49.19614679999995, -26.851633799999945], [-49.19579199999998, -26.851014799999973], [-49.195619499999964, -26.850652599999933], [-49.19558319999993, -26.850483999999938], [-49.19548519999995, -26.850175699999966], [-49.195405999999934, -26.84976309999996], [-49.195394599999986, -26.849383199999977], [-49.195428499999935, -26.849079699999947], [-49.19543879999998, -26.848940899999945], [-49.19542219999994, -26.84881189999993], [-49.19532189999995, -26.848627799999974], [-49.195170099999984, -26.848342799999955], [-49.19495859999995, -26.848000799999966], [-49.19480759999993, -26.847706699999947], [-49.19453779999998, -26.847310599999958], [-49.19434839999997, -26.847084499999937], [-49.194169099999954, -26.84694909999996], [-49.194002299999966, -26.846860999999933], [-49.193854399999964, -26.84682449999997], [-49.19378809999995, -26.846818999999982], [-49.19372119999997, -26.84682369999996], [-49.19313479999994, -26.846948999999938], [-49.19309389999995, -26.846955599999944], [-49.19305469999995, -26.846953799999937], [-49.193036699999936, -26.846946699999933], [-49.19302239999996, -26.84693429999993], [-49.193015199999934, -26.84691669999995], [-49.19301459999997, -26.84689629999997], [-49.193062399999974, -26.84680489999994], [-49.193101799999965, -26.846757899999943], [-49.19314429999997, -26.84672469999998], [-49.19325799999996, -26.846663199999966], [-49.19360949999998, -26.846613699999978], [-49.19382969999998, -26.84652499999993], [-49.19405599999993, -26.846435999999983], [-49.19434839999997, -26.846377399999938], [-49.194466499999976, -26.84634219999998], [-49.19454909999996, -26.846295399999974], [-49.19477969999997, -26.84610859999998], [-49.19525089999996, -26.84578319999997], [-49.19596249999995, -26.845236599999964], [-49.19633369999997, -26.84482349999996], [-49.19679019999995, -26.844571299999927], [-49.19765689999997, -26.84401719999994], [-49.198087699999974, -26.843820199999982], [-49.19836849999996, -26.843561199999954], [-49.19853459999996, -26.843234199999984], [-49.19864899999993, -26.842812799999933], [-49.19869559999995, -26.842376499999943], [-49.198630599999944, -26.841858799999954], [-49.198502099999985, -26.84135169999996], [-49.19848299999995, -26.840939899999967], [-49.198544099999935, -26.84072649999996], [-49.19869259999996, -26.840619499999946], [-49.19889519999998, -26.840507499999944], [-49.19910989999994, -26.840458799999965], [-49.19967059999993, -26.840259499999945], [-49.20006719999998, -26.840119399999935], [-49.200421999999946, -26.839917699999944], [-49.200638699999956, -26.83965369999993], [-49.20078259999997, -26.839432699999975], [-49.200937099999976, -26.839070499999934], [-49.20097419999996, -26.838680599999975], [-49.20111479999997, -26.83819989999995], [-49.20127949999994, -26.837882999999977], [-49.20139059999997, -26.83759779999997], [-49.20140299999997, -26.837546999999972], [-49.201406099999986, -26.83749119999993], [-49.20140329999998, -26.837375599999973], [-49.20129449999996, -26.83662149999998], [-49.20125589999998, -26.836196599999937], [-49.20121149999994, -26.835546299999976], [-49.201129099999946, -26.83504439999996], [-49.20106619999996, -26.834843099999944], [-49.20100729999996, -26.834728799999937], [-49.200957899999935, -26.834691199999952], [-49.20091649999995, -26.834679799999947], [-49.20086409999993, -26.834689899999944], [-49.20079679999998, -26.834737399999938], [-49.20070389999995, -26.834838299999944], [-49.20024129999996, -26.83540549999998], [-49.20000829999998, -26.835725599999932], [-49.19976829999996, -26.83595809999997], [-49.19965109999998, -26.836032099999954], [-49.199509399999954, -26.836094599999967], [-49.19901589999995, -26.83631939999998], [-49.198735699999986, -26.83641769999997], [-49.19861989999998, -26.836431199999936], [-49.19849899999997, -26.836410299999955], [-49.19832029999998, -26.836342699999932], [-49.198185499999965, -26.836317699999938], [-49.19804799999997, -26.83631159999993], [-49.19810529999995, -26.836329499999977], [-49.19815319999998, -26.83635289999995], [-49.198226699999964, -26.836475899999982], [-49.19823839999998, -26.836497399999928], [-49.19831819999996, -26.83666979999998], [-49.198416099999974, -26.836956199999975], [-49.198550799999964, -26.83718659999994], [-49.19856199999998, -26.837553299999968], [-49.19850399999996, -26.837874299999953], [-49.19840409999995, -26.83818169999995], [-49.19839849999994, -26.83839009999997], [-49.19846549999994, -26.838517899999943], [-49.19852059999994, -26.838563299999976], [-49.19863979999997, -26.838584899999944], [-49.19879579999997, -26.838543999999956], [-49.19884589999998, -26.838513499999976], [-49.19896559999995, -26.838516099999936], [-49.199035599999945, -26.838533499999983], [-49.19910549999997, -26.83855079999995], [-49.19916059999997, -26.838596199999984], [-49.19914829999993, -26.838791799999967], [-49.19908989999993, -26.839028999999982], [-49.199077099999954, -26.839080899999942], [-49.19900179999996, -26.83926249999996], [-49.19887199999994, -26.839373399999943], [-49.198680699999954, -26.839413499999978], [-49.19846249999995, -26.83940869999998], [-49.19832169999995, -26.839405599999964], [-49.198103199999935, -26.839413499999978], [-49.19788999999997, -26.839484699999957], [-49.19774879999994, -26.839494299999956], [-49.19760139999994, -26.83947839999996], [-49.19740429999996, -26.83947409999996], [-49.197277199999974, -26.83948399999997], [-49.19717269999995, -26.83944379999997], [-49.19714689999995, -26.839354799999967], [-49.197148399999946, -26.83929799999993], [-49.19709359999996, -26.83923989999994], [-49.19705849999997, -26.83923909999993], [-49.196839899999986, -26.839246999999943], [-49.196562599999936, -26.839342099999953], [-49.19637739999996, -26.83942019999995], [-49.19615659999994, -26.83951019999995], [-49.196001799999976, -26.83950679999998], [-49.195798099999934, -26.83948339999995], [-49.19559639999994, -26.83939049999998], [-49.19542209999997, -26.839323599999943], [-49.19522519999998, -26.839312999999947], [-49.19507669999996, -26.83933499999995], [-49.195027599999946, -26.839327599999933], [-49.19486859999995, -26.83921669999995], [-49.19478529999998, -26.839170699999954], [-49.194665999999984, -26.83915539999998], [-49.19442379999998, -26.83925759999994], [-49.19413899999995, -26.839371399999948], [-49.19391319999994, -26.839492899999982], [-49.19378729999994, -26.839530099999934], [-49.19363329999993, -26.83956509999996], [-49.19351399999994, -26.839624499999957], [-49.19340859999994, -26.839690399999938], [-49.19335679999995, -26.839721099999963], [-49.193301599999984, -26.839745299999947], [-49.19323439999994, -26.83976139999993], [-49.193189899999936, -26.839781099999982], [-49.193100399999935, -26.83984419999996], [-49.19305349999996, -26.839892299999974], [-49.19301379999996, -26.839935799999978], [-49.19295679999993, -26.83996159999998], [-49.19277429999994, -26.84001189999998], [-49.19244329999998, -26.84008629999994], [-49.192242799999974, -26.84015519999997], [-49.19205089999997, -26.840228999999965], [-49.191891099999964, -26.840289199999972], [-49.19174549999997, -26.84035579999994], [-49.19166069999994, -26.84037159999997], [-49.191539399999954, -26.84043879999996], [-49.191498499999966, -26.84045539999994], [-49.19140659999994, -26.840471099999945], [-49.19133309999995, -26.840452399999947], [-49.19125599999995, -26.84043509999998], [-49.19118529999997, -26.840449599999943], [-49.191089199999965, -26.840491999999983], [-49.191024599999935, -26.840544499999965], [-49.190976399999954, -26.84057359999997], [-49.19087959999996, -26.840571799999964], [-49.19075739999994, -26.840528499999948], [-49.19059319999997, -26.840471699999966], [-49.19054639999996, -26.840443999999934], [-49.19053139999994, -26.840404299999932], [-49.19051469999994, -26.84036759999998], [-49.19048879999997, -26.840344999999957], [-49.190345399999956, -26.840302899999983], [-49.19022669999998, -26.84025799999995], [-49.19013549999994, -26.84024679999993], [-49.19006509999997, -26.84024549999998], [-49.189985699999966, -26.840250399999945], [-49.18987119999997, -26.840256099999976], [-49.18981669999994, -26.840251999999964], [-49.189697999999964, -26.84020709999993], [-49.189556799999934, -26.840147599999966], [-49.18947269999995, -26.84013029999994], [-49.18938859999997, -26.84011449999997], [-49.18936629999996, -26.84008719999997], [-49.18931909999998, -26.840073699999948], [-49.18926449999998, -26.84007429999997], [-49.18922759999998, -26.840068799999983], [-49.189203099999986, -26.84006359999995], [-49.18917849999997, -26.840061599999956], [-49.189157199999954, -26.840070699999956], [-49.18914799999993, -26.840087899999958], [-49.189142499999946, -26.840097199999946], [-49.189166299999954, -26.84013239999996], [-49.18918139999994, -26.84016429999997], [-49.189192799999944, -26.840205599999933], [-49.18918779999996, -26.84026709999995], [-49.189156899999944, -26.840310699999975], [-49.18911609999998, -26.84032259999998], [-49.18907389999998, -26.84032019999995], [-49.189049799999964, -26.840299199999947], [-49.18898359999997, -26.840266399999962], [-49.188937399999986, -26.84020869999995], [-49.188936299999966, -26.840031799999963], [-49.18893399999996, -26.839903799999945], [-49.188932799999975, -26.839883099999952], [-49.188926599999945, -26.83976629999995], [-49.18889399999995, -26.839576199999954], [-49.18879169999997, -26.839357899999982], [-49.18867759999995, -26.83926889999998], [-49.188628499999936, -26.839181199999928], [-49.18860939999996, -26.839171299999975], [-49.188554899999986, -26.839167199999963], [-49.18845739999995, -26.83919529999997], [-49.18842409999996, -26.839191599999936], [-49.18837069999995, -26.83913999999993], [-49.188296599999944, -26.839069199999983], [-49.188237399999934, -26.839044399999977], [-49.188214699999946, -26.839040099999977], [-49.188094399999954, -26.838985699999967], [-49.18800889999994, -26.83894779999997], [-49.187951199999986, -26.83892929999996], [-49.18792039999994, -26.838889199999983], [-49.18784849999997, -26.838797799999952], [-49.18777209999996, -26.838748899999928], [-49.18769389999994, -26.83870159999998], [-49.187635299999954, -26.838646799999935], [-49.18755379999993, -26.83859149999995], [-49.18754179999996, -26.83857389999997], [-49.187547999999936, -26.838536099999942], [-49.187568099999964, -26.838504799999953], [-49.18757449999998, -26.83845589999993], [-49.18756429999996, -26.83844149999993], [-49.18752779999994, -26.838418699999977], [-49.187500099999966, -26.838403599999936], [-49.18743729999994, -26.838369599999965], [-49.187390799999946, -26.83832289999998], [-49.18736709999996, -26.838279799999953], [-49.187365099999965, -26.838234399999976], [-49.18729059999998, -26.83818279999997], [-49.18724309999993, -26.838106099999948], [-49.187216399999954, -26.83804239999995], [-49.18704619999994, -26.838018399999953], [-49.18695989999998, -26.838005299999963], [-49.18692139999996, -26.837989499999935], [-49.186900899999955, -26.83796179999996], [-49.18687709999995, -26.837920399999973], [-49.186835299999984, -26.83784849999995], [-49.186828299999945, -26.83783649999998], [-49.186779299999955, -26.83775939999998], [-49.18670179999998, -26.837666799999965], [-49.186629799999935, -26.837599299999965], [-49.18649809999994, -26.83743279999993], [-49.18641809999997, -26.837266599999964], [-49.18639719999993, -26.837215199999946], [-49.18636159999994, -26.837151999999946], [-49.18633569999997, -26.837117899999953], [-49.18633269999998, -26.837113899999963], [-49.18625959999997, -26.837075699999957], [-49.18624489999996, -26.83706829999994], [-49.18615799999998, -26.83702429999994], [-49.186103499999945, -26.836959899999954], [-49.18610109999997, -26.83695709999995], [-49.185993199999984, -26.836870499999975], [-49.18592109999997, -26.836840199999983], [-49.18569099999996, -26.836787499999957], [-49.18546629999997, -26.83671879999997], [-49.18536549999993, -26.83668799999998], [-49.18522819999998, -26.836650299999974], [-49.18505879999998, -26.836592399999972], [-49.18494839999994, -26.83653849999996], [-49.18487219999997, -26.836445999999967], [-49.184820299999956, -26.83638009999993], [-49.18476579999998, -26.83635259999994], [-49.184716099999946, -26.83633199999997], [-49.184646999999984, -26.836277199999984], [-49.18464369999998, -26.836274499999945], [-49.18462349999999, -26.83624009999994], [-49.18462469999997, -26.836205099999972], [-49.184645099999955, -26.836125299999935], [-49.18467289999995, -26.836085399999945], [-49.18473659999995, -26.83606459999993], [-49.18476359999994, -26.836049499999945], [-49.18477809999996, -26.836031799999944], [-49.18478269999997, -26.83597089999995], [-49.18482259999996, -26.835728899999935], [-49.18482489999997, -26.83570199999997], [-49.18482889999996, -26.83565559999994], [-49.184819699999935, -26.835591999999963], [-49.184766199999956, -26.83546279999996], [-49.184689499999934, -26.835311399999966], [-49.18463639999993, -26.83524319999998], [-49.184583499999974, -26.835162099999934], [-49.18454179999998, -26.835098099999982], [-49.184519499999965, -26.835048899999947], [-49.18451639999995, -26.835030699999948], [-49.184517899999946, -26.83498549999996], [-49.184545699999944, -26.834910599999944], [-49.18462859999994, -26.83484729999998], [-49.18468279999996, -26.834808099999975], [-49.18468329999996, -26.834793399999967], [-49.184680199999946, -26.834774099999947], [-49.18455719999997, -26.834649699999943], [-49.184303399999976, -26.83444369999995], [-49.18425509999997, -26.834418599999935], [-49.184218999999985, -26.834406299999955], [-49.18417849999997, -26.83441019999998], [-49.18406739999995, -26.83442089999994], [-49.18382049999997, -26.834474099999966], [-49.18369749999994, -26.83448549999997], [-49.18362529999996, -26.83449029999997], [-49.18357309999993, -26.834502399999963], [-49.18349439999997, -26.83454899999998], [-49.18346969999993, -26.834570999999983], [-49.18343539999995, -26.834613099999956], [-49.18337709999997, -26.834654499999942], [-49.183267099999966, -26.834694599999978], [-49.18313809999995, -26.83473289999995], [-49.18307639999995, -26.834765199999936], [-49.183009899999945, -26.83482349999997], [-49.18297009999998, -26.834878999999944], [-49.18295879999994, -26.834913899999947], [-49.182956599999955, -26.834978399999954], [-49.18295269999993, -26.835053099999982], [-49.18293799999998, -26.835114999999973], [-49.18291839999995, -26.835171199999934], [-49.18286379999995, -26.835252399999945], [-49.18279979999994, -26.835311799999943], [-49.18271329999993, -26.83536609999993], [-49.18266239999997, -26.835374899999977], [-49.18253589999995, -26.835380399999963], [-49.18226869999995, -26.835435399999938], [-49.18202759999997, -26.83550239999994], [-49.18187649999993, -26.835523099999932], [-49.18180679999995, -26.835529099999974], [-49.18175919999993, -26.835518699999966], [-49.18169709999995, -26.835487499999942], [-49.18164969999998, -26.83543179999998], [-49.18161709999998, -26.835386699999958], [-49.18155439999998, -26.835264799999948], [-49.18151799999998, -26.83518449999997], [-49.18147149999999, -26.83513899999997], [-49.18143669999995, -26.835122099999978], [-49.18141579999997, -26.83511679999998], [-49.181286399999976, -26.835083999999938], [-49.181014699999935, -26.835085499999934], [-49.180863399999964, -26.835114199999964], [-49.18076849999994, -26.83515579999994], [-49.180681499999935, -26.835186199999953], [-49.18060319999995, -26.835186299999975], [-49.18051349999996, -26.83518379999998], [-49.180470999999955, -26.835172399999976], [-49.18035999999995, -26.835128599999962], [-49.18028999999996, -26.835107299999947], [-49.180161199999986, -26.83510599999994], [-49.180047799999954, -26.835134599999947], [-49.17986279999997, -26.835221299999944], [-49.17962239999997, -26.835333999999932], [-49.17941559999997, -26.835386599999936], [-49.17927839999993, -26.835400299999947], [-49.179084699999976, -26.83540789999995], [-49.17905189999993, -26.835422299999948], [-49.17903269999994, -26.83545259999994], [-49.179005899999936, -26.835495299999934], [-49.17897309999995, -26.835514199999977], [-49.17894289999998, -26.835509499999944], [-49.178877899999975, -26.835473999999977], [-49.17884529999998, -26.83546249999995], [-49.178728399999954, -26.83545369999996], [-49.17865029999996, -26.835472299999935], [-49.17854669999997, -26.835518899999954], [-49.178483599999936, -26.835540999999978], [-49.178443699999946, -26.83554719999995], [-49.178386699999976, -26.835556099999962], [-49.17832499999997, -26.835560199999975], [-49.17830369999996, -26.83555999999993], [-49.17829479999995, -26.835559899999964], [-49.178281099999936, -26.835545199999956], [-49.17827149999994, -26.83550219999995], [-49.178254599999946, -26.835420899999974], [-49.178238599999986, -26.835384699999963], [-49.17819999999995, -26.83534039999995], [-49.17790529999996, -26.83511679999998], [-49.17788909999996, -26.835104499999943], [-49.17768599999994, -26.834910599999944], [-49.17760109999995, -26.834829399999933], [-49.17752939999997, -26.83477359999995], [-49.17748059999997, -26.834744199999932], [-49.17743729999995, -26.83472439999997], [-49.17735689999995, -26.83472039999998], [-49.17732139999998, -26.83474609999996], [-49.177288499999975, -26.83477289999996], [-49.177239199999974, -26.834797399999957], [-49.177206499999954, -26.83480499999996], [-49.17707819999998, -26.83480409999993], [-49.176874399999974, -26.834804599999927], [-49.17684809999997, -26.834804599999927], [-49.176723899999956, -26.834808599999974], [-49.176420399999984, -26.83481839999996], [-49.17636199999998, -26.83483259999997], [-49.17628549999995, -26.834851199999946], [-49.176211199999955, -26.834889999999973], [-49.17615129999996, -26.834949499999937], [-49.17611309999995, -26.834998799999937], [-49.17603849999995, -26.835050199999955], [-49.17584539999996, -26.835126599999967], [-49.17578979999996, -26.83514759999997], [-49.17578229999998, -26.835148799999956], [-49.17574319999994, -26.83515509999995], [-49.17568929999993, -26.835161699999958], [-49.175658699999985, -26.83515179999995], [-49.175642799999935, -26.835136399999953], [-49.17562359999994, -26.835038099999963], [-49.17555179999994, -26.83477579999993], [-49.17551999999995, -26.83467969999998], [-49.17550769999997, -26.834650299999964], [-49.17549779999996, -26.83463329999995], [-49.17533629999997, -26.834555299999977], [-49.17519829999998, -26.83451599999995], [-49.175082799999984, -26.834500399999968], [-49.174933599999974, -26.834456399999965], [-49.17481829999997, -26.83440479999996], [-49.17480199999994, -26.834401499999956], [-49.17478319999998, -26.834397799999977], [-49.17473669999998, -26.834397399999943], [-49.174469999999985, -26.83440669999993], [-49.17444249999994, -26.83440749999994], [-49.174035999999944, -26.83441929999998], [-49.17369639999998, -26.83442809999997], [-49.17352639999996, -26.834450499999946], [-49.17340409999997, -26.834493599999973], [-49.17309799999998, -26.834545399999968], [-49.172939499999984, -26.83455209999994], [-49.17282149999994, -26.834532099999933], [-49.17268729999995, -26.83449269999994], [-49.17257569999998, -26.834450199999935], [-49.17251189999996, -26.834418099999937], [-49.17247069999996, -26.834386199999983], [-49.172440999999935, -26.834338599999967], [-49.17241399999995, -26.83426389999994], [-49.17241319999994, -26.834217699999954], [-49.17241329999996, -26.83420529999995], [-49.17240829999997, -26.83419509999993], [-49.17237209999996, -26.834171099999935], [-49.17236269999995, -26.834166599999946], [-49.17223439999998, -26.834104699999955], [-49.17217909999994, -26.834101999999973], [-49.17214379999996, -26.83410509999993], [-49.17205029999997, -26.83416189999997], [-49.172023499999966, -26.83419559999993], [-49.172000399999945, -26.834254099999953], [-49.171997199999964, -26.834321699999975], [-49.17199659999994, -26.834392799999932], [-49.17199449999998, -26.83447629999995], [-49.17198939999997, -26.834497599999963], [-49.17197619999996, -26.83455289999995], [-49.17193669999995, -26.834606699999938], [-49.17162779999995, -26.83480469999995], [-49.171545899999956, -26.83483519999993], [-49.17148929999996, -26.834847599999932], [-49.171428799999944, -26.83484859999993], [-49.17138099999994, -26.834846399999947], [-49.17132309999994, -26.834821499999975], [-49.17122879999994, -26.834754799999928], [-49.17115329999996, -26.834677899999974], [-49.171133199999986, -26.834666599999935], [-49.17109169999998, -26.83465529999995], [-49.17101359999998, -26.834654099999966], [-49.17069139999995, -26.834662899999955], [-49.17062219999997, -26.834664199999963], [-49.170510099999944, -26.83466619999996], [-49.17031239999994, -26.834707899999955], [-49.170222999999964, -26.834739399999933], [-49.17013489999994, -26.83481839999996], [-49.16998239999998, -26.834948099999963], [-49.16994719999997, -26.834984299999974], [-49.16992079999994, -26.835007899999937], [-49.169916899999976, -26.835011299999962], [-49.16988169999996, -26.83502029999994], [-49.16985529999994, -26.835012399999982], [-49.16976209999996, -26.834967199999937], [-49.16971049999995, -26.834956999999974], [-49.169655199999966, -26.834961499999963], [-49.16962369999993, -26.83498179999998], [-49.16959339999994, -26.83501339999998], [-49.16957699999995, -26.83504949999997], [-49.16957569999994, -26.835103699999934], [-49.16957819999993, -26.835135299999934], [-49.169573199999945, -26.835158999999976], [-49.16956559999994, -26.835178199999973], [-49.169546699999955, -26.83518269999996], [-49.169516499999986, -26.835174799999947], [-49.16946869999998, -26.835141999999962], [-49.16938689999995, -26.83507869999994], [-49.16934039999995, -26.83505159999993], [-49.169192099999975, -26.834986699999945], [-49.169151699999986, -26.834968999999944], [-49.16908239999998, -26.83494639999998], [-49.16900439999995, -26.834934999999973], [-49.16896289999994, -26.83493729999998], [-49.168665799999985, -26.83496189999994], [-49.16851219999995, -26.83497989999995], [-49.168447999999955, -26.835015899999973], [-49.16837739999994, -26.835057699999936], [-49.16836489999997, -26.83506219999998], [-49.16828429999998, -26.83508699999993], [-49.16818359999996, -26.83508349999994], [-49.168095499999936, -26.835081199999934], [-49.168087199999945, -26.835081199999934], [-49.16807279999995, -26.835081199999934], [-49.16805139999997, -26.83508459999996], [-49.16798209999996, -26.83513419999997], [-49.16793549999994, -26.83521879999995], [-49.16790519999995, -26.835293399999955], [-49.16789129999995, -26.835377999999935], [-49.167888699999935, -26.835434499999963], [-49.16787109999996, -26.83548419999994], [-49.167831999999976, -26.83553949999998], [-49.16778409999995, -26.835584599999947], [-49.16776269999997, -26.835615099999927], [-49.16775009999998, -26.835650099999953], [-49.167746199999954, -26.835705399999938], [-49.16782779999994, -26.83602049999996], [-49.167857899999944, -26.83617069999997], [-49.16786029999997, -26.836231699999928], [-49.16785399999998, -26.836241899999948], [-49.16770539999993, -26.836348999999927], [-49.167638599999975, -26.83638959999996], [-49.167606199999966, -26.83638959999996], [-49.16760339999996, -26.83638959999996], [-49.16749889999994, -26.836382799999967], [-49.16747879999997, -26.836370299999942], [-49.16746869999997, -26.836351099999945], [-49.16747129999993, -26.836323999999934], [-49.167504099999974, -26.836213399999963], [-49.167509199999984, -26.836151299999983], [-49.16750549999995, -26.836027099999967], [-49.16750559999997, -26.835973999999965], [-49.16749679999998, -26.835927699999957], [-49.16747039999996, -26.83589829999994], [-49.16743139999994, -26.835886999999957], [-49.167367199999944, -26.83589029999996], [-49.16729789999994, -26.83592079999994], [-49.16723369999994, -26.835961399999974], [-49.16719469999998, -26.83598509999996], [-49.16717829999993, -26.83599289999995], [-49.16715179999994, -26.835994099999937], [-49.16711789999994, -26.83599289999995], [-49.16703099999995, -26.835946499999977], [-49.16694169999994, -26.835909199999946], [-49.16685609999996, -26.83588659999998], [-49.16675419999996, -26.83586619999994], [-49.166642199999956, -26.835864999999956], [-49.16646089999995, -26.83585469999997], [-49.166448299999956, -26.83584899999994], [-49.16645089999997, -26.835822999999948], [-49.16645969999996, -26.83580269999993], [-49.16652019999998, -26.835746299999983], [-49.166657499999985, -26.835653799999932], [-49.16669019999995, -26.835612099999935], [-49.16670279999994, -26.83558499999998], [-49.16671169999995, -26.835551099999975], [-49.16671549999995, -26.835504799999967], [-49.16670669999996, -26.83544949999998], [-49.16663379999994, -26.83534659999998], [-49.16634069999998, -26.835105899999974], [-49.16605899999996, -26.83491369999996], [-49.16602799999998, -26.834910499999978], [-49.16601489999994, -26.83490919999997], [-49.16598589999995, -26.834920499999953], [-49.16595319999993, -26.834942999999953], [-49.165916599999946, -26.835001699999964], [-49.16591029999995, -26.83502089999996], [-49.16590999999994, -26.83502379999993], [-49.16590779999996, -26.835044599999947], [-49.165916599999946, -26.83509879999997], [-49.16596419999996, -26.83534949999995], [-49.16597539999998, -26.83541729999996], [-49.16596789999994, -26.835429699999963], [-49.16595529999995, -26.83544999999998], [-49.165936399999964, -26.835466999999937], [-49.16591999999997, -26.835469199999977], [-49.16588849999994, -26.83547139999996], [-49.165859599999976, -26.835467999999935], [-49.16581179999997, -26.835447699999975], [-49.16571239999996, -26.835395699999935], [-49.165682199999935, -26.83538429999993], [-49.16566329999995, -26.835383199999967], [-49.165614199999936, -26.83538429999993], [-49.165486999999985, -26.83545309999994], [-49.16545039999994, -26.835534399999972], [-49.16533949999996, -26.835721699999965], [-49.16524999999996, -26.83580749999993], [-49.165205999999955, -26.835826699999927], [-49.165170699999976, -26.83586159999993], [-49.16516339999998, -26.835870499999942], [-49.165115199999946, -26.835929299999975], [-49.16505099999995, -26.836013999999977], [-49.165039399999955, -26.83602129999997], [-49.16492139999997, -26.836095899999975], [-49.164876799999945, -26.836124199999972], [-49.16472479999993, -26.836220399999945], [-49.16462149999995, -26.836258699999973], [-49.164505599999984, -26.836310599999933], [-49.164458999999965, -26.83633759999998], [-49.164426299999946, -26.83636809999996], [-49.16440229999995, -26.83643129999996], [-49.16440479999994, -26.83648549999998], [-49.164428699999974, -26.836535199999958], [-49.16445379999993, -26.836589499999945], [-49.16445749999997, -26.83665039999994], [-49.16443979999997, -26.83669219999996], [-49.16441969999994, -26.83670909999995], [-49.16439699999995, -26.836715899999945], [-49.16439339999994, -26.836715899999945], [-49.16434039999996, -26.83671579999998], [-49.164261099999976, -26.836686399999962], [-49.16420449999998, -26.83665929999995], [-49.16415539999997, -26.836653599999977], [-49.164094999999975, -26.836653599999977], [-49.16403709999997, -26.836665899999957], [-49.16397159999997, -26.83672009999998], [-49.163928699999985, -26.836755099999948], [-49.16384689999995, -26.836812599999973], [-49.163772499999936, -26.83684979999998], [-49.163732299999936, -26.836855399999934], [-49.16367059999993, -26.836877999999956], [-49.16363779999995, -26.83694339999994], [-49.16362389999995, -26.83699649999994], [-49.163628899999935, -26.83703939999998], [-49.163665299999934, -26.837086899999974], [-49.16376539999993, -26.83720919999996], [-49.163811899999985, -26.837276999999972], [-49.16386709999995, -26.83739339999994], [-49.16388349999994, -26.837443099999973], [-49.16389719999995, -26.837604599999963], [-49.16390949999993, -26.837820299999976], [-49.16390949999993, -26.837855299999944], [-49.16390069999994, -26.837877799999944], [-49.16387419999995, -26.837886899999944], [-49.163827699999956, -26.837894699999936], [-49.16377229999995, -26.837877799999944], [-49.16373699999997, -26.83787769999998], [-49.16370679999994, -26.83788679999998], [-49.163676599999974, -26.837895899999978], [-49.16354389999998, -26.837977099999932], [-49.14058899999998, -26.834525499999984], [-49.138811499999974, -26.834258399999953], [-49.13829999999996, -26.834181299999955], [-49.127734499999974, -26.83259259999994], [-49.127814299999955, -26.832218499999954], [-49.12783479999996, -26.831903199999942], [-49.12783179999997, -26.831257299999947], [-49.12784359999995, -26.830651199999977], [-49.12777939999995, -26.830034699999942], [-49.12761059999997, -26.82925769999997], [-49.12734519999998, -26.828441599999962], [-49.126763799999935, -26.82718019999993], [-49.126521099999934, -26.826759899999956], [-49.126359399999956, -26.82636679999996], [-49.12627319999996, -26.82583649999998], [-49.12618069999996, -26.82540169999993], [-49.12616459999998, -26.82500239999996], [-49.126053199999944, -26.82430279999994], [-49.125881499999934, -26.82379609999998], [-49.12569999999994, -26.823190199999942], [-49.12572249999994, -26.82287249999996], [-49.12582729999997, -26.822613199999978], [-49.126142899999934, -26.82201569999995], [-49.12625129999998, -26.82190739999993], [-49.126323999999954, -26.82177429999996], [-49.12642669999997, -26.821397699999977], [-49.12652929999996, -26.821020999999973], [-49.126528399999984, -26.82094139999998], [-49.12648889999997, -26.820848799999965], [-49.126225799999986, -26.820699399999967], [-49.125928499999986, -26.820471599999962], [-49.12568539999995, -26.820304999999962], [-49.125316199999986, -26.82017769999993], [-49.12493539999997, -26.820087799999953], [-49.12404729999997, -26.81992349999996], [-49.12394899999998, -26.819880099999978], [-49.123866299999975, -26.81982729999993], [-49.12378189999998, -26.81970979999994], [-49.12376229999995, -26.81965239999994], [-49.12376169999993, -26.819593399999974], [-49.12379239999996, -26.819438599999955], [-49.12386019999997, -26.819294599999978], [-49.12421619999998, -26.81896809999995], [-49.12463919999993, -26.818623499999944], [-49.124897199999964, -26.818292499999927], [-49.125121399999955, -26.817892099999938], [-49.125271099999964, -26.81774859999996], [-49.12551569999994, -26.817417099999943], [-49.12565159999997, -26.817188699999974], [-49.12571849999995, -26.81702729999995], [-49.12573099999997, -26.81686639999998], [-49.125720799999954, -26.816307199999983], [-49.12584049999998, -26.815254799999934], [-49.12597779999993, -26.81498019999998], [-49.12617089999998, -26.814783099999943], [-49.12656389999995, -26.81444739999995], [-49.126896699999975, -26.81426529999993], [-49.12726029999993, -26.814077899999972], [-49.127423599999986, -26.813968699999975], [-49.12752349999994, -26.813833199999976], [-49.12755469999996, -26.813727899999947], [-49.12755629999998, -26.81361049999998], [-49.12748049999993, -26.813423099999966], [-49.12721039999997, -26.813094499999977], [-49.12709399999994, -26.812923199999943], [-49.127079099999946, -26.81279889999996], [-49.12710619999996, -26.81269459999993], [-49.12731249999996, -26.81214579999994], [-49.12740029999998, -26.811914499999943], [-49.127533599999936, -26.81167329999994], [-49.12818109999995, -26.810838299999944], [-49.12825529999998, -26.810617399999956], [-49.128295399999956, -26.81033249999996], [-49.12829289999996, -26.810080599999935], [-49.12826899999993, -26.80980809999994], [-49.12811529999993, -26.80915639999995], [-49.12806809999995, -26.808635299999935], [-49.12804029999995, -26.808130699999936], [-49.128033699999946, -26.80787559999993], [-49.12798219999996, -26.80763349999995], [-49.12786989999995, -26.80741359999996], [-49.12774609999997, -26.807252999999946], [-49.12742999999995, -26.80684169999995], [-49.127214599999945, -26.80659819999994], [-49.12686699999995, -26.80621789999998], [-49.12557819999995, -26.805101699999966], [-49.12535539999993, -26.804867199999933], [-49.12466809999995, -26.803961999999956], [-49.12447659999998, -26.803790499999934], [-49.12426259999995, -26.80364959999997], [-49.12383649999998, -26.80338899999998], [-49.123294699999974, -26.802981599999953], [-49.12306109999997, -26.802761199999964], [-49.122869099999946, -26.80253179999994], [-49.12239959999994, -26.80161839999994], [-49.12217039999996, -26.801099199999953], [-49.12204699999995, -26.800914699999964], [-49.12151449999993, -26.800112399999932], [-49.12123219999995, -26.799689799999953], [-49.12103929999995, -26.799090599999943], [-49.121055799999965, -26.798600799999974], [-49.12111639999995, -26.798318499999937], [-49.12124069999993, -26.79803469999996], [-49.121771999999964, -26.797000899999944], [-49.122073599999965, -26.796411099999943], [-49.12151679999994, -26.795924799999966], [-49.12129909999993, -26.795549799999947], [-49.121155999999985, -26.795177299999978], [-49.12102249999998, -26.794980299999963], [-49.12085059999998, -26.79481389999995], [-49.12059629999993, -26.794645299999956], [-49.12041969999996, -26.794487799999956], [-49.12034749999998, -26.794401799999946], [-49.12030349999998, -26.794279899999935], [-49.12018159999997, -26.79380999999995], [-49.120127999999966, -26.79352279999995], [-49.12013239999993, -26.79323889999995], [-49.12013769999999, -26.79246329999995], [-49.12015169999995, -26.791396499999962], [-49.120162799999946, -26.79120919999997], [-49.12021249999998, -26.791048399999966], [-49.12034699999998, -26.790820399999973], [-49.120519799999954, -26.790636699999936], [-49.120718099999976, -26.79013109999994], [-49.12092689999997, -26.789752299999975], [-49.12102159999995, -26.78954079999994], [-49.12114369999995, -26.78921459999998], [-49.12125219999996, -26.788594299999943], [-49.12125779999997, -26.788321999999937], [-49.12120639999995, -26.788171199999965], [-49.121088499999985, -26.788094899999976], [-49.120819799999936, -26.78800679999995], [-49.12058749999994, -26.787880299999983], [-49.12044339999994, -26.787783699999977], [-49.120334499999956, -26.787627199999974], [-49.12028909999998, -26.787526199999945], [-49.12027509999996, -26.78735329999995], [-49.12026559999998, -26.786543799999947], [-49.120257599999945, -26.786302399999954], [-49.12024409999998, -26.785991899999942], [-49.120209399999965, -26.785909499999946], [-49.120133299999964, -26.785837199999946], [-49.11991419999998, -26.785676399999943], [-49.11971859999994, -26.785489299999938], [-49.119489699999974, -26.78519639999996], [-49.11939659999996, -26.785067999999967], [-49.119344499999954, -26.78494009999997], [-49.11933319999997, -26.784773799999982], [-49.119363799999974, -26.784616399999948], [-49.11946979999993, -26.784260899999936], [-49.11970789999998, -26.78381769999993], [-49.119930099999976, -26.78337719999996], [-49.12053079999998, -26.782510499999944], [-49.120861899999966, -26.78203129999997], [-49.12094149999996, -26.781856999999945], [-49.12103039999994, -26.78175239999996], [-49.12115159999996, -26.781719799999962], [-49.121373999999946, -26.78177569999997], [-49.121605999999986, -26.78185609999997], [-49.12177879999996, -26.781885899999963], [-49.12200169999994, -26.781864999999982], [-49.12235369999996, -26.78178799999995], [-49.122562899999934, -26.781695299999967], [-49.12274839999998, -26.781579199999953], [-49.12288509999996, -26.78143609999995], [-49.12297139999998, -26.781268599999976], [-49.12322369999998, -26.780330999999933], [-49.12334619999996, -26.779986599999972], [-49.12351129999996, -26.779637999999977], [-49.12372259999995, -26.779407599999956], [-49.12391069999995, -26.77924509999997], [-49.124045699999954, -26.779046799999946], [-49.124179899999945, -26.77861919999998], [-49.124234899999976, -26.778451899999936], [-49.124490099999946, -26.77767579999994], [-49.12453879999998, -26.777482499999962], [-49.124530799999945, -26.777284099999974], [-49.12448009999997, -26.777108599999963], [-49.12443039999994, -26.776936599999942], [-49.124415399999975, -26.776740899999936], [-49.12440749999996, -26.77641319999998], [-49.125022599999966, -26.77550709999997], [-49.12526939999998, -26.77510609999996], [-49.12553769999994, -26.774348999999972], [-49.125638899999956, -26.77382319999998], [-49.12563559999995, -26.77330919999997], [-49.12583239999998, -26.77196609999993], [-49.12571749999995, -26.771451699999943], [-49.12563639999996, -26.77116929999994], [-49.12555039999995, -26.77086959999997], [-49.12552899999997, -26.770494199999973], [-49.12547009999997, -26.770316899999955], [-49.125339699999984, -26.77009579999998], [-49.124794099999974, -26.76936809999995], [-49.12440069999997, -26.768698299999983], [-49.12426289999996, -26.76826239999997], [-49.12418029999998, -26.767786499999943], [-49.124225499999966, -26.767293799999948], [-49.12425949999994, -26.766571599999963], [-49.124235899999974, -26.76622089999995], [-49.12429649999996, -26.765645699999936], [-49.12432219999994, -26.76507319999996], [-49.12439359999996, -26.76421249999993], [-49.124386899999934, -26.76401969999995], [-49.12436079999998, -26.763829699999974], [-49.12427709999997, -26.763170199999934], [-49.12419579999994, -26.762760499999956], [-49.12413389999995, -26.762588299999948], [-49.12403229999995, -26.762466099999983], [-49.12373539999993, -26.76223349999998], [-49.12366209999993, -26.762162099999955], [-49.12361809999993, -26.762075599999946], [-49.12358409999996, -26.761956899999973], [-49.12357529999997, -26.76182689999996], [-49.12353829999995, -26.761660699999936], [-49.12351119999994, -26.761463899999967], [-49.12351799999993, -26.761378999999977], [-49.123537899999974, -26.761302499999942], [-49.12362889999997, -26.76117299999993], [-49.123739899999975, -26.761058899999966], [-49.12384209999993, -26.760924399999965], [-49.12396049999995, -26.760802699999942], [-49.124076499999944, -26.760714899999982], [-49.124522499999955, -26.76050209999994], [-49.125199899999984, -26.760221299999955], [-49.12539369999996, -26.760187499999972], [-49.12567409999997, -26.76018399999998], [-49.12589429999997, -26.760137499999928], [-49.12606079999995, -26.76003339999994], [-49.12621799999994, -26.75990769999993], [-49.126418599999965, -26.759728799999948], [-49.12670519999995, -26.759473699999944], [-49.126968199999965, -26.75927729999995], [-49.127173899999946, -26.75906029999993], [-49.127234999999985, -26.758911699999942], [-49.127261799999985, -26.758730399999934], [-49.127242199999955, -26.75860709999995], [-49.127197499999966, -26.758504699999946], [-49.12714989999995, -26.75842499999993], [-49.127079899999956, -26.75835419999993], [-49.12668089999994, -26.75814909999997], [-49.126619999999946, -26.758097299999974], [-49.12660119999998, -26.758054699999946], [-49.12659419999994, -26.758001999999976], [-49.126615999999956, -26.75789519999995], [-49.126661799999965, -26.75773769999995], [-49.126756599999965, -26.757449599999973], [-49.12681619999995, -26.75724639999993], [-49.126832699999966, -26.75704209999998], [-49.12679559999998, -26.756785999999977], [-49.12678069999998, -26.75652619999994], [-49.12671149999994, -26.756251599999928], [-49.12650569999994, -26.755712099999982], [-49.12633239999997, -26.755511599999977], [-49.126203299999986, -26.755305999999962], [-49.12609889999993, -26.75493579999994], [-49.12606459999995, -26.75482169999998], [-49.12606949999997, -26.75464119999998], [-49.12606299999993, -26.75437789999995], [-49.126145099999974, -26.75419329999994], [-49.126247199999966, -26.754082899999958], [-49.12648889999997, -26.75395679999997], [-49.126774299999965, -26.753881899999953], [-49.12698689999996, -26.75388259999994], [-49.12718399999994, -26.75390299999998], [-49.12745229999996, -26.753868099999977], [-49.12758469999994, -26.753768899999955], [-49.12763499999994, -26.753613299999984], [-49.127647399999944, -26.753449099999955], [-49.12761629999994, -26.753228999999976], [-49.12752379999995, -26.752895099999932], [-49.12729759999996, -26.752518299999963], [-49.12697009999994, -26.75192359999994], [-49.12663879999997, -26.751571399999932], [-49.126252299999976, -26.751347599999974], [-49.12608739999996, -26.751269299999933], [-49.12590129999995, -26.751210999999955], [-49.12571589999993, -26.751188599999978], [-49.12555249999997, -26.75119509999996], [-49.125104299999975, -26.75127279999998], [-49.125023399999975, -26.75128079999996], [-49.12494269999996, -26.751260499999944], [-49.124895299999935, -26.75119989999996], [-49.124878699999954, -26.751118299999973], [-49.12489839999995, -26.750953599999946], [-49.125028499999985, -26.750516199999936], [-49.12516659999994, -26.750199099999975], [-49.125173099999984, -26.749721299999976], [-49.12517709999997, -26.749437099999966], [-49.12516279999994, -26.749047399999938], [-49.125109399999985, -26.74867679999994], [-49.125029799999936, -26.748441799999966], [-49.124845499999935, -26.74829569999997], [-49.12464339999997, -26.74817299999995], [-49.124462999999935, -26.74812769999994], [-49.12421989999996, -26.74808029999997], [-49.12392429999994, -26.748099399999944], [-49.12378649999994, -26.748107999999945], [-49.12338889999995, -26.74813269999993], [-49.123015599999974, -26.74814189999995], [-49.122247399999935, -26.748254999999972], [-49.122015199999964, -26.748297299999933], [-49.121779199999935, -26.748426699999982], [-49.12165219999997, -26.748526699999957], [-49.12156539999995, -26.748668099999975], [-49.12144809999995, -26.748805499999946], [-49.12135019999994, -26.74884069999996], [-49.12124449999993, -26.748815299999933], [-49.12108929999994, -26.748693299999957], [-49.120966099999976, -26.748498199999972], [-49.120813699999985, -26.74832289999995], [-49.12043659999995, -26.747980799999937], [-49.120001799999955, -26.747471599999983], [-49.11982659999995, -26.74724509999993], [-49.118592099999944, -26.746182099999942], [-49.11836699999998, -26.745929599999954], [-49.118120199999964, -26.74550499999998], [-49.117904899999985, -26.745282199999963], [-49.11757259999996, -26.74509949999998], [-49.11689359999997, -26.744748399999935], [-49.11643259999994, -26.74456079999993], [-49.11597569999998, -26.74444669999997], [-49.11480249999994, -26.744098699999938], [-49.114521199999956, -26.74413469999996], [-49.11357399999997, -26.74449069999997], [-49.11330369999996, -26.74454069999996], [-49.113053899999954, -26.744550799999956], [-49.11263009999993, -26.744514799999934], [-49.11244019999998, -26.744434399999932], [-49.112333399999955, -26.74432299999995], [-49.11225369999994, -26.74417959999994], [-49.11220759999998, -26.744052099999976], [-49.11188699999997, -26.743705099999943], [-49.11166229999998, -26.74361639999995], [-49.111362499999984, -26.743599699999947], [-49.11116279999993, -26.743618199999958], [-49.11082769999996, -26.743802699999947], [-49.11054829999995, -26.743871199999944], [-49.110260799999935, -26.743849499999953], [-49.10974509999994, -26.743516899999975], [-49.109361699999965, -26.74318109999996], [-49.108811799999955, -26.742736299999933], [-49.10791419999998, -26.74220699999995], [-49.107366999999954, -26.741901499999983], [-49.10656889999996, -26.741342799999927], [-49.10639279999998, -26.74125349999997], [-49.10623169999997, -26.74120329999994], [-49.10600979999998, -26.74114309999993], [-49.10594919999994, -26.74110859999996], [-49.10591169999998, -26.741050899999948], [-49.10591509999995, -26.740970999999945], [-49.10594809999998, -26.740882299999953], [-49.10611719999997, -26.740515399999936], [-49.106253599999945, -26.740317699999935], [-49.10634269999997, -26.740232299999946], [-49.10650999999996, -26.74019629999998], [-49.10666839999993, -26.740052299999945], [-49.10681509999995, -26.739832399999955], [-49.10682399999996, -26.739781299999947], [-49.10684119999996, -26.739682499999958], [-49.106824899999935, -26.73956449999997], [-49.10674799999998, -26.73941099999996], [-49.10667159999997, -26.73927759999998], [-49.10663129999995, -26.73909009999994], [-49.106638799999985, -26.738942899999984], [-49.106723099999954, -26.73883459999996], [-49.10685689999997, -26.738822699999957], [-49.107100799999955, -26.73888729999993], [-49.10743979999995, -26.738997799999936], [-49.107728899999984, -26.739111399999956], [-49.10798409999995, -26.73924999999997], [-49.10800549999993, -26.739260099999967], [-49.10825909999994, -26.739379999999983], [-49.108415699999966, -26.739511899999968], [-49.10858239999993, -26.73966919999998], [-49.10873189999995, -26.739872999999932], [-49.10890999999998, -26.74000159999997], [-49.10903659999997, -26.740059299999928], [-49.10930999999994, -26.740057499999978], [-49.10960209999996, -26.739977499999952], [-49.10990419999996, -26.739913999999942], [-49.11021009999996, -26.73986599999995], [-49.11065219999995, -26.739852999999982], [-49.111086899999975, -26.73988689999993], [-49.11120829999993, -26.73988799999995], [-49.111329799999965, -26.739889199999936], [-49.11143899999996, -26.73985099999993], [-49.11153619999993, -26.73977119999995], [-49.111594999999966, -26.739577099999963], [-49.11163469999997, -26.73932579999996], [-49.11170459999994, -26.739015199999983], [-49.11183119999998, -26.73859049999993], [-49.11198329999996, -26.738288099999977], [-49.112147499999935, -26.73804659999996], [-49.11234559999997, -26.73769079999994], [-49.11244839999995, -26.737378599999943], [-49.112471599999935, -26.737089099999935], [-49.112400599999944, -26.736801999999955], [-49.11239189999998, -26.73655139999994], [-49.11245749999995, -26.73609369999997], [-49.11252899999994, -26.735889699999973], [-49.11269759999993, -26.73572349999995], [-49.112914899999964, -26.73563829999995], [-49.11330379999998, -26.73543849999993], [-49.113557699999944, -26.73522479999997], [-49.11373629999997, -26.73499279999993], [-49.11385939999997, -26.734736299999952], [-49.11392639999997, -26.73449279999994], [-49.11387099999996, -26.734243299999946], [-49.11373609999998, -26.73407979999996], [-49.113232299999936, -26.733614899999964], [-49.11268649999994, -26.733222699999942], [-49.11229959999997, -26.732875699999965], [-49.11192939999995, -26.73237699999993], [-49.11151169999994, -26.731840699999964], [-49.11139719999994, -26.73151279999996], [-49.11133339999998, -26.73105529999998], [-49.11130579999997, -26.73053779999998], [-49.111311599999965, -26.73026909999993], [-49.111378799999954, -26.73004469999995], [-49.11149519999998, -26.729870699999935], [-49.11166769999994, -26.72971089999993], [-49.111811999999986, -26.72950559999998], [-49.111951999999974, -26.729294099999947], [-49.11203199999994, -26.729079399999932], [-49.11211139999995, -26.72886159999996], [-49.11214279999996, -26.728549099999952], [-49.11205899999993, -26.728377999999964], [-49.11192129999995, -26.72824479999997], [-49.111747299999934, -26.72803179999994], [-49.111656299999936, -26.727808399999958], [-49.111684099999934, -26.727595399999927], [-49.11181049999993, -26.727228399999944], [-49.111959999999954, -26.726705899999956], [-49.112030699999934, -26.726360799999952], [-49.11208829999998, -26.72604119999994], [-49.112117599999976, -26.72588589999998], [-49.11220339999994, -26.72571279999994], [-49.112323999999944, -26.72558179999993], [-49.11242599999997, -26.725462999999934], [-49.11244839999995, -26.72530969999997], [-49.11235199999993, -26.725197399999956], [-49.11223199999995, -26.725148799999943], [-49.111926299999936, -26.725069099999928], [-49.111674999999934, -26.72496669999998], [-49.11154559999994, -26.72490209999995], [-49.11145129999994, -26.724774399999944], [-49.111152699999934, -26.72425379999993], [-49.11092979999995, -26.723712699999965], [-49.11088579999995, -26.72313299999996], [-49.11093169999998, -26.722548999999958], [-49.11104799999998, -26.72201069999994], [-49.11145439999996, -26.720893599999954], [-49.11155299999996, -26.720654999999965], [-49.11168989999993, -26.720366199999944], [-49.111852099999965, -26.72006209999995], [-49.112013099999956, -26.719837299999938], [-49.11217409999995, -26.719612499999982], [-49.112652899999944, -26.71884289999997], [-49.11280719999996, -26.718499599999973], [-49.11303769999995, -26.718186899999978], [-49.11315079999997, -26.71799119999997], [-49.113329299999975, -26.717757199999937], [-49.11355279999998, -26.717610699999966], [-49.11378129999997, -26.717534499999942], [-49.11407619999994, -26.71753659999996], [-49.11426979999993, -26.71759069999996], [-49.11444839999996, -26.717687499999954], [-49.114747799999975, -26.71796489999997], [-49.11509609999996, -26.718443299999933], [-49.11540779999996, -26.71885939999993], [-49.115556899999945, -26.719092599999954], [-49.11566639999995, -26.719352399999934], [-49.11571859999998, -26.719740299999955], [-49.11581069999994, -26.71991029999998], [-49.11597399999994, -26.720135999999968], [-49.11685079999995, -26.721148399999947], [-49.11724589999994, -26.721680499999934], [-49.11750919999997, -26.721972299999948], [-49.11790609999997, -26.722457599999927], [-49.11842489999998, -26.72296689999996], [-49.118582799999956, -26.72311419999994], [-49.118742399999974, -26.723192899999958], [-49.118925399999966, -26.723232999999937], [-49.11905219999994, -26.723180399999933], [-49.11931029999994, -26.722756499999946], [-49.119551599999966, -26.72239989999997], [-49.119735599999956, -26.722193999999945], [-49.11992419999996, -26.72187349999996], [-49.12032849999997, -26.721156399999927], [-49.12042769999994, -26.72093339999998], [-49.12044469999995, -26.720699699999955], [-49.120423399999936, -26.720399099999952], [-49.12035099999997, -26.720118299999967], [-49.12020199999995, -26.71971129999997], [-49.12015719999994, -26.719588199999976], [-49.120061299999975, -26.719483899999943], [-49.11987439999996, -26.71930409999993], [-49.11980399999993, -26.71915679999995], [-49.119762399999956, -26.71899819999993], [-49.11976359999994, -26.718854999999962], [-49.119784299999935, -26.71852219999994], [-49.11978529999993, -26.718280499999935], [-49.11983049999998, -26.718177699999956], [-49.119907599999976, -26.71808809999993], [-49.120032899999956, -26.71798789999997], [-49.120095499999934, -26.71792709999994], [-49.12018389999997, -26.717779699999937], [-49.120267199999944, -26.717607999999927], [-49.120315199999936, -26.717426699999976], [-49.12032519999997, -26.71726609999996], [-49.12028799999996, -26.71715299999994], [-49.12025509999995, -26.71710829999995], [-49.12019939999993, -26.71703279999997], [-49.120141899999965, -26.716941899999938], [-49.11997739999998, -26.71682889999994], [-49.119898999999975, -26.716732499999978], [-49.119860399999936, -26.71665059999998], [-49.11987209999995, -26.716557699999953], [-49.119982799999946, -26.716086299999972], [-49.12012389999995, -26.71500149999997], [-49.12016859999994, -26.714841499999977], [-49.12021439999995, -26.71472549999993], [-49.12027219999993, -26.71464629999997], [-49.120326499999976, -26.71456619999998], [-49.12050329999994, -26.714435899999955], [-49.12061149999994, -26.71434359999995], [-49.12069999999994, -26.714218099999982], [-49.12114199999996, -26.713314099999934], [-49.12124389999997, -26.71319219999998], [-49.12139639999998, -26.71310189999997], [-49.12151239999997, -26.713081899999963], [-49.12169629999994, -26.71309629999996], [-49.12188029999993, -26.71311079999998], [-49.12198289999998, -26.713102899999967], [-49.12204899999995, -26.713067999999964], [-49.12226769999995, -26.712925299999938], [-49.12233809999998, -26.71287289999998], [-49.12242859999998, -26.71284449999996], [-49.12256309999998, -26.712845199999947], [-49.12280499999997, -26.71295129999993], [-49.122987999999964, -26.713015799999937], [-49.12315309999997, -26.71302099999997], [-49.12333249999995, -26.71301129999995], [-49.12343899999996, -26.712998599999935], [-49.12352169999997, -26.71298879999995], [-49.12367899999998, -26.71300539999993], [-49.12379249999998, -26.713000299999976], [-49.123833599999955, -26.71292889999995], [-49.123812499999985, -26.71281629999993], [-49.12370019999997, -26.712701399999958], [-49.123612399999956, -26.712586099999953], [-49.12352669999996, -26.71228169999995], [-49.123451399999965, -26.71170799999993], [-49.123441699999944, -26.71143479999995], [-49.12340489999997, -26.711316499999953], [-49.12331829999994, -26.711194199999966], [-49.12313729999994, -26.711034199999972], [-49.122900999999956, -26.710919699999977], [-49.12262339999995, -26.71075209999998], [-49.12257489999996, -26.710626399999967], [-49.12256679999996, -26.710485699999936], [-49.122581099999934, -26.71001629999995], [-49.12272879999995, -26.709587599999963], [-49.12299019999995, -26.708948199999952], [-49.123278099999936, -26.708503099999973], [-49.12339089999995, -26.708342899999934], [-49.12357199999997, -26.708261299999947], [-49.12384549999996, -26.708219799999938], [-49.12439709999995, -26.708408299999974], [-49.12496609999994, -26.708689299999946], [-49.12513519999993, -26.70881789999993], [-49.12525659999994, -26.70894489999995], [-49.12540679999995, -26.70903099999998], [-49.12554639999996, -26.709062399999937], [-49.12566919999995, -26.709032499999978], [-49.12598729999996, -26.70897059999993], [-49.126212599999974, -26.70889189999997], [-49.126370099999974, -26.708796999999947], [-49.12648009999998, -26.708714399999963], [-49.126584899999955, -26.708665699999983], [-49.12669379999994, -26.70864679999994], [-49.12688449999996, -26.708662999999945], [-49.12722729999996, -26.708664599999963], [-49.12742069999996, -26.70869399999998], [-49.128048999999976, -26.70876519999996], [-49.12830509999998, -26.708834399999944], [-49.12848729999996, -26.708939399999963], [-49.12869639999997, -26.709105699999952], [-49.12885469999998, -26.70928829999997], [-49.12896269999993, -26.70946859999998], [-49.12911529999997, -26.709640699999966], [-49.129393799999946, -26.70978299999996], [-49.12967759999998, -26.70986499999998], [-49.13088779999998, -26.70981219999993], [-49.131087099999945, -26.70976829999995], [-49.13122999999996, -26.709670099999983], [-49.13151979999998, -26.70929239999998], [-49.13163999999995, -26.709140899999966], [-49.13173509999996, -26.70908069999996], [-49.13184129999996, -26.70905749999997], [-49.13237469999996, -26.709033499999975], [-49.13256219999994, -26.70899359999993], [-49.13268039999997, -26.708921799999928], [-49.13273849999996, -26.70880779999993], [-49.13280269999996, -26.708679399999937], [-49.13282979999997, -26.708526399999982], [-49.13284319999997, -26.70824579999993], [-49.13278269999995, -26.707883299999935], [-49.13233089999994, -26.706395699999973], [-49.13225769999997, -26.70598339999998], [-49.13220299999995, -26.70525719999995], [-49.13215059999993, -26.70408599999996], [-49.132165199999974, -26.703875899999957], [-49.13223469999997, -26.703234299999963], [-49.13223059999996, -26.703077899999982], [-49.13218949999998, -26.702933299999984], [-49.132104099999935, -26.702792899999963], [-49.13164429999995, -26.702318699999978], [-49.131452699999954, -26.702085299999965], [-49.13141159999998, -26.702002799999946], [-49.13139119999994, -26.70190109999993], [-49.13140729999998, -26.70169839999994], [-49.13153629999994, -26.70124979999997], [-49.13159729999995, -26.70104639999994], [-49.131715199999974, -26.700827199999935], [-49.13182729999994, -26.70049339999997], [-49.13181909999997, -26.70034499999997], [-49.131719499999974, -26.700197199999934], [-49.13150409999997, -26.700079399999936], [-49.13098759999997, -26.69988619999998], [-49.13092089999998, -26.69982099999993], [-49.13089309999998, -26.699739299999976], [-49.13091199999997, -26.699605299999973], [-49.131014499999935, -26.699494199999947], [-49.131458599999974, -26.699391399999968], [-49.13191309999996, -26.69917429999998], [-49.13229809999996, -26.698839299999975], [-49.13249969999998, -26.698569499999962], [-49.13258079999997, -26.698311199999978], [-49.13258469999994, -26.698075099999983], [-49.13249889999997, -26.69775629999998], [-49.13244539999994, -26.697447799999964], [-49.13244059999994, -26.696880499999963], [-49.13245169999993, -26.696604599999944], [-49.13255129999993, -26.696140299999968], [-49.132944399999985, -26.69528299999996], [-49.13308809999995, -26.69493879999993], [-49.133122699999944, -26.694713399999955], [-49.13306439999997, -26.69426219999997], [-49.132776099999944, -26.693772999999965], [-49.13247469999993, -26.693402899999967], [-49.13224349999996, -26.693184299999928], [-49.13192799999996, -26.69303599999995], [-49.13162719999997, -26.692918599999928], [-49.131174499999986, -26.692739899999935], [-49.130923199999984, -26.69262969999994], [-49.130669299999965, -26.692520799999954], [-49.13053579999996, -26.69245929999994], [-49.130498099999954, -26.692419299999983], [-49.13048489999994, -26.69236529999995], [-49.13054589999996, -26.69212269999997], [-49.13072719999997, -26.691771699999947], [-49.130772699999966, -26.69157839999997], [-49.130741299999954, -26.691392599999972], [-49.13066289999995, -26.691243499999928], [-49.13040309999997, -26.69100409999993], [-49.13013239999998, -26.690738799999963], [-49.12974449999996, -26.69052929999998], [-49.12933009999995, -26.690321599999947], [-49.128924799999936, -26.690204199999982], [-49.12810659999997, -26.68992339999994], [-49.127292899999986, -26.689641999999935], [-49.12698999999998, -26.68948679999994], [-49.12666459999997, -26.689395499999932], [-49.126421799999946, -26.689358399999946], [-49.12607699999995, -26.689404499999966], [-49.125855799999954, -26.689385799999968], [-49.125700999999935, -26.689352199999973], [-49.12554299999994, -26.689268099999936], [-49.12521959999998, -26.689035099999955], [-49.124884099999974, -26.688756799999965], [-49.12463769999994, -26.688625699999932], [-49.124355599999944, -26.68858659999995], [-49.12411869999994, -26.688641399999938], [-49.123928199999966, -26.688777399999935], [-49.123319299999935, -26.689152999999976], [-49.12313089999998, -26.689270199999953], [-49.122933399999965, -26.689333199999965], [-49.12285549999996, -26.689300199999934], [-49.12283039999994, -26.689225199999953], [-49.12283069999995, -26.689150799999936], [-49.12328299999996, -26.68833029999996], [-49.12340839999996, -26.687959699999965], [-49.123531499999956, -26.68740829999996], [-49.12366319999995, -26.687187199999983], [-49.123990299999946, -26.68682339999998], [-49.123982299999966, -26.68668169999995], [-49.123868399999935, -26.686559199999976], [-49.12372449999998, -26.686543099999938], [-49.123591499999975, -26.686617699999942], [-49.12340519999998, -26.686817299999973], [-49.123203699999976, -26.68689829999994], [-49.12298539999995, -26.686904099999936], [-49.12276339999994, -26.686839799999973], [-49.12257829999999, -26.68668679999996], [-49.12246609999994, -26.68645179999993], [-49.122416999999984, -26.685895699999946], [-49.12237399999998, -26.685574199999962], [-49.12245809999996, -26.685136799999952], [-49.12253339999995, -26.68483599999996], [-49.12277349999994, -26.684496899999942], [-49.12322249999994, -26.684189799999956], [-49.12338149999994, -26.683928099999946], [-49.12339069999996, -26.683662399999946], [-49.123433999999975, -26.683235499999967], [-49.123473299999944, -26.682798699999978], [-49.12346999999994, -26.682789999999954], [-49.12338559999995, -26.682565299999965], [-49.12342669999998, -26.682297799999958], [-49.12353939999997, -26.682062599999938], [-49.123693999999944, -26.681864899999937], [-49.12391859999997, -26.681691299999954], [-49.12442749999997, -26.68146429999996], [-49.124913499999934, -26.68128219999994], [-49.125755099999935, -26.68082899999996], [-49.12613189999996, -26.68068549999998], [-49.126347399999986, -26.680616199999974], [-49.12648249999995, -26.680632299999957], [-49.12660889999995, -26.68067499999995], [-49.12681329999998, -26.680752499999983], [-49.127000399999986, -26.680798099999947], [-49.12729129999997, -26.68054429999995], [-49.12755559999994, -26.67998549999993], [-49.12762589999994, -26.679712199999983], [-49.127693799999975, -26.67930999999993], [-49.127614499999936, -26.678697899999975], [-49.12743379999995, -26.67817699999995], [-49.12721209999995, -26.677566599999977], [-49.127107999999964, -26.67712229999995], [-49.12711219999994, -26.67668699999996], [-49.12737419999996, -26.67623659999998], [-49.12776579999996, -26.675711899999953], [-49.127922299999966, -26.675536499999964], [-49.12816559999993, -26.675361099999975], [-49.12841729999997, -26.675252899999975], [-49.12858159999996, -26.675154799999973], [-49.12881539999995, -26.674880799999983], [-49.129060299999935, -26.67453249999994], [-49.129181399999936, -26.67435359999996], [-49.129211699999985, -26.67405359999998], [-49.12916459999997, -26.673764499999947], [-49.12907749999994, -26.673347199999967], [-49.128956399999936, -26.67300629999994], [-49.12863629999998, -26.672362799999974], [-49.12843749999996, -26.67146159999993], [-49.128439499999956, -26.670995699999935], [-49.12846459999997, -26.670725799999957], [-49.12853819999998, -26.67048559999995], [-49.12864539999998, -26.670294999999953], [-49.12868789999993, -26.67009399999995], [-49.12873719999993, -26.669683599999928], [-49.12877309999993, -26.669520399999953], [-49.12876579999994, -26.669370699999945], [-49.12868169999996, -26.669006199999956], [-49.12863509999994, -26.668619399999955], [-49.12864349999995, -26.668415599999946], [-49.12867679999994, -26.668231999999932], [-49.12874889999995, -26.66806689999993], [-49.128862399999946, -26.66791429999995], [-49.12946049999994, -26.667430599999932], [-49.12991819999996, -26.667081399999972], [-49.13009649999998, -26.666925099999958], [-49.130262399999935, -26.66672529999994], [-49.13045679999993, -26.666317299999946], [-49.13056999999998, -26.66601479999997], [-49.13074149999994, -26.66567329999998], [-49.13088769999996, -26.665185899999983], [-49.13098669999994, -26.66484079999998], [-49.13102779999997, -26.664570899999944], [-49.13103769999998, -26.66430889999998], [-49.13101939999996, -26.663976699999978], [-49.13100889999998, -26.66360469999995], [-49.13093329999998, -26.66319139999996], [-49.13089729999996, -26.66294389999996], [-49.13092139999998, -26.662654999999972], [-49.130965199999935, -26.662550799999963], [-49.13108749999998, -26.662374299999954], [-49.13123319999994, -26.662222199999974], [-49.13133209999995, -26.662012699999934], [-49.13133349999998, -26.66176509999997], [-49.131236299999955, -26.66151679999996], [-49.13104009999995, -26.66117259999993], [-49.13080979999995, -26.660802199999978], [-49.13053529999996, -26.660169999999937], [-49.13040819999998, -26.65983979999993], [-49.13024229999996, -26.65928279999997], [-49.13019549999996, -26.65887829999997], [-49.13017609999997, -26.65853469999996], [-49.130186099999946, -26.658305199999973], [-49.13022629999995, -26.658106699999962], [-49.13029059999997, -26.65788679999997], [-49.13054889999995, -26.657573299999967], [-49.130879799999946, -26.657303399999932], [-49.131136699999956, -26.65705459999998], [-49.13149949999996, -26.65664479999998], [-49.13180999999997, -26.656486899999948], [-49.13227169999993, -26.65615889999998], [-49.132573899999954, -26.655826099999956], [-49.13266289999996, -26.65557229999996], [-49.13268689999995, -26.655361599999935], [-49.132754499999976, -26.65495009999995], [-49.13269749999995, -26.65449159999997], [-49.13263539999997, -26.653876499999967], [-49.132641099999944, -26.65355809999994], [-49.132682999999986, -26.653389999999945], [-49.132786899999985, -26.653230699999938], [-49.13307159999994, -26.652832099999955], [-49.133266299999946, -26.65244329999996], [-49.13339179999997, -26.65201909999996], [-49.133361899999954, -26.65179619999998], [-49.13328429999996, -26.65158639999993], [-49.13320589999995, -26.65142359999993], [-49.13304009999996, -26.65122359999998], [-49.132757399999946, -26.65099079999993], [-49.132348899999954, -26.650684399999932], [-49.13200469999998, -26.65048669999993], [-49.131870499999934, -26.650390999999956], [-49.131724599999984, -26.65022749999997], [-49.13140899999996, -26.64978969999993], [-49.131115499999964, -26.649451299999953], [-49.13100719999994, -26.64921819999995], [-49.130929899999956, -26.649031799999932], [-49.13073549999996, -26.64854799999995], [-49.130686899999944, -26.648081599999955], [-49.13066829999997, -26.64799549999998], [-49.13052669999996, -26.647675999999933], [-49.13034259999995, -26.64752969999995], [-49.13015379999996, -26.64743999999996], [-49.12979509999997, -26.647369199999957], [-49.129299499999945, -26.647298399999954], [-49.12878499999994, -26.647109599999965], [-49.12839789999998, -26.647000999999932], [-49.128142999999966, -26.64695379999995], [-49.127928199999985, -26.64697739999997], [-49.12771349999997, -26.647000999999932], [-49.12748689999995, -26.646958499999982], [-49.12734059999997, -26.646793299999956], [-49.12716119999993, -26.646434599999964], [-49.12690629999997, -26.64603809999994], [-49.126792999999964, -26.645731299999966], [-49.12684019999995, -26.645457499999964], [-49.12693929999995, -26.645268699999974], [-49.12717059999994, -26.645018499999935], [-49.12733579999997, -26.644820299999935], [-49.127430199999935, -26.64470229999995], [-49.127534099999934, -26.64448509999994], [-49.12766149999993, -26.644213399999956], [-49.12768509999995, -26.644015099999933], [-49.12762569999995, -26.643630799999983], [-49.127444399999945, -26.642601699999943], [-49.127227199999936, -26.64196819999995], [-49.12717729999997, -26.64164349999993], [-49.12719229999993, -26.641001699999947], [-49.127279199999975, -26.64042569999998], [-49.12745479999995, -26.639929999999936], [-49.12768129999995, -26.63945099999995], [-49.12786939999995, -26.639082599999938], [-49.12814519999995, -26.638688999999943], [-49.12853809999996, -26.638166399999932], [-49.12885179999995, -26.63783929999994], [-49.12904359999993, -26.637663799999928], [-49.12923509999996, -26.637402399999928], [-49.12930469999998, -26.63719249999997], [-49.12930639999996, -26.637112699999932], [-49.129286099999945, -26.63702669999998], [-49.129224799999974, -26.63688389999993], [-49.12906209999994, -26.63661129999997], [-49.12892649999998, -26.63645159999993], [-49.12888809999998, -26.636320999999953], [-49.12889859999996, -26.636217699999975], [-49.12895159999994, -26.63614179999996], [-49.12910739999995, -26.636012799999946], [-49.12952259999997, -26.63575179999998], [-49.13002319999998, -26.63552169999997], [-49.130489599999976, -26.635225799999944], [-49.13084829999997, -26.63490009999998], [-49.131065399999954, -26.634461099999953], [-49.13117399999993, -26.63392299999998], [-49.13124009999996, -26.633531199999936], [-49.13123539999998, -26.63324799999998], [-49.131164499999954, -26.63272879999994], [-49.13115039999997, -26.63236999999998], [-49.13109369999995, -26.632015999999965], [-49.130999299999985, -26.631666699999982], [-49.130999299999985, -26.63166309999997], [-49.13099459999995, -26.631402399999956], [-49.131046399999946, -26.631211599999972], [-49.13122119999997, -26.630963399999928], [-49.13143829999996, -26.63058579999995], [-49.13182539999997, -26.63031669999998], [-49.13196229999994, -26.630236499999967], [-49.132155799999964, -26.629754999999932], [-49.13219829999997, -26.629174399999954], [-49.13205199999993, -26.628683499999966], [-49.132018899999935, -26.628348399999936], [-49.13193389999998, -26.628178399999967], [-49.131169299999954, -26.627347699999973], [-49.13091909999997, -26.62702669999993], [-49.13063589999996, -26.62660189999997], [-49.13053199999996, -26.626092099999937], [-49.13041399999997, -26.625841899999955], [-49.13022859999995, -26.625621099999933], [-49.130215799999974, -26.625605899999982], [-49.12998449999998, -26.625317999999936], [-49.12990899999994, -26.625091399999974], [-49.12988539999998, -26.62479869999993], [-49.129901899999936, -26.624690199999975], [-49.12991839999995, -26.624581599999942], [-49.129979799999944, -26.624373899999966], [-49.12998249999998, -26.62436589999993], [-49.13005529999998, -26.624152099999947], [-49.13022049999995, -26.62342039999993], [-49.13028659999998, -26.622936599999946], [-49.130300699999964, -26.622726499999942], [-49.13026769999993, -26.622070399999927], [-49.130213899999944, -26.622013899999956], [-49.130128499999955, -26.621924099999944], [-49.130048199999976, -26.62186269999995], [-49.12971779999998, -26.621607899999958], [-49.12949119999996, -26.62139069999995], [-49.129236299999945, -26.621230199999957], [-49.12872649999997, -26.621107499999937], [-49.128046799999936, -26.621069699999964], [-49.127584199999944, -26.62107919999994], [-49.12725379999995, -26.621173599999963], [-49.12688559999998, -26.62126799999993], [-49.126253099999985, -26.621343499999966], [-49.125894399999936, -26.621409599999936], [-49.12534679999993, -26.62138129999994], [-49.12488339999993, -26.621350999999947], [-49.12324339999998, -26.621055499999954], [-49.122888399999965, -26.62075249999998], [-49.122848199999964, -26.620081099999936], [-49.12266519999997, -26.619167499999946], [-49.12256659999997, -26.61893619999995], [-49.122448599999984, -26.618619899999942], [-49.122325899999964, -26.618331999999953], [-49.12216539999997, -26.61813849999993], [-49.12195769999994, -26.617954399999974], [-49.12174999999996, -26.617850499999975], [-49.121523399999944, -26.617741999999964], [-49.121334599999955, -26.61760979999997], [-49.12110819999998, -26.617448699999954], [-49.12081209999997, -26.617084699999964], [-49.120649499999956, -26.616763499999934], [-49.12051079999998, -26.61652319999996], [-49.12024289999994, -26.61632179999998], [-49.119668599999954, -26.616228899999953], [-49.11908939999995, -26.616241699999932], [-49.118903699999976, -26.61624329999995], [-49.11851429999996, -26.616172499999948], [-49.11829719999997, -26.61610399999995], [-49.118273699999975, -26.616083699999933], [-49.11792189999994, -26.61577829999993], [-49.11760089999996, -26.615339399999982], [-49.11731299999997, -26.614956999999947], [-49.11720599999995, -26.61475749999994], [-49.117138299999965, -26.614631299999928], [-49.11693539999993, -26.614418899999976], [-49.11665689999995, -26.614220699999976], [-49.11562059999994, -26.613747599999954], [-49.114153199999976, -26.613076499999977], [-49.11412909999996, -26.61309639999996], [-49.11410489999997, -26.61311619999998], [-49.114084899999966, -26.613139299999943], [-49.114076599999976, -26.613166599999943], [-49.11406299999993, -26.61338969999997], [-49.114066899999955, -26.61472779999997], [-49.11407479999997, -26.615157199999942], [-49.11409809999998, -26.615428099999974], [-49.114139499999965, -26.615677199999936], [-49.11418599999996, -26.615830999999957], [-49.11421259999997, -26.615970299999958], [-49.11420889999994, -26.61608979999994], [-49.11420179999993, -26.616204099999948], [-49.11417299999994, -26.61631529999994], [-49.114131999999984, -26.61639839999998], [-49.11360499999995, -26.617364899999927], [-49.11354439999997, -26.617443299999934], [-49.113445799999965, -26.617551599999956], [-49.11334309999995, -26.61770679999995], [-49.11318099999994, -26.61806779999995], [-49.11305289999996, -26.618416599999932], [-49.112942199999964, -26.618754399999943], [-49.112892399999964, -26.618997899999954], [-49.11283069999996, -26.61948069999994], [-49.112775899999974, -26.619886599999973], [-49.11275189999998, -26.62013319999994], [-49.11274109999994, -26.62040879999995], [-49.11301809999998, -26.622162899999978], [-49.11329129999996, -26.623050699999965], [-49.11333979999995, -26.62318309999995], [-49.11341399999998, -26.62330019999996], [-49.11377509999994, -26.62369289999998], [-49.114030499999956, -26.623887199999956], [-49.11425559999998, -26.624113199999954], [-49.11427179999998, -26.624146399999972], [-49.114287899999965, -26.624179599999934], [-49.11430799999994, -26.62424679999998], [-49.114321899999936, -26.624400699999967], [-49.11433479999994, -26.624606299999982], [-49.11432099999996, -26.624778599999956], [-49.11427659999998, -26.62493379999995], [-49.11410939999996, -26.625241099999982], [-49.113834699999984, -26.625701799999945], [-49.113606199999936, -26.62598769999994], [-49.11349819999998, -26.62606089999997], [-49.113379399999985, -26.626103799999953], [-49.113323299999934, -26.626138099999935], [-49.11310569999995, -26.626317099999937], [-49.112562099999934, -26.626861299999973], [-49.112261699999976, -26.62714189999997], [-49.112116999999955, -26.627300499999933], [-49.112008199999934, -26.62748399999998], [-49.111702399999956, -26.628168899999935], [-49.11162589999998, -26.62833009999997], [-49.11159999999995, -26.62840499999993], [-49.111581899999976, -26.628503199999955], [-49.11155619999994, -26.628628799999944], [-49.11151239999998, -26.628775399999938], [-49.11144359999997, -26.62891989999997], [-49.111091499999986, -26.62951389999995], [-49.11065549999995, -26.63002369999998], [-49.11044249999998, -26.630394799999976], [-49.110243099999934, -26.630637299999933], [-49.11016809999995, -26.63075189999995], [-49.11014899999998, -26.630830599999967], [-49.11015889999993, -26.630915499999958], [-49.110240799999985, -26.63116329999997], [-49.11029099999996, -26.631285699999978], [-49.11038199999996, -26.63149859999993], [-49.11046779999998, -26.631750299999965], [-49.11057009999996, -26.632142199999976], [-49.11063829999995, -26.63245349999994], [-49.11072709999996, -26.63282849999996], [-49.11081439999998, -26.633163099999933], [-49.11086339999997, -26.63331569999997], [-49.11089959999998, -26.633495599999947], [-49.110905799999955, -26.63366199999996], [-49.110899899999936, -26.633831099999952], [-49.11079499999994, -26.63428669999996], [-49.11065899999994, -26.63473399999998], [-49.11069039999995, -26.635455399999955], [-49.11075089999997, -26.635669999999948], [-49.111015899999984, -26.636311099999944], [-49.11110039999994, -26.636444499999982], [-49.11120669999997, -26.636521199999947], [-49.11149569999998, -26.636655099999928], [-49.11165299999993, -26.636688899999967], [-49.11182979999995, -26.63669989999994], [-49.11232739999997, -26.636757899999964], [-49.11250499999994, -26.636796999999945], [-49.11263679999996, -26.63684029999996], [-49.11275909999995, -26.63690509999998], [-49.11289949999997, -26.637008599999945], [-49.11296619999996, -26.637040499999955], [-49.11307769999996, -26.637079299999982], [-49.11313699999994, -26.63711139999998], [-49.11325029999995, -26.63717799999995], [-49.11333469999994, -26.637237099999936], [-49.11340739999997, -26.637316099999964], [-49.113575099999935, -26.637569499999984], [-49.113634099999956, -26.637673099999972], [-49.11365429999995, -26.637711499999966], [-49.113665099999935, -26.63774319999993], [-49.11366849999996, -26.637781699999948], [-49.113667299999975, -26.637812199999928], [-49.11362569999994, -26.637982299999976], [-49.113489399999935, -26.638288699999976], [-49.11330749999996, -26.63870879999996], [-49.11323519999996, -26.638880399999948], [-49.11322869999998, -26.638909999999953], [-49.11322769999998, -26.638936899999976], [-49.11323689999995, -26.63898679999994], [-49.11326379999997, -26.639102299999934], [-49.11344129999998, -26.639574399999958], [-49.113653399999976, -26.64009059999995], [-49.11385339999998, -26.640411399999948], [-49.11393839999994, -26.640520799999933], [-49.11405579999996, -26.640643999999952], [-49.11419029999996, -26.64076739999996], [-49.11427779999997, -26.640870199999938], [-49.11430429999996, -26.64095169999996], [-49.11430349999995, -26.64103369999998], [-49.11427519999995, -26.641124599999955], [-49.11422189999996, -26.64121289999997], [-49.114161499999966, -26.64128459999995], [-49.11399949999998, -26.64142849999996], [-49.11396419999994, -26.64146599999998], [-49.11393739999994, -26.641522299999963], [-49.113923599999964, -26.641650699999957], [-49.11392519999998, -26.64171179999994], [-49.11393549999997, -26.641767999999956], [-49.11398749999995, -26.641922999999963], [-49.11399589999996, -26.642007599999943], [-49.113987399999985, -26.642101999999966], [-49.11395609999994, -26.642231799999934], [-49.113905399999965, -26.642308799999967], [-49.11380829999996, -26.642376499999955], [-49.11370279999994, -26.64241629999998], [-49.11355609999998, -26.642423599999972], [-49.11344459999998, -26.642413399999953], [-49.11334089999997, -26.642434299999934], [-49.11326729999996, -26.642484099999933], [-49.11319009999994, -26.642562099999964], [-49.11313089999993, -26.642633599999954], [-49.113091699999984, -26.642724899999962], [-49.11306129999997, -26.64284159999994], [-49.11300579999994, -26.643060099999957], [-49.11297479999996, -26.643138999999962], [-49.11292729999997, -26.643208899999934], [-49.112845799999945, -26.643259799999953], [-49.11265739999993, -26.64331949999996], [-49.112451299999975, -26.643371599999966], [-49.11209139999994, -26.643433199999947], [-49.11197269999997, -26.64347689999994], [-49.11185059999997, -26.643539999999973], [-49.11160449999994, -26.643733399999974], [-49.11150109999994, -26.64379969999993], [-49.11115579999995, -26.64407449999993], [-49.111090299999944, -26.644110499999954], [-49.11100759999994, -26.64414299999993], [-49.110946499999955, -26.644161199999928], [-49.11087969999994, -26.644172199999957], [-49.11076859999997, -26.644181799999956], [-49.110663999999986, -26.644168599999944], [-49.11057699999998, -26.64417609999998], [-49.11048989999995, -26.64420309999997], [-49.110398299999986, -26.644234299999937], [-49.11030509999995, -26.64429329999996], [-49.11024979999996, -26.644367899999963], [-49.11021029999995, -26.64444599999996], [-49.110176999999965, -26.644563699999935], [-49.11029949999994, -26.64455819999995], [-49.11034719999998, -26.64455689999994], [-49.11042249999997, -26.644556699999953], [-49.11048039999997, -26.64455849999996], [-49.110631499999954, -26.644566399999974], [-49.11070109999997, -26.644569399999966], [-49.110784199999955, -26.644571199999973], [-49.11089049999998, -26.64457169999997], [-49.110924899999986, -26.644572799999935], [-49.11094349999996, -26.644574099999943], [-49.11098539999995, -26.644578499999966], [-49.11103589999993, -26.644586299999958], [-49.111093799999935, -26.644597499999975], [-49.11112379999997, -26.64460409999998], [-49.11118259999995, -26.644618699999967], [-49.11120999999997, -26.64462649999996], [-49.11123509999993, -26.644634399999973], [-49.11125729999998, -26.644642399999952], [-49.11127689999995, -26.644650499999955], [-49.111294199999975, -26.644658599999957], [-49.11130959999997, -26.64466669999996], [-49.11133619999998, -26.644682899999964], [-49.11143899999996, -26.64475539999995], [-49.11149849999998, -26.64479849999998], [-49.11153269999994, -26.644824399999948], [-49.111562499999934, -26.644849299999976], [-49.11158039999998, -26.64486759999994], [-49.11158899999998, -26.644878199999937], [-49.11159759999998, -26.644890199999963], [-49.11160619999998, -26.64490399999994], [-49.11161499999997, -26.64491979999997], [-49.11163339999996, -26.644957999999974], [-49.111685799999975, -26.645076099999983], [-49.11170989999994, -26.645124899999928], [-49.11172259999995, -26.64514829999996], [-49.111735599999975, -26.645170699999937], [-49.11174889999995, -26.645191799999964], [-49.11176219999993, -26.645211399999937], [-49.111775499999965, -26.645229299999983], [-49.111801699999944, -26.64525889999993], [-49.11181519999997, -26.64527149999998], [-49.11184579999997, -26.64529699999997], [-49.11187899999993, -26.645322299999975], [-49.11194279999995, -26.64536959999998], [-49.11198269999994, -26.645400999999936], [-49.11201689999996, -26.645431299999927], [-49.112037499999985, -26.645451899999955], [-49.112056999999936, -26.645473399999958], [-49.11207559999997, -26.645495599999947], [-49.11210239999997, -26.64552999999995], [-49.11212839999996, -26.64556529999993], [-49.11215249999998, -26.645600299999955], [-49.112166799999954, -26.645622899999978], [-49.11217929999998, -26.645644499999946], [-49.112190099999964, -26.645665399999928], [-49.11220869999994, -26.64570619999995], [-49.112220899999954, -26.645736599999964], [-49.11223159999997, -26.64576539999996], [-49.11224459999994, -26.64580479999995], [-49.11224919999995, -26.645823999999948], [-49.11225079999997, -26.645836299999928], [-49.11225129999997, -26.64585539999996], [-49.11225019999995, -26.64586879999996], [-49.112248199999954, -26.645883099999935], [-49.112243399999954, -26.64590629999998], [-49.11222939999993, -26.645962899999972], [-49.112225999999964, -26.645982599999968], [-49.112224599999934, -26.645997299999976], [-49.11222449999997, -26.646008499999937], [-49.11222679999997, -26.646029299999952], [-49.11223099999995, -26.646046699999943], [-49.11223849999993, -26.64606939999993], [-49.11230819999997, -26.646259199999974], [-49.112324899999976, -26.64629519999994], [-49.11233779999998, -26.646324899999968], [-49.11234719999993, -26.646349199999975], [-49.11235379999994, -26.646368999999936], [-49.11235799999997, -26.64638519999994], [-49.11236039999994, -26.646398699999963], [-49.112361599999986, -26.646420999999975], [-49.112359899999944, -26.646451999999954], [-49.112356999999975, -26.64647249999996], [-49.11235239999996, -26.646492999999964], [-49.11234239999993, -26.646523799999954], [-49.11233409999994, -26.646544199999937], [-49.11230509999996, -26.64661129999996], [-49.11229489999994, -26.646638199999927], [-49.11228619999997, -26.64666589999996], [-49.11227759999997, -26.646698499999957], [-49.11224379999993, -26.64683709999997], [-49.112229799999966, -26.646890799999937], [-49.112215299999946, -26.646942499999966], [-49.11220819999994, -26.646965999999964], [-49.11219459999995, -26.647006199999964], [-49.11216189999993, -26.647090299999945], [-49.11215139999996, -26.647124799999972], [-49.11214639999997, -26.64714689999994], [-49.11214289999998, -26.647168199999953], [-49.11214069999994, -26.647188599999936], [-49.112139799999966, -26.64720829999993], [-49.11214039999993, -26.647227199999975], [-49.112141399999985, -26.647236499999963], [-49.112144599999965, -26.647254699999962], [-49.112146999999936, -26.647263599999974], [-49.11215299999998, -26.64728109999993], [-49.11216439999998, -26.647305999999958], [-49.11217749999997, -26.647328899999934], [-49.11219659999995, -26.647356999999943], [-49.11221879999994, -26.647385799999938], [-49.11226819999996, -26.647447899999975], [-49.11228159999996, -26.647466399999928], [-49.11228689999996, -26.64747509999995], [-49.11229389999994, -26.647488899999928], [-49.11230839999996, -26.64752409999994], [-49.11231379999998, -26.64753969999998], [-49.112316599999986, -26.647549899999945], [-49.112318899999934, -26.647565999999983], [-49.11231859999998, -26.64759799999996], [-49.112315199999955, -26.647670799999958], [-49.11232249999995, -26.64773669999994], [-49.112338199999954, -26.647827199999938], [-49.11236679999996, -26.64797029999994], [-49.11239109999997, -26.64808849999997], [-49.112434399999984, -26.64825109999998], [-49.11246169999998, -26.64838169999996], [-49.11248889999996, -26.648524599999973], [-49.11250159999997, -26.648612899999932], [-49.112503499999946, -26.648695199999963], [-49.11249799999996, -26.648766999999964], [-49.11248509999996, -26.64888929999995], [-49.11248589999997, -26.64899459999998], [-49.11249129999993, -26.649049399999967], [-49.112498399999936, -26.649106599999982], [-49.112505099999964, -26.64914479999993], [-49.11251199999998, -26.649175599999978], [-49.11251729999998, -26.649195499999962], [-49.112527399999976, -26.649228799999946], [-49.11253609999994, -26.64925539999996], [-49.112546399999985, -26.649284199999954], [-49.11255829999993, -26.64931359999997], [-49.11256489999994, -26.649327899999946], [-49.11257939999996, -26.64935449999996], [-49.11258729999997, -26.649366699999973], [-49.11260409999994, -26.64938899999993], [-49.112622199999976, -26.649408999999935], [-49.112641199999985, -26.64942709999997], [-49.112671399999954, -26.64945199999994], [-49.11274549999996, -26.649506199999962], [-49.112775599999964, -26.649529299999983], [-49.11280679999993, -26.649556299999972], [-49.11282239999997, -26.649571399999957], [-49.11283769999994, -26.64958779999995], [-49.112852499999974, -26.64960549999995], [-49.112866699999984, -26.64962459999998], [-49.11288039999994, -26.64964509999993], [-49.11289379999994, -26.64966709999993], [-49.11292049999997, -26.649715699999945], [-49.112962599999946, -26.649800699999957], [-49.11306349999995, -26.65001499999994], [-49.113103799999976, -26.650106299999948], [-49.113117999999986, -26.650140299999975], [-49.11313769999998, -26.650191399999983], [-49.11315029999997, -26.650227899999948], [-49.11317339999994, -26.650305199999934], [-49.11320589999997, -26.65040579999993], [-49.113215399999945, -26.650437299999965], [-49.11322439999998, -26.650470199999972], [-49.11323259999995, -26.650503799999967], [-49.11323939999994, -26.65053759999995], [-49.11324229999997, -26.65057699999994], [-49.11321429999998, -26.650663599999973], [-49.113204199999984, -26.650697799999932], [-49.11319979999996, -26.650718299999937], [-49.113199099999974, -26.65072559999993], [-49.11320009999997, -26.650737799999945], [-49.113201499999946, -26.650742999999977], [-49.113205999999934, -26.650751399999933], [-49.11320899999998, -26.65075489999998], [-49.11321589999994, -26.650760399999967], [-49.11322839999997, -26.65076609999994], [-49.11325869999996, -26.650774699999943], [-49.113274899999965, -26.650780399999974], [-49.113288899999986, -26.650786899999957], [-49.11329839999996, -26.650793499999963], [-49.11330349999997, -26.65080039999998], [-49.113305699999955, -26.65080819999997], [-49.11330589999994, -26.65081749999996], [-49.11330369999996, -26.65082769999998], [-49.11330019999997, -26.65083459999994], [-49.11329779999994, -26.65083809999993], [-49.11329159999997, -26.65084479999996], [-49.113283499999966, -26.650850999999932], [-49.11327879999993, -26.650853799999936], [-49.113268199999936, -26.650858899999946], [-49.11325599999998, -26.650862899999936], [-49.11324259999998, -26.650866099999973], [-49.11318629999994, -26.650875699999972], [-49.11316059999996, -26.650881199999958], [-49.113143599999944, -26.650886399999933], [-49.11313349999995, -26.650890299999958], [-49.11312469999996, -26.65089459999996], [-49.11311399999994, -26.650901499999975], [-49.11310839999993, -26.650906499999962], [-49.11310409999993, -26.650911899999983], [-49.11310059999994, -26.650917599999957], [-49.113098099999945, -26.650923899999952], [-49.11309679999994, -26.650931199999945], [-49.11309669999997, -26.650935299999958], [-49.11309789999996, -26.650944899999956], [-49.11310119999996, -26.65095649999995], [-49.11310649999996, -26.650969799999928], [-49.11311299999994, -26.65098359999996], [-49.11312319999996, -26.651002499999947], [-49.113129399999934, -26.651012299999934], [-49.113144499999976, -26.651033799999936], [-49.11315059999998, -26.65104539999993], [-49.11315429999996, -26.651056899999958], [-49.113157899999976, -26.65107329999995], [-49.11316329999994, -26.651112199999943], [-49.11316899999997, -26.65118069999994], [-49.11317329999997, -26.651251799999955], [-49.113189199999965, -26.65160019999996], [-49.11319969999994, -26.65179109999997], [-49.113207999999986, -26.651902099999973], [-49.11322899999993, -26.652143199999955], [-49.11324259999998, -26.652311899999972], [-49.11324799999994, -26.652366099999938], [-49.11326249999996, -26.652405899999962], [-49.11331679999995, -26.652451199999973], [-49.11337539999994, -26.652490299999954], [-49.113454599999955, -26.65253709999996], [-49.113529599999936, -26.652585199999976], [-49.11359679999998, -26.65264769999993], [-49.11368809999993, -26.652778299999966], [-49.11372989999995, -26.65284079999998], [-49.113746799999944, -26.652868499999954], [-49.113763699999936, -26.65292549999998], [-49.11375769999995, -26.652979699999946], [-49.11374909999995, -26.65300499999995], [-49.11374059999997, -26.65302459999998], [-49.11373299999997, -26.653037799999936], [-49.11372259999996, -26.653051699999935], [-49.113706399999955, -26.653068899999937], [-49.11368199999998, -26.65309149999996], [-49.11363179999995, -26.65313619999995], [-49.11360549999995, -26.653161199999943], [-49.11358459999997, -26.653183599999977], [-49.113572999999974, -26.65319829999993], [-49.11355789999993, -26.65322119999996], [-49.11354899999998, -26.653238099999953], [-49.113544899999965, -26.653247199999953], [-49.11353369999995, -26.653278299999954], [-49.11352379999994, -26.65331599999996], [-49.11351609999997, -26.65335989999994], [-49.11351259999998, -26.653392099999962], [-49.113511399999936, -26.65340889999993], [-49.11350969999995, -26.653461799999945], [-49.11351069999995, -26.65361299999995], [-49.113509599999986, -26.65367079999993], [-49.11350599999997, -26.653728199999932], [-49.11350199999998, -26.65376569999995], [-49.11349709999996, -26.653802199999973], [-49.11348779999997, -26.653854099999933], [-49.113480599999946, -26.653886799999952], [-49.11347249999994, -26.65391879999993], [-49.11345339999997, -26.653983599999947], [-49.11341749999997, -26.654092499999933], [-49.113406699999985, -26.65412749999996], [-49.11340139999999, -26.654147099999932], [-49.11339739999994, -26.654164899999955], [-49.11339439999995, -26.654182099999957], [-49.11339239999995, -26.654199199999937], [-49.11339149999998, -26.65421639999994], [-49.11339179999993, -26.65423379999993], [-49.11339439999995, -26.654260799999975], [-49.113399699999945, -26.654291199999932], [-49.11341669999996, -26.65437479999997], [-49.11342569999994, -26.654422499999953], [-49.113431899999966, -26.654462699999954], [-49.11343419999997, -26.654491899999982], [-49.11343389999996, -26.65450759999993], [-49.11343259999995, -26.65452199999993], [-49.11343009999996, -26.65453679999996], [-49.11342789999998, -26.654544899999962], [-49.11342029999997, -26.65456379999995], [-49.11339689999994, -26.654601799999966], [-49.11337469999995, -26.654614399999957], [-49.11335359999998, -26.65462739999998], [-49.113333599999976, -26.65464069999996], [-49.113297399999965, -26.65466689999994], [-49.11326709999997, -26.65469109999998], [-49.11323379999993, -26.654719299999954], [-49.11321879999997, -26.654733199999953], [-49.11320789999996, -26.654744999999934], [-49.11320349999994, -26.654750499999977], [-49.11319619999995, -26.654761899999983], [-49.11319009999994, -26.65477409999994], [-49.11318479999994, -26.654787299999953], [-49.113175799999965, -26.654816299999936], [-49.11315749999994, -26.65488769999996], [-49.11315109999998, -26.654909999999973], [-49.113143899999955, -26.654930299999933], [-49.11313569999993, -26.65494769999998], [-49.113129699999945, -26.654957899999943], [-49.11312339999995, -26.654967099999965], [-49.11311329999995, -26.65497929999998], [-49.11310579999997, -26.65498649999995], [-49.113097299999936, -26.654993499999932], [-49.11308739999998, -26.65500039999995], [-49.113063299999965, -26.655014199999982], [-49.11304459999997, -26.655023299999982], [-49.11302829999994, -26.65502989999993], [-49.113017999999954, -26.65503289999998], [-49.11300639999996, -26.655035099999964], [-49.11298369999997, -26.655036999999936], [-49.11296429999993, -26.655037499999935], [-49.11294259999994, -26.65503719999998], [-49.11291989999995, -26.65503599999994], [-49.112886499999945, -26.655032199999937], [-49.11286549999994, -26.655028499999958], [-49.11284569999998, -26.65502399999997], [-49.11281879999996, -26.655016299999943], [-49.11276559999993, -26.654998399999954], [-49.11275089999998, -26.65499429999994], [-49.11273589999996, -26.65499109999996], [-49.11272059999993, -26.654988799999956], [-49.11270489999998, -26.654987699999936], [-49.112688799999944, -26.654987699999936], [-49.11267209999994, -26.65498919999993], [-49.112655099999984, -26.65499209999996], [-49.11263759999997, -26.65499669999997], [-49.112618199999986, -26.65500389999994], [-49.11260509999994, -26.65500979999996], [-49.112565899999936, -26.655029599999978], [-49.11245539999993, -26.655088999999975], [-49.112352699999974, -26.65511859999998], [-49.11219769999997, -26.65513909999993], [-49.112021599999935, -26.655152999999927], [-49.111851599999966, -26.655153299999938], [-49.11169789999997, -26.65513969999995], [-49.111401599999965, -26.655101699999932], [-49.11121989999998, -26.655043099999943], [-49.11107069999997, -26.654989399999977], [-49.110938499999975, -26.654918299999963], [-49.110841499999935, -26.654860499999984], [-49.110715099999936, -26.654787899999974], [-49.110689099999945, -26.654771099999948], [-49.11067799999995, -26.65476289999998], [-49.11065839999998, -26.654746299999942], [-49.110649499999965, -26.654737599999976], [-49.11063229999996, -26.654718899999978], [-49.110595699999976, -26.654674899999975], [-49.11054829999995, -26.654614099999947], [-49.11044549999997, -26.654477999999983], [-49.11042189999995, -26.654448199999933], [-49.110397499999976, -26.654418799999974], [-49.11037229999994, -26.65439109999994], [-49.11035519999996, -26.654374099999927], [-49.11033779999997, -26.654358799999954], [-49.11031069999996, -26.654338399999972], [-49.11028169999997, -26.654320299999938], [-49.11024979999996, -26.654303399999947], [-49.11020099999996, -26.65428099999997], [-49.11014339999997, -26.654256999999973], [-49.110081599999944, -26.654232699999966], [-49.11002359999998, -26.654211199999963], [-49.10997239999995, -26.654193499999963], [-49.10990359999994, -26.654171299999973], [-49.10985919999996, -26.654155499999945], [-49.10980089999998, -26.65413259999997], [-49.109739099999956, -26.654106699999943], [-49.10970299999997, -26.654090399999973], [-49.10968789999998, -26.65408309999998], [-49.10966309999998, -26.654069999999933], [-49.10963449999997, -26.654052199999967], [-49.10959969999993, -26.65402629999994], [-49.10957179999997, -26.654003399999965], [-49.10955339999998, -26.65398669999996], [-49.10953589999997, -26.65396899999996], [-49.109511699999985, -26.65394139999995], [-49.10948289999993, -26.653904499999953], [-49.10939689999998, -26.65378919999995], [-49.109276199999954, -26.65363059999993], [-49.10924419999998, -26.65359099999995], [-49.10922009999996, -26.653563799999972], [-49.10920439999995, -26.653548299999954], [-49.10919379999996, -26.65353959999993], [-49.109181199999966, -26.653530699999976], [-49.109164799999974, -26.653520399999934], [-49.10913139999997, -26.65350129999996], [-49.10910519999993, -26.65348759999995], [-49.10906389999997, -26.653468799999928], [-49.10900469999996, -26.653444399999955], [-49.108952199999976, -26.653421699999967], [-49.10889759999998, -26.65339659999995], [-49.108871799999974, -26.653383899999938], [-49.108847899999944, -26.653371299999947], [-49.108825999999965, -26.653358799999978], [-49.10880559999998, -26.65334619999993], [-49.10878649999995, -26.65333329999993], [-49.108768399999974, -26.65331989999993], [-49.10875109999995, -26.65330579999994], [-49.108734099999936, -26.653290899999945], [-49.10871729999997, -26.65327489999993], [-49.10869999999994, -26.65325749999994], [-49.108538299999964, -26.65308299999998], [-49.108399599999984, -26.65293589999993], [-49.10824789999998, -26.652814399999954], [-49.108194399999945, -26.65277329999998], [-49.10815269999995, -26.652742699999976], [-49.108120499999984, -26.652720699999975], [-49.10809549999993, -26.65270529999998], [-49.10807539999996, -26.652694699999984], [-49.10805789999995, -26.652686999999958], [-49.10802449999994, -26.652674899999965], [-49.107991099999936, -26.652665699999943], [-49.10795649999994, -26.65265839999995], [-49.10791939999996, -26.652652299999943], [-49.10785759999993, -26.65264419999994], [-49.10781369999995, -26.65264019999995], [-49.10776889999994, -26.652638099999933], [-49.10772449999996, -26.652638599999932], [-49.107681199999945, -26.65264179999997], [-49.10763929999996, -26.652647199999933], [-49.10759929999995, -26.65265459999995], [-49.107561499999974, -26.652663599999983], [-49.10750839999997, -26.652678899999955], [-49.10740709999993, -26.652712399999928], [-49.10735649999998, -26.652728499999967], [-49.107306999999935, -26.65274329999994], [-49.10725959999996, -26.652756499999953], [-49.107214399999975, -26.652767799999936], [-49.10718559999998, -26.65277409999993], [-49.10714459999997, -26.652781799999957], [-49.10706419999997, -26.65279469999996], [-49.10704509999994, -26.65279849999996], [-49.10702619999995, -26.652803199999937], [-49.10700659999998, -26.652809599999955], [-49.106996299999935, -26.652813599999945], [-49.10693119999996, -26.652841999999964], [-49.106901999999934, -26.652852999999936], [-49.10688449999998, -26.652858299999934], [-49.10686769999995, -26.65286249999997], [-49.106786899999975, -26.65290349999998], [-49.10677969999995, -26.65292729999993], [-49.10678119999994, -26.65293769999994], [-49.10678029999997, -26.652950799999928], [-49.10677659999993, -26.652962999999943], [-49.106769199999974, -26.652975899999944], [-49.10676129999996, -26.652985299999955], [-49.10675229999998, -26.652992299999937], [-49.10674609999995, -26.65299609999994], [-49.106729299999984, -26.653004299999964], [-49.10673189999994, -26.653013199999975], [-49.10673339999994, -26.653023599999983], [-49.10673239999994, -26.653056499999934], [-49.10673269999995, -26.65306549999997], [-49.10673369999995, -26.65307299999995], [-49.106735399999934, -26.653078999999934], [-49.10673779999996, -26.653083599999945], [-49.10674209999996, -26.653088899999943], [-49.10674709999995, -26.653093099999978], [-49.10675379999998, -26.653096799999958], [-49.10675969999994, -26.65309919999993], [-49.106780699999945, -26.653105099999948], [-49.10680139999994, -26.65310919999996], [-49.10685099999995, -26.653117599999973], [-49.10687329999996, -26.653122699999983], [-49.10689529999996, -26.653128799999934], [-49.106915199999946, -26.65313539999994], [-49.106929899999955, -26.653141499999947], [-49.106938799999966, -26.653147099999956], [-49.106941699999936, -26.653150099999948], [-49.106943899999976, -26.65315339999995], [-49.10694549999994, -26.65315899999996], [-49.10694529999995, -26.653163099999972], [-49.10694399999994, -26.65316759999996], [-49.106940099999974, -26.653174999999976], [-49.10692809999995, -26.653190799999948], [-49.106898899999976, -26.653224999999964], [-49.10689209999998, -26.653235199999983], [-49.106886299999985, -26.653246399999944], [-49.10688209999995, -26.653258499999936], [-49.106880099999955, -26.65327149999996], [-49.106880399999966, -26.653285099999948], [-49.10688299999998, -26.65329959999997], [-49.106887599999936, -26.65331489999994], [-49.10689789999998, -26.653340899999932], [-49.10690499999998, -26.653356499999973], [-49.10691189999994, -26.653368499999942], [-49.10692209999996, -26.653382999999963], [-49.10693679999997, -26.653400999999974], [-49.10699349999993, -26.65346509999995], [-49.10700799999995, -26.653482699999984], [-49.10701789999996, -26.653496599999983], [-49.107024199999955, -26.653507599999955], [-49.10702809999998, -26.653516899999943], [-49.10703189999998, -26.653529299999946], [-49.10703449999994, -26.653545099999974], [-49.10703449999994, -26.653560599999935], [-49.10703179999996, -26.65357599999993], [-49.10702799999996, -26.653587499999958], [-49.107024699999954, -26.65359499999994], [-49.10701849999998, -26.65360629999998], [-49.107007599999974, -26.65362159999995], [-49.10695049999998, -26.65368579999995], [-49.10693839999993, -26.65370059999998], [-49.10693139999995, -26.65371049999993], [-49.106925899999965, -26.65372089999994], [-49.10692319999998, -26.65372979999995], [-49.106921299999954, -26.65374309999993], [-49.10692119999993, -26.65375759999995], [-49.10692289999997, -26.653780299999937], [-49.106926999999985, -26.653814099999977], [-49.106958099999986, -26.654012299999977], [-49.10696249999995, -26.654045199999928], [-49.106966899999975, -26.654087499999946], [-49.10696849999994, -26.65409779999993], [-49.10697249999998, -26.654112699999928], [-49.106980599999986, -26.654131699999937], [-49.10699119999998, -26.654149699999948], [-49.107010299999956, -26.654177699999934], [-49.10702029999993, -26.65419559999998], [-49.10702679999997, -26.654211199999963], [-49.10703289999998, -26.654230799999937], [-49.10704089999996, -26.65426759999997], [-49.107046999999966, -26.65430989999993], [-49.10705049999996, -26.654354299999966], [-49.107050999999956, -26.65439749999996], [-49.10704949999996, -26.654424199999937], [-49.10704819999995, -26.65443659999994], [-49.10704459999994, -26.654459199999962], [-49.10703979999994, -26.654479099999946], [-49.10703399999994, -26.654496799999947], [-49.10702759999998, -26.654512799999964], [-49.10699459999995, -26.654581999999948], [-49.10698259999998, -26.654611099999954], [-49.10697499999998, -26.654631999999935], [-49.106965299999956, -26.654663899999946], [-49.10696029999997, -26.654685099999938], [-49.106956699999955, -26.654705999999976], [-49.10695459999994, -26.654726299999936], [-49.10695409999994, -26.654736299999968], [-49.10695449999997, -26.654755699999953], [-49.10695629999998, -26.65477469999996], [-49.10695939999994, -26.654793499999982], [-49.10696849999994, -26.654831799999954], [-49.106992799999944, -26.65491499999996], [-49.107001699999955, -26.654948899999965], [-49.10700879999996, -26.65498359999998], [-49.107011899999975, -26.655007099999978], [-49.10701389999997, -26.65503119999994], [-49.107015099999956, -26.655056599999966], [-49.10701549999993, -26.655098299999963], [-49.10701499999993, -26.655128599999955], [-49.10701179999995, -26.65517509999995], [-49.10700749999995, -26.655205299999977], [-49.10700449999996, -26.655219699999975], [-49.107000899999946, -26.655233599999974], [-49.10699269999998, -26.65525969999993], [-49.10698809999997, -26.655271699999957], [-49.10697849999997, -26.65529379999998], [-49.10696399999995, -26.655321499999957], [-49.106934799999976, -26.655369099999973], [-49.10692809999995, -26.65538259999994], [-49.106921899999975, -26.655399899999964], [-49.10691579999997, -26.65542359999995], [-49.10691259999993, -26.655438699999934], [-49.106890299999975, -26.655568699999947], [-49.106880599999954, -26.65561759999997], [-49.106875199999934, -26.655641299999957], [-49.106863199999964, -26.65568639999998], [-49.10685669999998, -26.65570759999997], [-49.10684279999998, -26.65574689999994], [-49.10683549999993, -26.65576489999995], [-49.10682039999995, -26.655797199999938], [-49.106812599999955, -26.65581149999997], [-49.106796799999984, -26.655836999999963], [-49.106773199999964, -26.655869199999984], [-49.106724199999974, -26.655929799999967], [-49.10671259999998, -26.655945799999984], [-49.10670239999996, -26.65596199999993], [-49.10669399999995, -26.655978499999947], [-49.10669049999996, -26.655986999999982], [-49.10668539999995, -26.656004499999938], [-49.10668279999993, -26.65602279999996], [-49.106682999999975, -26.656041899999934], [-49.10668599999997, -26.656061999999963], [-49.106691799999965, -26.656082899999944], [-49.10670029999994, -26.656104699999958], [-49.10671169999995, -26.656127199999958], [-49.10672599999998, -26.656150199999956], [-49.10674339999997, -26.656173499999966], [-49.10675329999998, -26.656184999999937], [-49.10677549999997, -26.656208099999958], [-49.106799999999964, -26.656230799999946], [-49.106825999999955, -26.65625319999998], [-49.10689069999995, -26.65630639999995], [-49.106938199999945, -26.656344399999966], [-49.106989899999974, -26.656383499999947], [-49.10709099999997, -26.656455999999935], [-49.10711549999996, -26.65647439999998], [-49.10713899999996, -26.656493099999977], [-49.10717119999998, -26.656521399999974], [-49.10719029999996, -26.65654079999996], [-49.10719899999998, -26.656550799999934], [-49.10720709999998, -26.65656089999993], [-49.10722169999997, -26.65658179999997], [-49.10722819999995, -26.656592699999976], [-49.10724039999997, -26.65661579999994], [-49.10725199999996, -26.656640899999957], [-49.10726349999993, -26.656668599999932], [-49.10727499999996, -26.65669889999998], [-49.107285899999965, -26.656731499999978], [-49.10729539999994, -26.656766199999936], [-49.107299499999954, -26.65678409999998], [-49.107302999999945, -26.65680249999997], [-49.10730819999998, -26.656839499999933], [-49.107309999999984, -26.656857899999977], [-49.10731199999998, -26.656893499999967], [-49.107312099999945, -26.656926299999952], [-49.10731049999998, -26.656955299999936], [-49.10730899999999, -26.65696859999997], [-49.10730499999994, -26.65699369999993], [-49.107299599999976, -26.657017699999983], [-49.107293099999936, -26.657042099999956], [-49.107285599999955, -26.65706709999995], [-49.10727319999995, -26.65710459999997], [-49.107241199999976, -26.657194199999935], [-49.10723299999995, -26.657222699999977], [-49.107228299999974, -26.657249099999945], [-49.107227199999954, -26.65726619999998], [-49.10722769999995, -26.657283399999983], [-49.10722979999997, -26.65730089999994], [-49.107234999999946, -26.657326199999943], [-49.10724099999993, -26.65734759999998], [-49.10724689999995, -26.65736329999993], [-49.10725389999993, -26.657376299999953], [-49.10726359999995, -26.657390799999973], [-49.10727659999998, -26.657408499999974], [-49.10728659999995, -26.657420599999966], [-49.10729709999998, -26.65743189999995], [-49.107307799999944, -26.65744159999997], [-49.10731819999995, -26.657449699999972], [-49.10735039999997, -26.657470699999976], [-49.107356299999935, -26.65747589999995], [-49.10735999999997, -26.657480299999975], [-49.107366199999944, -26.657490699999983], [-49.10736899999995, -26.657498799999928], [-49.10737009999997, -26.657506499999954], [-49.107370499999945, -26.657524299999977], [-49.107372099999964, -26.65753099999995], [-49.10737429999995, -26.65753609999996], [-49.10737949999998, -26.65754469999996], [-49.107386599999984, -26.65755439999998], [-49.10741329999996, -26.657585899999958], [-49.10742329999994, -26.657599199999936], [-49.107429699999955, -26.657610999999974], [-49.10743129999997, -26.657616399999938], [-49.10743179999997, -26.657621499999948], [-49.10743129999997, -26.65762639999997], [-49.10742979999998, -26.65763119999997], [-49.10742419999997, -26.657641199999944], [-49.10741729999995, -26.657649599999957], [-49.107397599999956, -26.65766949999994], [-49.107387399999936, -26.657680999999968], [-49.10737839999996, -26.657693999999935], [-49.107372099999964, -26.657705499999963], [-49.107350199999985, -26.657754499999953], [-49.10732299999995, -26.657821999999953], [-49.10731169999997, -26.657854499999928], [-49.10730709999996, -26.657870699999933], [-49.107304099999965, -26.657883999999967], [-49.10730159999997, -26.657900799999936], [-49.107300099999975, -26.657915799999955], [-49.107297899999935, -26.657970999999975], [-49.10729599999996, -26.65799089999996], [-49.107294399999944, -26.65799919999995], [-49.10729079999993, -26.65801209999995], [-49.10727749999995, -26.658049999999946], [-49.10727549999996, -26.658060899999953], [-49.107275399999935, -26.658072499999946], [-49.10727669999994, -26.658084799999983], [-49.10728379999995, -26.658128099999942], [-49.10728719999997, -26.65814249999994], [-49.10729029999993, -26.658152299999983], [-49.10729919999994, -26.658172199999967], [-49.107304899999974, -26.65818239999993], [-49.10732619999993, -26.658218699999964], [-49.107329499999935, -26.65823359999996], [-49.10733439999996, -26.658264199999962], [-49.10733819999996, -26.658276899999976], [-49.10734129999997, -26.658283299999937], [-49.10734729999996, -26.658292999999958], [-49.10735459999995, -26.658302099999958], [-49.107362799999976, -26.65831019999996], [-49.107375099999956, -26.658320299999957], [-49.10738909999998, -26.658330499999977], [-49.10740039999996, -26.65833779999997], [-49.107411999999954, -26.658343899999977], [-49.10742829999998, -26.65835009999995], [-49.10750669999993, -26.658375099999944], [-49.10751559999994, -26.65837879999998], [-49.10752039999994, -26.658381799999972], [-49.10752609999997, -26.658387499999947], [-49.10753079999995, -26.65839509999995], [-49.10753349999993, -26.658401499999968], [-49.10753579999994, -26.658409399999982], [-49.10753749999998, -26.658419299999935], [-49.107538199999965, -26.65843159999997], [-49.107537899999954, -26.658446499999968], [-49.10753589999996, -26.658471899999938], [-49.107528499999944, -26.65854049999996], [-49.10752189999994, -26.65860859999998], [-49.10751709999994, -26.65864309999995], [-49.10751349999998, -26.658659599999964], [-49.10750909999996, -26.658674899999937], [-49.10749679999998, -26.658698999999956], [-49.10748099999995, -26.658711899999957], [-49.10746119999993, -26.658726199999933], [-49.10743869999993, -26.658740299999977], [-49.107416099999966, -26.658752899999968], [-49.10739739999997, -26.658761199999958], [-49.10738349999997, -26.658765999999957], [-49.10735949999997, -26.658771999999942], [-49.107340799999974, -26.658774799999946], [-49.10731939999994, -26.658776599999953], [-49.107295799999974, -26.65877729999994], [-49.10727149999997, -26.658776899999964], [-49.10724799999997, -26.65877519999998], [-49.107236899999975, -26.658773999999937], [-49.10721659999996, -26.65877059999997], [-49.107162899999935, -26.658758199999966], [-49.10714419999994, -26.65875479999994], [-49.107124899999974, -26.658752299999946], [-49.10709589999993, -26.658750099999963], [-49.107068399999946, -26.65874999999994], [-49.10704089999996, -26.658752499999935], [-49.10701039999998, -26.658758099999943], [-49.10698709999997, -26.65876389999994], [-49.10696189999993, -26.658771299999955], [-49.10693589999994, -26.658780199999967], [-49.10690999999997, -26.658790599999975], [-49.10688499999998, -26.65880219999997], [-49.106848999999954, -26.65882149999993], [-49.10676849999993, -26.658869399999958], [-49.10674579999994, -26.65888229999996], [-49.10672299999993, -26.65889429999993], [-49.106700099999955, -26.65890509999997], [-49.10666659999998, -26.658919199999957], [-49.10660699999994, -26.658942499999966], [-49.106587899999965, -26.65894849999995], [-49.106577899999934, -26.658951099999967], [-49.10655589999993, -26.65895519999998], [-49.10654359999995, -26.658956699999976], [-49.10651759999996, -26.65895839999996], [-49.106478799999934, -26.65895869999997], [-49.106447199999934, -26.65895699999993], [-49.10643159999995, -26.65895489999997], [-49.10642489999998, -26.658953399999973], [-49.10641849999996, -26.658951499999944], [-49.106405999999936, -26.658946499999956], [-49.10639199999997, -26.65893939999995], [-49.10637579999997, -26.658929599999965], [-49.10635759999997, -26.65891629999993], [-49.10634779999998, -26.658908199999928], [-49.106327299999975, -26.658888499999932], [-49.106308199999944, -26.65885789999993], [-49.10629959999994, -26.658839499999942], [-49.10629309999996, -26.65882149999993], [-49.10628779999996, -26.658802999999978], [-49.10628109999993, -26.65877389999997], [-49.106264299999964, -26.658684599999958], [-49.10625829999998, -26.658661999999936], [-49.10625319999997, -26.658647499999972], [-49.10624339999998, -26.658625599999937], [-49.10623499999997, -26.658610299999964], [-49.10622509999996, -26.658594199999982], [-49.10620789999996, -26.658568999999943], [-49.106182899999965, -26.65853569999996], [-49.10616999999996, -26.658519999999953], [-49.106156899999974, -26.658505099999957], [-49.10613619999998, -26.658484899999962], [-49.106113799999946, -26.65846719999996], [-49.106088899999975, -26.658451299999967], [-49.10606039999993, -26.65843629999995], [-49.10603929999996, -26.658426499999962], [-49.10601669999994, -26.65841709999995], [-49.10598079999994, -26.658403799999974], [-49.10595539999997, -26.65839589999996], [-49.10592699999995, -26.658389099999965], [-49.105893099999946, -26.658383499999957], [-49.10587339999995, -26.658381299999974], [-49.10585149999997, -26.658379499999967], [-49.10580089999996, -26.65837719999996], [-49.10574529999997, -26.658376799999928], [-49.10568989999996, -26.65837829999998], [-49.10563969999998, -26.65838149999996], [-49.10561809999996, -26.658383899999933], [-49.10558129999998, -26.65838949999994], [-49.105550799999946, -26.65839619999997], [-49.105497199999945, -26.65840979999996], [-49.105470099999934, -26.658415899999966], [-49.10544209999995, -26.658421399999952], [-49.10541329999995, -26.658425999999963], [-49.10538369999995, -26.658429699999942], [-49.105353399999956, -26.65843229999996], [-49.10532269999993, -26.658433899999977], [-49.10529199999996, -26.658434099999965], [-49.105246199999954, -26.65843179999996], [-49.105142099999966, -26.65842189999995], [-49.10503219999998, -26.658412399999975], [-49.104936899999984, -26.658402499999966], [-49.10479769999995, -26.658386099999973], [-49.10473259999998, -26.65838679999996], [-49.10467059999996, -26.658389399999976], [-49.10461179999999, -26.658393699999976], [-49.104556299999956, -26.658399299999928], [-49.10450399999996, -26.658405899999934], [-49.10445509999994, -26.65841329999995], [-49.10440969999996, -26.658421199999964], [-49.10432929999996, -26.658437299999946], [-49.104294299999935, -26.658445099999938], [-49.104233299999976, -26.65846019999998], [-49.104206999999974, -26.65846739999995], [-49.10416139999995, -26.658480999999938], [-49.104107099999965, -26.658499199999937], [-49.10406119999993, -26.65851699999996], [-49.10401239999993, -26.65853839999994], [-49.103927699999986, -26.658578099999943], [-49.10381629999995, -26.658633299999963], [-49.10371729999997, -26.658684199999982], [-49.10359079999995, -26.658751199999983], [-49.10354139999998, -26.658778299999938], [-49.10350409999995, -26.658799699999975], [-49.103476299999954, -26.658816999999942], [-49.10346509999994, -26.658824599999946], [-49.10344639999994, -26.658838999999944], [-49.10343069999993, -26.658853499999964], [-49.10340919999993, -26.65887699999996], [-49.10334069999993, -26.65895969999997], [-49.103313699999944, -26.65899459999997], [-49.10329799999994, -26.65901679999996], [-49.10328449999997, -26.659037599999976], [-49.10324909999997, -26.659096999999974], [-49.10323809999994, -26.659118399999954], [-49.103228799999954, -26.65914129999993], [-49.10322089999994, -26.65916859999993], [-49.103216299999985, -26.659190199999955], [-49.10321079999994, -26.65922919999997], [-49.10320819999998, -26.659258699999953], [-49.103206599999965, -26.659301699999958], [-49.10320779999995, -26.659325399999943], [-49.103211199999976, -26.659354999999948], [-49.10321509999994, -26.659381199999928], [-49.10321909999993, -26.659401999999943], [-49.10322229999997, -26.65941339999995], [-49.10322679999996, -26.65942519999993], [-49.103233399999965, -26.65943989999994], [-49.10327309999997, -26.659523299999933], [-49.10328679999998, -26.659555999999952], [-49.10329169999994, -26.659571299999982], [-49.10329399999995, -26.65958269999993], [-49.103294699999935, -26.659591499999976], [-49.10329449999995, -26.659602199999938], [-49.10329329999996, -26.65961489999995], [-49.103291199999944, -26.65962429999996], [-49.103287799999976, -26.65963409999995], [-49.10328449999997, -26.659640699999954], [-49.10328029999994, -26.659647399999983], [-49.10327499999994, -26.659653999999932], [-49.10324039999995, -26.659691299999963], [-49.10323189999997, -26.65970199999998], [-49.10322419999994, -26.659713299999964], [-49.10321789999995, -26.659724899999958], [-49.10321319999997, -26.65973639999993], [-49.10320449999995, -26.659765899999968], [-49.10320079999997, -26.659775699999955], [-49.10319549999997, -26.659783199999936], [-49.10319039999996, -26.65978739999997], [-49.103184099999964, -26.659791199999972], [-49.10317709999998, -26.659794399999953], [-49.10316359999996, -26.659798699999953], [-49.10315509999998, -26.65979999999996], [-49.10313449999995, -26.659800899999937], [-49.10312219999997, -26.659802299999967], [-49.10310369999996, -26.659805999999946], [-49.10308829999997, -26.659810799999946], [-49.10308239999995, -26.65981409999995], [-49.10307789999996, -26.65981809999994], [-49.10307259999996, -26.659825099999978], [-49.10306499999996, -26.65983749999998], [-49.10305899999997, -26.659844299999975], [-49.10304809999997, -26.659852399999977], [-49.10303049999993, -26.65986209999994], [-49.10299619999995, -26.65987769999998], [-49.10297319999995, -26.659886299999982], [-49.102948599999934, -26.659892499999955], [-49.102915199999984, -26.65989799999994], [-49.10289529999994, -26.65989989999997], [-49.102873699999975, -26.659900599999958], [-49.102850899999964, -26.65989989999997], [-49.10281579999997, -26.659896699999933], [-49.10278169999998, -26.65989179999997], [-49.102750199999946, -26.659886299999982], [-49.102721299999985, -26.65988049999993], [-49.10265959999998, -26.659866999999963], [-49.10262419999998, -26.65986019999997], [-49.10258699999997, -26.65985509999996], [-49.10255919999997, -26.659852799999953], [-49.10254059999994, -26.659852599999965], [-49.102530299999955, -26.659853399999974], [-49.10251869999996, -26.659855299999947], [-49.10250529999996, -26.659858399999962], [-49.102489599999956, -26.65986309999994], [-49.102471099999946, -26.659869699999945], [-49.102449399999955, -26.659878299999946], [-49.10238199999998, -26.65980609999997], [-49.10237349999994, -26.659798499999965], [-49.102365299999974, -26.65979219999997], [-49.10235259999996, -26.659784799999954], [-49.10234369999995, -26.659781099999975], [-49.10232949999994, -26.659776999999963], [-49.10231399999998, -26.659774099999936], [-49.102284399999974, -26.65977019999997], [-49.10226239999997, -26.659766499999932], [-49.10214179999997, -26.659739599999966], [-49.102116499999966, -26.659732799999972], [-49.10208079999995, -26.659720599999957], [-49.10205629999996, -26.65971099999996], [-49.10203649999994, -26.659702399999958], [-49.10195859999993, -26.659662999999966], [-49.101946399999974, -26.659657799999934], [-49.10193429999998, -26.65965259999996], [-49.10191519999995, -26.659647099999972], [-49.101878899999974, -26.659640699999954], [-49.10186059999995, -26.659636699999965], [-49.101837899999964, -26.65962959999996], [-49.10182329999998, -26.659623499999952], [-49.101805499999955, -26.65961459999994], [-49.101783799999964, -26.65960229999996], [-49.101757299999974, -26.659585899999968], [-49.101725199999976, -26.65956449999993], [-49.10168689999995, -26.659537599999965], [-49.10166369999996, -26.659518799999944], [-49.10163129999995, -26.65948999999995], [-49.10157979999997, -26.659442499999955], [-49.10153489999993, -26.65939949999995], [-49.10152399999998, -26.659387699999968], [-49.10151769999993, -26.65937889999998], [-49.101513899999986, -26.659370699999954], [-49.10151059999998, -26.659357299999954], [-49.10150969999995, -26.659347999999966], [-49.101509799999974, -26.659333799999956], [-49.101512799999966, -26.65931359999996], [-49.10151749999994, -26.65929499999993], [-49.10152219999998, -26.659279999999967], [-49.101531799999975, -26.65925479999993], [-49.101540099999966, -26.65923769999995], [-49.101550299999985, -26.659221199999934], [-49.101561799999956, -26.65920579999994], [-49.101590199999976, -26.65917159999998], [-49.10160279999997, -26.659153599999968], [-49.101611599999956, -26.65913729999994], [-49.101615599999946, -26.659127499999954], [-49.10161859999994, -26.659118299999932], [-49.101620399999945, -26.659109499999943], [-49.101620999999966, -26.659100399999943], [-49.10162049999997, -26.65909069999998], [-49.10161879999998, -26.659079899999938], [-49.101615599999946, -26.659068099999956], [-49.10161089999997, -26.659055799999976], [-49.10160429999996, -26.659042899999974], [-49.10160019999995, -26.659036499999957], [-49.10159079999994, -26.659023699999977], [-49.10158549999994, -26.659017399999982], [-49.10157389999995, -26.659005699999966], [-49.101567699999976, -26.65900019999998], [-49.10155469999995, -26.65899049999996], [-49.101547799999935, -26.65898619999996], [-49.10153239999994, -26.658977999999934], [-49.101513799999964, -26.658969699999943], [-49.10147729999994, -26.65895489999997], [-49.101430999999934, -26.658936899999958], [-49.10139809999998, -26.65892489999993], [-49.101351299999976, -26.658909499999936], [-49.10127209999996, -26.658887999999934], [-49.101252399999964, -26.65888089999993], [-49.10123569999996, -26.65887179999993], [-49.101215199999956, -26.658858299999963], [-49.101188599999944, -26.658839399999977], [-49.10115959999996, -26.658817099999965], [-49.10114119999997, -26.65880149999998], [-49.101116099999956, -26.65877789999996], [-49.10110119999996, -26.658762199999956], [-49.10108089999994, -26.65873879999998], [-49.10106889999997, -26.65872339999993], [-49.10105839999994, -26.658708099999956], [-49.10104959999995, -26.658692599999938], [-49.10104269999994, -26.658676899999932], [-49.101039999999955, -26.658668899999952], [-49.10103619999995, -26.658652899999936], [-49.101034899999945, -26.658644899999956], [-49.10103389999995, -26.658629099999928], [-49.10103399999997, -26.658621299999936], [-49.101035499999966, -26.658605999999963], [-49.10104219999994, -26.658568599999967], [-49.10104409999997, -26.658553599999948], [-49.10104489999998, -26.65853859999993], [-49.101044299999955, -26.658523799999955], [-49.10104219999994, -26.658509599999945], [-49.101040599999976, -26.65850279999995], [-49.10103609999993, -26.65848989999995], [-49.10102949999998, -26.658477699999935], [-49.10102039999998, -26.658466199999964], [-49.10100819999997, -26.658455199999935], [-49.10099269999995, -26.658444499999973], [-49.10097469999994, -26.65843419999993], [-49.10095499999994, -26.658424199999956], [-49.10090369999995, -26.658401399999946], [-49.100784799999985, -26.658352599999944], [-49.100746399999935, -26.658334899999943], [-49.10071089999997, -26.65831579999997], [-49.10068899999993, -26.65830189999997], [-49.10067859999998, -26.658294499999954], [-49.10065879999996, -26.65827859999996], [-49.10064049999994, -26.658261099999947], [-49.100631799999974, -26.65825179999996], [-49.10061549999995, -26.658232299999952], [-49.10060039999996, -26.65821189999997], [-49.10057999999998, -26.658180399999935], [-49.100561899999946, -26.658146899999963], [-49.10055089999997, -26.65812269999998], [-49.100540499999966, -26.658096599999965], [-49.10052609999997, -26.658053699999982], [-49.100512899999956, -26.65800719999993], [-49.100491999999974, -26.657924699999967], [-49.10048139999998, -26.657890299999963], [-49.10047499999996, -26.65787279999995], [-49.100467599999945, -26.65785509999995], [-49.100459299999955, -26.65783719999996], [-49.10044999999997, -26.65781929999997], [-49.100439999999935, -26.657801499999948], [-49.10041819999998, -26.657766699999968], [-49.10040679999997, -26.657749999999965], [-49.10038369999995, -26.65771849999993], [-49.10036089999994, -26.657690199999934], [-49.10033809999993, -26.65766439999993], [-49.10030249999994, -26.657628599999953], [-49.10022159999994, -26.657556099999965], [-49.10019299999993, -26.657529099999977], [-49.10016459999997, -26.657499799999982], [-49.10013689999994, -26.65746859999996], [-49.100085699999966, -26.65740619999997], [-49.09998219999994, -26.657275099999936], [-49.09996709999996, -26.657254699999953], [-49.09995349999997, -26.657234699999947], [-49.099941899999976, -26.65721519999994], [-49.099936999999954, -26.657205699999963], [-49.09993259999993, -26.65719619999993], [-49.09992559999995, -26.657177499999932], [-49.09992299999993, -26.657168199999944], [-49.099919099999966, -26.65714989999998], [-49.099917999999946, -26.657140699999957], [-49.09991689999998, -26.65712259999998], [-49.099917999999946, -26.65707279999998], [-49.09991739999998, -26.657058999999947], [-49.09991459999998, -26.657040699999982], [-49.099909199999956, -26.657024299999932], [-49.09990079999994, -26.65700849999996], [-49.09988929999997, -26.656992799999955], [-49.09987959999995, -26.65698199999997], [-49.09984929999996, -26.656952199999978], [-49.09983599999998, -26.65693829999998], [-49.09982279999997, -26.656922899999984], [-49.09980399999995, -26.656896999999958], [-49.099786999999935, -26.656868999999972], [-49.09977259999994, -26.656840299999942], [-49.099761599999965, -26.65681129999996], [-49.09975639999993, -26.65679199999994], [-49.09975449999996, -26.65678239999994], [-49.099752199999955, -26.656763099999978], [-49.099751699999956, -26.656743699999936], [-49.09975259999993, -26.65672369999993], [-49.09975629999997, -26.656692199999952], [-49.09977199999997, -26.656596899999954], [-49.09977479999998, -26.656569799999943], [-49.09977539999994, -26.65654429999995], [-49.09977339999995, -26.65651939999998], [-49.09976869999997, -26.65649439999993], [-49.099761299999955, -26.65646879999997], [-49.09975769999994, -26.65645989999996], [-49.099752699999954, -26.656450399999983], [-49.09974599999998, -26.656440199999963], [-49.09973699999995, -26.656428999999946], [-49.09972529999993, -26.656416499999978], [-49.09971019999995, -26.656402699999944], [-49.09969139999998, -26.656387199999983], [-49.099668399999985, -26.65636999999998], [-49.09964139999994, -26.65635089999995], [-49.099575699999946, -26.656307599999934], [-49.09949579999994, -26.656258099999945], [-49.09940309999996, -26.65620279999996], [-49.099381499999936, -26.656195999999966], [-49.099360899999965, -26.656188699999973], [-49.09932189999995, -26.656172599999934], [-49.09928469999994, -26.656154999999956], [-49.09918989999994, -26.656108399999937], [-49.099149299999965, -26.65608979999996], [-49.09910689999998, -26.656071999999938], [-49.09906229999996, -26.65605519999997], [-49.09901579999996, -26.656039799999974], [-49.09896779999997, -26.656025599999964], [-49.098918899999944, -26.656012699999962], [-49.098869699999966, -26.65600109999997], [-49.09879509999996, -26.655985699999974], [-49.09871869999995, -26.65597249999996], [-49.098639299999945, -26.655960899999968], [-49.09855649999997, -26.65595069999995], [-49.098470099999986, -26.65594169999997], [-49.09835089999996, -26.65593149999995], [-49.09826419999996, -26.655925699999955], [-49.098184999999944, -26.655921999999975], [-49.09813729999996, -26.655920899999956], [-49.09809339999998, -26.655920999999978], [-49.098052999999936, -26.655922499999974], [-49.09801589999995, -26.65592529999998], [-49.097981199999936, -26.655929499999957], [-49.09794769999996, -26.655934699999932], [-49.09789699999993, -26.655944699999964], [-49.09787589999996, -26.65594989999994], [-49.09784749999994, -26.65595819999993], [-49.097808199999974, -26.655970999999965], [-49.09775469999994, -26.655989499999976], [-49.09768329999997, -26.656015399999944], [-49.09759049999997, -26.65604979999995], [-49.097472799999935, -26.656094399999972], [-49.09744159999997, -26.65610659999993], [-49.097409899999946, -26.656121199999973], [-49.097378299999946, -26.656137899999976], [-49.09734729999997, -26.656156099999976], [-49.097317499999974, -26.656175599999983], [-49.09728929999994, -26.656195799999978], [-49.09726329999995, -26.656216299999983], [-49.097240099999965, -26.65623679999993], [-49.097128399999974, -26.65634719999997], [-49.097083199999986, -26.65639049999993], [-49.09702639999995, -26.656443299999978], [-49.096955899999955, -26.656507199999965], [-49.09686929999998, -26.656583799999964], [-49.09676589999998, -26.656673299999966], [-49.09665099999995, -26.656771499999934], [-49.09641439999996, -26.656970399999977], [-49.096306599999934, -26.657059799999956], [-49.09621499999997, -26.657134799999938], [-49.09614639999995, -26.65718979999997], [-49.096107899999936, -26.65721899999994], [-49.09608719999994, -26.657233299999973], [-49.09604839999997, -26.65726129999996], [-49.09599659999998, -26.65730199999996], [-49.09595139999993, -26.65734079999993], [-49.09586379999996, -26.657421799999952], [-49.09581999999995, -26.657460999999955], [-49.09570699999995, -26.657556399999976], [-49.09559239999993, -26.657654799999932], [-49.09553909999994, -26.657698799999935], [-49.09551479999993, -26.657717799999944], [-49.095493499999975, -26.657733399999984], [-49.09547599999996, -26.657744599999944], [-49.09541199999995, -26.65772009999995], [-49.095398999999986, -26.657715699999983], [-49.09538119999996, -26.65771079999996], [-49.09532399999995, -26.657700199999965], [-49.09526839999995, -26.65769419999998], [-49.09524989999994, -26.657691599999964], [-49.09522469999996, -26.657686699999942], [-49.095204999999964, -26.657681499999967], [-49.09516439999993, -26.657668399999977], [-49.09512229999996, -26.657652499999983], [-49.095101099999965, -26.657643699999937], [-49.09506099999993, -26.65762449999994], [-49.095045899999946, -26.657618299999967], [-49.09502539999994, -26.657611799999984], [-49.095010599999966, -26.65760849999998], [-49.09499619999997, -26.65760659999995], [-49.09498189999994, -26.657605799999942], [-49.09491779999996, -26.657606399999963], [-49.09488829999998, -26.657605599999954], [-49.09475489999994, -26.657593599999927], [-49.09469749999994, -26.65758969999996], [-49.094667699999945, -26.65758909999994], [-49.09462149999996, -26.657590699999957], [-49.094604999999945, -26.657590699999957], [-49.09458799999993, -26.657589299999984], [-49.09457919999994, -26.657587999999976], [-49.09456149999994, -26.65758409999995], [-49.09454389999996, -26.657578499999943], [-49.09453529999996, -26.657575099999974], [-49.09451859999996, -26.657567299999982], [-49.094502999999975, -26.65755809999996], [-49.09449569999998, -26.657553099999973], [-49.09448209999994, -26.657542199999966], [-49.09447009999997, -26.657530299999962], [-49.09446479999997, -26.657524099999932], [-49.09445539999996, -26.657511299999953], [-49.09444369999994, -26.657491599999958], [-49.09442749999994, -26.65746059999998], [-49.09442059999998, -26.657450799999935], [-49.094416699999954, -26.657446999999934], [-49.09441229999993, -26.657444099999964], [-49.094399399999986, -26.657444299999952], [-49.094393099999934, -26.657450899999958], [-49.09438699999998, -26.65746009999998], [-49.09438259999996, -26.657469599999956], [-49.09436629999993, -26.65751249999994], [-49.09436169999998, -26.65752199999997], [-49.09435709999997, -26.65752969999994], [-49.094352399999934, -26.65753559999996], [-49.09434729999998, -26.657539699999973], [-49.09434179999994, -26.657542199999966], [-49.094335899999976, -26.65754309999994], [-49.09432959999998, -26.657542399999954], [-49.09432639999994, -26.657541399999957], [-49.09432009999995, -26.657538299999942], [-49.09431399999994, -26.657533499999943], [-49.094305599999984, -26.657523399999945], [-49.09430039999995, -26.657514899999967], [-49.09429559999995, -26.65750529999997], [-49.09428289999994, -26.657473599999946], [-49.09427859999994, -26.657464499999946], [-49.09427419999997, -26.657457199999953], [-49.09426939999997, -26.657451699999967], [-49.09426139999994, -26.65744639999997], [-49.09425229999994, -26.657443899999976], [-49.09424599999994, -26.65744369999993], [-49.09423979999997, -26.657444399999974], [-49.094231899999954, -26.657447499999932], [-49.094227599999954, -26.65745069999997], [-49.094223899999974, -26.657454799999982], [-49.09421069999996, -26.657474899999954], [-49.09420579999994, -26.657481399999938], [-49.094199799999956, -26.657487799999956], [-49.09418879999998, -26.657496299999934], [-49.09417609999997, -26.657503299999973], [-49.09416289999996, -26.65750849999995], [-49.09413109999997, -26.657516399999963], [-49.09412129999998, -26.657519599999944], [-49.09411279999995, -26.657524099999932], [-49.09410769999994, -26.657528299999967], [-49.09410099999997, -26.657536499999935], [-49.09409619999997, -26.657546499999967], [-49.09409379999994, -26.65755779999995], [-49.09409219999998, -26.657578599999965], [-49.09409019999998, -26.657591999999966], [-49.09408569999994, -26.657605799999942], [-49.09407779999998, -26.657619599999975], [-49.094070399999964, -26.657628699999975], [-49.09406139999993, -26.657637199999954], [-49.09405119999997, -26.65764459999997], [-49.09404569999998, -26.65764779999995], [-49.09403999999995, -26.657650599999954], [-49.094028099999946, -26.657654599999944], [-49.09402199999994, -26.657655999999974], [-49.094009599999936, -26.65765749999997], [-49.09399709999997, -26.65765749999997], [-49.09398479999993, -26.657656199999963], [-49.093966999999964, -26.65765209999995], [-49.093955999999935, -26.65764809999996], [-49.09394589999994, -26.657643099999973], [-49.09393689999996, -26.657636999999966], [-49.093929199999934, -26.65763009999995], [-49.09392269999995, -26.65762239999998], [-49.09391769999996, -26.657613899999944], [-49.093913999999984, -26.65760469999998], [-49.09391169999998, -26.657594999999958], [-49.093910499999936, -26.65758489999996], [-49.09391079999995, -26.657564199999968], [-49.09391549999998, -26.65752189999995], [-49.093915599999946, -26.657511099999965], [-49.093914799999936, -26.65750509999998], [-49.093912099999955, -26.65749809999994], [-49.09390909999996, -26.657494699999972], [-49.09390279999997, -26.65749119999998], [-49.09389719999996, -26.65748999999994], [-49.093890399999964, -26.657489599999963], [-49.09388249999995, -26.65749029999995], [-49.09386829999994, -26.657493299999942], [-49.09379599999994, -26.657517199999972], [-49.09377269999993, -26.657523899999944], [-49.09375669999997, -26.657527899999934], [-49.09372939999997, -26.657532599999968], [-49.09370609999996, -26.657534599999963], [-49.093691999999976, -26.65753509999996], [-49.09365809999997, -26.65753509999996], [-49.09359129999996, -26.657532599999968], [-49.093201499999964, -26.657510099999968], [-49.09312539999996, -26.657506299999966], [-49.09308469999996, -26.65750479999997], [-49.09303269999998, -26.657504399999937], [-49.092985399999975, -26.657505999999955], [-49.092925599999944, -26.657510899999977], [-49.09287989999996, -26.657516399999963], [-49.09284139999994, -26.657523099999935], [-49.09278809999995, -26.65753509999996], [-49.09271229999996, -26.65755459999997], [-49.09261049999998, -26.657583099999954], [-49.09249369999998, -26.65761709999998], [-49.09237639999998, -26.657652199999973], [-49.092273199999966, -26.657683899999938], [-49.09216559999993, -26.657718699999975], [-49.09211989999994, -26.657734699999935], [-49.09208799999993, -26.657746799999927], [-49.092053799999974, -26.65776089999997], [-49.09202759999994, -26.65777319999995], [-49.09200509999994, -26.657786099999953], [-49.09198279999998, -26.65780179999996], [-49.09196119999996, -26.65781999999996], [-49.09194789999998, -26.657833299999936], [-49.091935699999965, -26.65784539999993], [-49.09191849999996, -26.65785889999995], [-49.09190199999995, -26.65786799999995], [-49.09188539999997, -26.657874299999946], [-49.09186859999994, -26.657878299999936], [-49.091857499999946, -26.657879799999932], [-49.09184639999995, -26.65788059999994], [-49.09183559999997, -26.657880499999976], [-49.09182529999998, -26.657879599999944], [-49.09181549999994, -26.657877799999937], [-49.09180639999994, -26.657875299999944], [-49.09179369999998, -26.657869799999958], [-49.09178149999997, -26.657861899999943], [-49.09176929999995, -26.657851299999948], [-49.09175639999995, -26.65783669999996], [-49.09174249999995, -26.657816899999943], [-49.091732699999966, -26.65780049999995], [-49.091717399999936, -26.657771899999943], [-49.09170729999994, -26.657750499999963], [-49.09170249999994, -26.657739299999946], [-49.091694099999984, -26.65771639999997], [-49.09168409999995, -26.657682699999953], [-49.09167259999998, -26.657635899999946], [-49.091654999999946, -26.657555199999933], [-49.09164899999996, -26.65753189999998], [-49.091642399999955, -26.657514599999956], [-49.09163369999993, -26.65749999999997], [-49.09162769999995, -26.657492499999933], [-49.09161979999993, -26.657484099999976], [-49.09158869999993, -26.657455899999945], [-49.09154109999997, -26.65741529999997], [-49.09153189999995, -26.65740909999994], [-49.091525599999954, -26.657406699999967], [-49.09151389999994, -26.65740489999996], [-49.091504999999984, -26.65740489999996], [-49.09149599999995, -26.657405899999958], [-49.09148759999994, -26.657407999999975], [-49.091479799999945, -26.657411099999933], [-49.091472599999975, -26.65741509999998], [-49.091443899999945, -26.657433599999933], [-49.091436199999976, -26.65743729999997], [-49.09142809999997, -26.657439799999963], [-49.09141989999995, -26.65744109999997], [-49.091415799999936, -26.65744109999997], [-49.091407999999944, -26.65743999999995], [-49.091400799999974, -26.657437199999947], [-49.09139449999998, -26.65743249999997], [-49.091391699999974, -26.657429299999933], [-49.091386899999975, -26.65742149999994], [-49.091380999999956, -26.657405599999947], [-49.09137649999997, -26.657384599999943], [-49.09136689999997, -26.65732739999993], [-49.09136149999995, -26.657303399999932], [-49.09135699999996, -26.657287999999937], [-49.09134899999998, -26.65726609999996], [-49.09134279999995, -26.657252699999958], [-49.09133609999998, -26.657241099999965], [-49.09132909999994, -26.657231899999942], [-49.09132509999995, -26.657227999999975], [-49.09131409999998, -26.657220999999936], [-49.09130779999998, -26.657217899999978], [-49.091294699999935, -26.657212999999956], [-49.09128279999993, -26.65721009999993], [-49.09127369999993, -26.657209299999977], [-49.091267399999936, -26.65721039999994], [-49.09126319999996, -26.65721309999998], [-49.091260699999964, -26.657216999999946], [-49.09125949999998, -26.657221799999945], [-49.09125929999993, -26.65722729999993], [-49.09126009999994, -26.65723349999996], [-49.09126439999994, -26.65724799999998], [-49.09127589999997, -26.657277999999963], [-49.09127739999997, -26.65728439999998], [-49.09127799999993, -26.657290399999965], [-49.09127659999996, -26.657299099999932], [-49.091272699999934, -26.657307199999934], [-49.09126589999994, -26.65731569999997], [-49.091260699999964, -26.65731919999996], [-49.09125249999994, -26.65732029999998], [-49.09123729999993, -26.65731939999995], [-49.09122209999998, -26.657316999999978], [-49.09121289999996, -26.657314699999972], [-49.09120279999996, -26.657311499999935], [-49.09119169999997, -26.65730709999997], [-49.09117969999994, -26.657301299999972], [-49.091166699999974, -26.65729399999998], [-49.09114249999993, -26.65728009999998], [-49.09112299999998, -26.657270599999947], [-49.09110709999993, -26.65726429999995], [-49.09108719999995, -26.657258999999954], [-49.091075599999954, -26.65725699999996], [-49.091060099999936, -26.65725569999995], [-49.091046699999936, -26.657255599999928], [-49.09101259999994, -26.65725699999996], [-49.09098689999996, -26.657256099999984], [-49.09097719999994, -26.65725489999994], [-49.09096859999994, -26.65725299999997], [-49.09096079999995, -26.65725029999993], [-49.09095359999998, -26.65724659999995], [-49.09094659999994, -26.65724179999995], [-49.090939499999934, -26.657235499999956], [-49.09093229999996, -26.657227099999943], [-49.09092469999996, -26.65721579999996], [-49.090912499999945, -26.65719169999994], [-49.09088699999995, -26.657131899999968], [-49.09088319999995, -26.657124099999976], [-49.09087619999997, -26.65711239999996], [-49.090869699999985, -26.657105099999967], [-49.09086329999997, -26.657100799999967], [-49.09085289999996, -26.65709659999993], [-49.090840199999946, -26.65709259999994], [-49.09081029999993, -26.657085999999936], [-49.090759599999956, -26.657078699999943], [-49.09071259999996, -26.657074299999977], [-49.090682999999956, -26.657073599999933], [-49.09066229999996, -26.657074499999965], [-49.09064059999997, -26.65707649999996], [-49.09055429999995, -26.657087799999942], [-49.090499199999954, -26.65709339999995], [-49.090459099999975, -26.657095099999935], [-49.090422099999955, -26.657093999999972], [-49.09039969999998, -26.65709149999998], [-49.09038919999995, -26.657089799999937], [-49.09037919999997, -26.657087799999942], [-49.09036089999995, -26.657082599999967], [-49.09035229999995, -26.657079599999975], [-49.090336099999945, -26.657072399999947], [-49.09031269999997, -26.65705879999996], [-49.09029709999999, -26.657047999999975], [-49.09028129999996, -26.657035999999948], [-49.09024969999996, -26.65700949999996], [-49.090210199999945, -26.656973499999935], [-49.09015539999996, -26.656920799999966], [-49.090117099999986, -26.65688229999995], [-49.090092599999934, -26.656855999999948], [-49.09006859999994, -26.656826999999964], [-49.09006029999995, -26.656815499999936], [-49.09005469999994, -26.65680599999996], [-49.09005109999998, -26.65679799999998], [-49.09004889999994, -26.656790899999976], [-49.09004599999997, -26.656772799999942], [-49.09004509999994, -26.65675589999995], [-49.09004599999997, -26.65672749999993], [-49.090045799999984, -26.656707299999937], [-49.090043099999946, -26.656658799999946], [-49.09003709999996, -26.65659119999998], [-49.09002899999996, -26.656524599999955], [-49.090022999999974, -26.656491099999982], [-49.090016599999956, -26.656468699999948], [-49.090013099999965, -26.65646069999997], [-49.090009399999985, -26.656454099999962], [-49.09000119999996, -26.656443499999966], [-49.08998599999995, -26.65642809999997], [-49.08996739999998, -26.656410799999946], [-49.089953099999946, -26.656398799999977], [-49.08993739999994, -26.656386899999973], [-49.08991789999993, -26.656374599999936], [-49.089905199999976, -26.656367899999964], [-49.08987099999996, -26.656352699999957], [-49.08982099999997, -26.656333899999936], [-49.089788899999974, -26.656322899999964], [-49.08971539999993, -26.656299099999956], [-49.089639699999964, -26.656276799999944], [-49.08960479999996, -26.656267399999933], [-49.089574099999936, -26.656259899999952], [-49.089548899999954, -26.656254799999942], [-49.089476599999955, -26.65624399999996], [-49.08942549999995, -26.656234599999948], [-49.08941089999996, -26.656231099999957], [-49.08939319999996, -26.65622579999996], [-49.08937819999994, -26.65621989999994], [-49.08936929999993, -26.65621559999994], [-49.08936159999996, -26.65621079999994], [-49.089354999999955, -26.656205499999942], [-49.08934979999998, -26.65619899999996], [-49.08934769999996, -26.65619449999997], [-49.08934489999996, -26.656181299999957], [-49.08934409999995, -26.65617179999998], [-49.08934409999995, -26.656145099999947], [-49.089346399999954, -26.656121999999982], [-49.08934679999993, -26.65610339999995], [-49.08934469999997, -26.656081399999948], [-49.089340499999935, -26.65606409999998], [-49.089333099999976, -26.65604499999995], [-49.08932159999995, -26.656023499999947], [-49.089310299999966, -26.656006499999933], [-49.089296099999956, -26.655989199999965], [-49.08928329999998, -26.655976099999975], [-49.089273799999944, -26.655967499999974], [-49.08924939999997, -26.65594859999993], [-49.089095199999974, -26.655844299999956], [-49.089063599999974, -26.655822399999977], [-49.08904149999995, -26.655806199999972], [-49.08902759999995, -26.655794799999967], [-49.08901909999997, -26.65578629999993], [-49.08901339999994, -26.655778899999973], [-49.08900579999994, -26.65576679999998], [-49.08899669999994, -26.655748199999948], [-49.08899139999994, -26.655732099999966], [-49.088987299999985, -26.655713099999957], [-49.08898279999994, -26.655679799999973], [-49.088981099999955, -26.655655399999944], [-49.08898009999996, -26.655618199999935], [-49.08897019999995, -26.655489599999953], [-49.08896109999995, -26.65545819999994], [-49.08893759999995, -26.65541509999997], [-49.08892019999996, -26.655388999999957], [-49.088896799999986, -26.655362699999955], [-49.08885109999994, -26.655328099999963], [-49.08881329999997, -26.655308399999967], [-49.08873269999998, -26.655276799999967], [-49.088606599999935, -26.65523819999993], [-49.08856739999993, -26.655229299999974], [-49.08852369999994, -26.65522599999997], [-49.08825919999998, -26.65521599999994], [-49.088157199999955, -26.655217799999946], [-49.088081399999965, -26.655222699999968], [-49.08803389999997, -26.655229899999938], [-49.08792219999998, -26.65524389999996], [-49.087788399999965, -26.655266799999936], [-49.087747099999945, -26.655271699999957], [-49.08758439999997, -26.65528459999996], [-49.08741109999994, -26.65529829999997], [-49.08737999999994, -26.65529829999997], [-49.08724539999997, -26.65528329999995], [-49.087206299999934, -26.65527409999993], [-49.087190299999975, -26.655260599999963], [-49.08715859999995, -26.65522999999996], [-49.087140799999986, -26.65520369999996], [-49.08706069999994, -26.65505769999993], [-49.08704019999993, -26.655037299999947], [-49.087017499999945, -26.655024599999933], [-49.08690769999998, -26.654999699999962], [-49.08683049999996, -26.65499509999995], [-49.08675059999996, -26.65499529999994], [-49.08669969999994, -26.65499879999993], [-49.08663759999996, -26.655016299999943], [-49.08651499999996, -26.655052599999976], [-49.08648469999997, -26.655068599999936], [-49.08645229999996, -26.65508509999995], [-49.086409199999935, -26.65509869999994], [-49.08636379999996, -26.655106799999942], [-49.086322999999936, -26.655111699999964], [-49.08628179999994, -26.655111199999965], [-49.08620849999994, -26.655101899999977], [-49.08618519999993, -26.655097099999978], [-49.08599899999996, -26.655028699999946], [-49.085950399999945, -26.655011999999942], [-49.08590629999998, -26.655001899999945], [-49.08586369999995, -26.654994899999963], [-49.085783799999945, -26.65498649999995], [-49.08573599999994, -26.65498539999993], [-49.08570039999995, -26.654985799999963], [-49.085671299999944, -26.654989499999942], [-49.08560639999996, -26.65500049999997], [-49.08556199999998, -26.655009999999947], [-49.08552579999997, -26.655015399999968], [-49.08550139999994, -26.655015999999932], [-49.08544539999997, -26.655008799999962], [-49.085384499999975, -26.654993399999967], [-49.08536069999997, -26.65498619999994], [-49.08532789999998, -26.65497199999993], [-49.08530039999994, -26.654957799999977], [-49.08523789999998, -26.654929599999946], [-49.085187099999985, -26.65489189999994], [-49.085058699999934, -26.654773599999942], [-49.08498599999996, -26.654707599999938], [-49.08495849999997, -26.654691199999945], [-49.08492289999998, -26.654681099999948], [-49.08489009999994, -26.654677499999934], [-49.08485299999995, -26.654675699999927], [-49.084776999999974, -26.654675899999972], [-49.08470479999994, -26.654679399999964], [-49.08464459999993, -26.654685099999938], [-49.08461889999995, -26.65468859999993], [-49.08456849999993, -26.654701399999965], [-49.08435859999997, -26.65477869999995], [-49.084131199999945, -26.654873099999975], [-49.08409329999995, -26.654887499999973], [-49.08405559999994, -26.65489489999993], [-49.084020899999985, -26.65489599999995], [-49.08398109999996, -26.654893899999934], [-49.08394709999993, -26.654888699999958], [-49.08390209999993, -26.65487429999996], [-49.083783799999935, -26.65483299999994], [-49.083653399999946, -26.654778999999962], [-49.08355309999996, -26.654730899999947], [-49.08347949999995, -26.65470149999993], [-49.08346469999998, -26.65469779999995], [-49.083438899999976, -26.654695699999934], [-49.083362799999975, -26.654693299999963], [-49.083342699999946, -26.654692999999952], [-49.08332779999995, -26.654695499999946], [-49.083150899999964, -26.65473129999998], [-49.08311209999994, -26.65473739999993], [-49.08300159999993, -26.654746299999942], [-49.082898099999966, -26.654746199999977], [-49.082831699999986, -26.65474089999998], [-49.08278919999998, -26.65473149999997], [-49.08271689999998, -26.654715799999963], [-49.08257709999998, -26.654691999999955], [-49.08247789999996, -26.65468139999996], [-49.082373899999936, -26.65467089999993], [-49.08233029999997, -26.65466509999993], [-49.08216289999996, -26.654623199999946], [-49.08199739999998, -26.654575999999963], [-49.08193909999994, -26.65456329999995], [-49.08189939999994, -26.654560699999934], [-49.081791599999974, -26.654546899999957], [-49.08172539999998, -26.654535099999976], [-49.08171209999995, -26.654531499999962], [-49.08169959999998, -26.654524899999956], [-49.08164379999994, -26.654500799999937], [-49.08162199999998, -26.654486299999974], [-49.08148169999998, -26.65438949999998], [-49.081355299999984, -26.654300899999953], [-49.081326299999944, -26.654284599999983], [-49.08128499999998, -26.654272299999946], [-49.081254299999955, -26.654267799999957], [-49.081170499999985, -26.65426109999993], [-49.081097399999976, -26.654260799999975], [-49.080803499999945, -26.654259599999932], [-49.08073969999998, -26.65426149999996], [-49.080688099999975, -26.65426489999993], [-49.08063649999997, -26.654273199999977], [-49.080584699999974, -26.654290499999945], [-49.08052159999994, -26.654313799999954], [-49.080483699999945, -26.654335899999978], [-49.080456399999946, -26.65435729999996], [-49.08040649999998, -26.654393399999947], [-49.08036819999995, -26.654419399999938], [-49.08033569999998, -26.65443829999998], [-49.080316299999936, -26.654443899999933], [-49.08029319999997, -26.654443899999933], [-49.08027509999994, -26.65444199999996], [-49.08026229999996, -26.654433299999937], [-49.08024369999998, -26.654415299999982], [-49.08020639999995, -26.654356899999982], [-49.080108199999984, -26.654192099999932], [-49.08008119999994, -26.654140799999936], [-49.08007259999994, -26.65411739999996], [-49.08006839999996, -26.65409699999998], [-49.08006519999998, -26.654065299999957], [-49.08006539999997, -26.654033199999958], [-49.08007189999995, -26.65399969999993], [-49.08007909999998, -26.65397619999993], [-49.08008939999996, -26.65394649999996], [-49.08009959999998, -26.65391219999998], [-49.08010319999994, -26.653895099999943], [-49.08010749999994, -26.653871599999945], [-49.080110099999956, -26.653855799999974], [-49.08011129999994, -26.653841599999964], [-49.080110099999956, -26.653799999999933], [-49.080105999999944, -26.653771199999937], [-49.080096399999945, -26.65374029999998], [-49.08007479999998, -26.653707099999963], [-49.080055899999934, -26.653688299999942], [-49.08002329999994, -26.65365939999998], [-49.08001759999996, -26.65364539999996], [-49.07999419999993, -26.653593499999943], [-49.07997789999996, -26.653566199999943], [-49.07994929999995, -26.65353779999998], [-49.07991789999994, -26.65351819999995], [-49.07987689999993, -26.65350109999997], [-49.07980659999998, -26.653477599999974], [-49.07974999999993, -26.65346139999997], [-49.079718199999945, -26.653455099999974], [-49.079688499999975, -26.65345209999998], [-49.07963139999998, -26.653448099999935], [-49.079592899999966, -26.65344879999998], [-49.07954129999996, -26.653455299999962], [-49.07947319999994, -26.653468699999962], [-49.07942799999995, -26.65348309999996], [-49.07938539999998, -26.653503899999976], [-49.079321999999934, -26.65354739999998], [-49.07929169999994, -26.653571299999953], [-49.079263099999935, -26.653592799999956], [-49.07925529999994, -26.65360039999996], [-49.07924889999998, -26.653607499999964], [-49.07924239999994, -26.65361539999998], [-49.07922619999994, -26.653635599999973], [-49.07922219999995, -26.653642099999956], [-49.07920949999993, -26.653665199999978], [-49.07920489999998, -26.653677999999957], [-49.07920119999994, -26.653691599999945], [-49.079199899999935, -26.653701199999944], [-49.079200699999944, -26.653711399999963], [-49.079202899999984, -26.65372009999993], [-49.07920709999996, -26.653732099999957], [-49.07921219999997, -26.65374049999997], [-49.07921849999997, -26.653746399999932], [-49.079242799999975, -26.653768499999956], [-49.07926329999998, -26.65378529999998], [-49.07927259999997, -26.653793099999973], [-49.07927639999997, -26.653797999999938], [-49.07928529999998, -26.65381179999997], [-49.079288099999985, -26.653821499999935], [-49.07928869999995, -26.65382939999995], [-49.079286699999955, -26.653845599999954], [-49.079283799999985, -26.653854799999976], [-49.07927929999994, -26.653863299999955], [-49.07926859999998, -26.653876899999943], [-49.079226999999946, -26.653907699999934], [-49.07908569999995, -26.65397319999994], [-49.07905779999993, -26.653983599999947], [-49.07903429999993, -26.65398829999998], [-49.07896899999997, -26.654001799999946], [-49.07884269999994, -26.65402359999996], [-49.078821699999935, -26.65402869999997], [-49.07878279999994, -26.654038799999967], [-49.078737099999955, -26.654053499999975], [-49.07870359999998, -26.654065899999978], [-49.078677899999946, -26.65408069999995], [-49.07865469999996, -26.654097199999967], [-49.07863089999995, -26.654116399999964], [-49.07861819999994, -26.654132199999935], [-49.07858289999996, -26.65418189999997], [-49.07856829999997, -26.65420039999998], [-49.07854929999996, -26.654218499999956], [-49.078529199999934, -26.654228399999965], [-49.07849489999995, -26.65423919999995], [-49.07845789999993, -26.654248799999948], [-49.07840989999994, -26.654256999999973], [-49.078336099999945, -26.654268799999954], [-49.07829309999994, -26.65427889999995], [-49.07826679999994, -26.654289799999958], [-49.07825529999997, -26.65430189999995], [-49.07824489999996, -26.65432199999998], [-49.07823629999996, -26.654357199999936], [-49.07822319999997, -26.65440579999995], [-49.078213699999935, -26.654421599999978], [-49.07819729999994, -26.65443659999994], [-49.07817239999997, -26.654444199999944], [-49.07813999999996, -26.654440799999975], [-49.07811949999996, -26.65443419999997], [-49.07806689999995, -26.654416899999944], [-49.07804479999999, -26.654413999999974], [-49.078019799999936, -26.654412899999954], [-49.07800499999996, -26.654412699999966], [-49.07798589999993, -26.654412199999967], [-49.07797549999998, -26.65441329999993], [-49.07795549999997, -26.65441869999995], [-49.077898699999935, -26.654437499999972], [-49.07786569999996, -26.65445129999995], [-49.07783089999998, -26.654466299999967], [-49.077799099999936, -26.65447039999998], [-49.07777579999998, -26.654464099999927], [-49.07776639999997, -26.654457399999956], [-49.07772749999998, -26.65441979999997], [-49.077701299999944, -26.65438439999997], [-49.07765879999994, -26.65432069999997], [-49.077633599999956, -26.654294299999947], [-49.07762139999994, -26.654288699999938], [-49.07758639999997, -26.654285699999946], [-49.07756519999998, -26.654285399999935], [-49.077533899999935, -26.654289999999946], [-49.077499999999986, -26.654306599999927], [-49.07748799999996, -26.654323999999974], [-49.07747699999993, -26.654352899999935], [-49.07742829999995, -26.654463799999974], [-49.07740199999995, -26.65449559999996], [-49.077372999999966, -26.654518399999972], [-49.077322299999935, -26.654548399999953], [-49.07727749999998, -26.654562899999974], [-49.07723359999994, -26.654569299999935], [-49.077148499999964, -26.65457729999997], [-49.07708789999998, -26.65457399999997], [-49.07704869999998, -26.65456469999998], [-49.07692039999995, -26.654521099999954], [-49.07678279999993, -26.654479099999946], [-49.07674859999997, -26.654471299999955], [-49.07658719999995, -26.654449099999965], [-49.07653579999993, -26.654446399999983], [-49.07648329999995, -26.65444519999994], [-49.07645169999995, -26.65444619999994], [-49.07636709999997, -26.654457499999978], [-49.076312299999984, -26.65445829999993], [-49.076237599999956, -26.654457299999933], [-49.07601599999998, -26.654462199999955], [-49.075879499999985, -26.65446929999996], [-49.075851299999954, -26.654468399999928], [-49.075831999999934, -26.65446469999995], [-49.075725999999975, -26.65444089999994], [-49.07564679999996, -26.654410499999983], [-49.07555159999998, -26.654366299999936], [-49.075463999999954, -26.65433429999996], [-49.075278699999956, -26.654264699999942], [-49.07515579999995, -26.654229999999927], [-49.07505569999995, -26.65420899999998], [-49.07493969999996, -26.65419129999998], [-49.07467559999998, -26.65415349999995], [-49.074494899999934, -26.65413369999993], [-49.07427339999998, -26.65411249999994], [-49.07400119999994, -26.654087299999958], [-49.07375549999995, -26.654059399999937], [-49.07357239999993, -26.654026199999976], [-49.07348699999994, -26.654016299999967], [-49.07344919999997, -26.65401369999995], [-49.07343109999994, -26.654010399999947], [-49.07338999999996, -26.653998199999933], [-49.073289099999954, -26.65395469999993], [-49.07313239999996, -26.65385729999997], [-49.073089799999934, -26.653823899999963], [-49.073076699999945, -26.65380179999994], [-49.07306429999994, -26.65377019999994], [-49.07305969999993, -26.65375389999997], [-49.07305519999994, -26.653737599999943], [-49.073036599999966, -26.653618199999983], [-49.073009499999955, -26.65337219999998], [-49.07298229999998, -26.65321259999996], [-49.07296139999994, -26.653124599999956], [-49.072946299999955, -26.653061699999967], [-49.072937499999966, -26.652974899999947], [-49.072929399999964, -26.65282389999993], [-49.07292819999998, -26.65271299999995], [-49.072932099999946, -26.652661499999965], [-49.07297539999996, -26.65247119999998], [-49.07300079999993, -26.65240129999995], [-49.07309499999997, -26.652192199999945], [-49.07313289999996, -26.652128999999945], [-49.07317219999993, -26.652072399999952], [-49.07322339999996, -26.65201209999998], [-49.073281899999984, -26.651969099999974], [-49.07338469999996, -26.65188859999995], [-49.073443199999986, -26.651848599999937], [-49.07349289999996, -26.651833499999952], [-49.07357319999994, -26.65181819999998], [-49.07363419999996, -26.651818399999968], [-49.073941299999944, -26.651841499999932], [-49.074071699999934, -26.651848799999982], [-49.074132599999984, -26.651845899999955], [-49.07416989999996, -26.651834399999927], [-49.07419429999993, -26.65179949999998], [-49.07419379999993, -26.651777599999946], [-49.07418679999995, -26.651747799999953], [-49.07415949999995, -26.651703699999928], [-49.074123499999985, -26.651665899999955], [-49.07401409999994, -26.65155539999995], [-49.073988499999984, -26.651522599999964], [-49.07397389999994, -26.651480899999967], [-49.07396789999996, -26.65145199999995], [-49.073964899999964, -26.651386699999932], [-49.07397549999996, -26.651353899999947], [-49.07402529999996, -26.651217499999973], [-49.07409569999993, -26.651031399999965], [-49.074104999999975, -26.651004499999942], [-49.07411709999997, -26.650959799999953], [-49.074120799999946, -26.650917299999946], [-49.07411969999998, -26.650854799999934], [-49.07410779999998, -26.650814099999934], [-49.074071799999956, -26.65074649999997], [-49.07397199999997, -26.65063079999993], [-49.073900099999946, -26.65056679999998], [-49.07387649999998, -26.650540999999976], [-49.07386329999997, -26.650521199999957], [-49.07385409999995, -26.650503799999967], [-49.07384769999993, -26.65049019999998], [-49.07383129999994, -26.650441399999977], [-49.07381669999995, -26.650371699999937], [-49.073807199999976, -26.650256599999977], [-49.07381149999998, -26.65017679999994], [-49.07382069999994, -26.650089899999955], [-49.073845699999936, -26.649952499999984], [-49.07387669999997, -26.649851299999966], [-49.07392569999996, -26.64972769999997], [-49.07399469999996, -26.649576399999944], [-49.07400869999998, -26.649539699999934], [-49.07401029999994, -26.64952649999998], [-49.07400719999998, -26.649486999999965], [-49.07399259999994, -26.649432099999956], [-49.073972599999934, -26.649391699999967], [-49.07392129999994, -26.64933389999993], [-49.073860399999944, -26.64927689999996], [-49.07361619999995, -26.649062199999946], [-49.07348919999998, -26.648963899999956], [-49.07342319999998, -26.648923099999934], [-49.073338099999944, -26.648877099999936], [-49.073234499999955, -26.64883139999995], [-49.07319019999994, -26.64881209999993], [-49.073150199999986, -26.64880409999995], [-49.073108099999956, -26.64880169999998], [-49.07303499999995, -26.648802899999964], [-49.073015399999974, -26.648805799999934], [-49.07294079999997, -26.648834199999953], [-49.07290889999996, -26.648851099999945], [-49.072883299999944, -26.648868599999957], [-49.07286829999998, -26.648886499999946], [-49.072793899999965, -26.648968699999955], [-49.07278219999995, -26.648978599999964], [-49.07276879999995, -26.64898779999993], [-49.07274609999996, -26.648997599999973], [-49.07272279999995, -26.649000199999932], [-49.072695899999985, -26.649000199999932], [-49.072671999999955, -26.64899479999997], [-49.072654899999975, -26.64898519999997], [-49.07264189999995, -26.648971699999947], [-49.072631299999955, -26.64895279999996], [-49.07262289999994, -26.64892939999993], [-49.07261909999994, -26.64891229999995], [-49.07261189999997, -26.64885819999995], [-49.07260299999996, -26.648805399999958], [-49.07259609999994, -26.64878249999998], [-49.07258589999998, -26.64875939999996], [-49.07257359999994, -26.648743599999932], [-49.072562699999935, -26.648731099999964], [-49.07255219999996, -26.648722499999963], [-49.07250259999995, -26.648689899999965], [-49.07238989999996, -26.648616799999957], [-49.072357899999986, -26.648591499999952], [-49.072330499999964, -26.64857079999996], [-49.072294099999965, -26.648536599999943], [-49.07226129999998, -26.64851569999996], [-49.07224499999995, -26.648507499999937], [-49.07221969999995, -26.648502099999973], [-49.07219519999995, -26.648499999999956], [-49.072166799999934, -26.648500399999932], [-49.07213299999995, -26.64850329999996], [-49.07211569999998, -26.648506699999928], [-49.072100999999975, -26.64851109999995], [-49.07207059999996, -26.648523599999976], [-49.07202509999996, -26.64854189999994], [-49.072010199999966, -26.648545799999965], [-49.07198969999996, -26.64854699999995], [-49.071978899999976, -26.648546799999963], [-49.07194819999995, -26.648539599999935], [-49.07189469999997, -26.648509799999943], [-49.07186409999997, -26.64849399999997], [-49.071830999999975, -26.64849019999997], [-49.07181639999993, -26.64848969999997], [-49.071798299999955, -26.648489499999982], [-49.071777199999985, -26.648493299999927], [-49.071698399999946, -26.648511999999982], [-49.071673299999986, -26.648514399999954], [-49.07164199999994, -26.648514699999964], [-49.07161549999995, -26.648509299999944], [-49.07155579999994, -26.64846769999997], [-49.071532099999956, -26.648445799999934], [-49.07147679999997, -26.64839109999997], [-49.07143739999998, -26.648359699999958], [-49.07138859999998, -26.648329799999942], [-49.07131999999996, -26.64830109999997], [-49.07123939999997, -26.648276099999975], [-49.07115369999997, -26.648263399999962], [-49.071045399999946, -26.64825579999996], [-49.07087789999997, -26.648247499999968], [-49.07065959999994, -26.648225999999966], [-49.07056629999994, -26.64821379999995], [-49.070444399999985, -26.648174599999948], [-49.07008709999997, -26.648062299999935], [-49.07000999999997, -26.648036699999977], [-49.06997809999996, -26.648021399999948], [-49.06994469999995, -26.64799499999998], [-49.06990099999996, -26.647970099999952], [-49.069865499999935, -26.647958099999983], [-49.06982169999998, -26.647952999999973], [-49.06979689999997, -26.647954699999957], [-49.06975969999996, -26.647960699999942], [-49.069722799999965, -26.647977899999944], [-49.06969589999994, -26.64799849999997], [-49.069674599999985, -26.648025599999983], [-49.06965629999996, -26.64805279999996], [-49.06964819999996, -26.648083799999938], [-49.06963939999997, -26.648161399999935], [-49.06963849999994, -26.64821749999993], [-49.06964169999998, -26.64833529999993], [-49.069654499999956, -26.648450399999945], [-49.06966989999995, -26.64851349999998], [-49.069692499999974, -26.648554799999943], [-49.06971779999998, -26.648591099999976], [-49.069740699999954, -26.648615099999972], [-49.06976989999998, -26.648638799999958], [-49.06980059999995, -26.648653899999942], [-49.069825899999955, -26.648659899999927], [-49.069897399999945, -26.648670899999956], [-49.06994069999996, -26.648677799999973], [-49.069964099999936, -26.64868249999995], [-49.06998689999995, -26.648695799999928], [-49.06999479999996, -26.64870559999997], [-49.07000309999995, -26.64872079999998], [-49.07000839999995, -26.648739099999943], [-49.07000819999996, -26.648752299999956], [-49.07000139999997, -26.648778599999957], [-49.069984699999964, -26.64880949999997], [-49.069946899999934, -26.64889679999993], [-49.06993589999996, -26.64893369999993], [-49.069930699999986, -26.648980999999935], [-49.06992429999997, -26.649011799999982], [-49.06991119999998, -26.649054699999965], [-49.06983139999994, -26.649231199999974], [-49.06980549999997, -26.649271299999953], [-49.069764099999986, -26.649364099999957], [-49.069740999999965, -26.649413899999956], [-49.069726199999934, -26.64945799999998], [-49.069721699999945, -26.649495899999977], [-49.06972579999996, -26.649579099999983], [-49.06974309999998, -26.649664599999937], [-49.06975339999997, -26.64970409999995], [-49.06982569999997, -26.649865899999952], [-49.06986809999995, -26.64997829999993], [-49.06986929999994, -26.65000809999998], [-49.06986959999995, -26.650042499999984], [-49.06986669999998, -26.650062899999966], [-49.069861999999944, -26.650082399999974], [-49.069856399999935, -26.650103499999943], [-49.06985279999998, -26.65011279999993], [-49.069845499999985, -26.65013229999994], [-49.06982469999997, -26.650172899999973], [-49.06981049999996, -26.650193999999942], [-49.06977399999994, -26.65023089999994], [-49.06974079999998, -26.65024999999997], [-49.06971149999998, -26.650260199999934], [-49.06968809999995, -26.650261099999966], [-49.06962199999998, -26.65025289999994], [-49.06954549999995, -26.650242799999944], [-49.06949139999995, -26.650241999999935], [-49.06946599999998, -26.650242899999967], [-49.069442899999956, -26.650248099999942], [-49.069398199999966, -26.650265099999956], [-49.06936979999995, -26.650281699999937], [-49.06936609999997, -26.650284399999975], [-49.06934009999998, -26.65031309999995], [-49.069331499999976, -26.65032539999993], [-49.069326899999965, -26.650333299999943], [-49.069322399999976, -26.650341699999956], [-49.06932049999995, -26.650351399999977], [-49.06932219999993, -26.650373099999968], [-49.06935159999995, -26.65044199999994], [-49.06938949999994, -26.65050619999994], [-49.06942209999994, -26.650562399999956], [-49.06942729999997, -26.650583299999937], [-49.06944029999994, -26.650650199999973], [-49.069439699999975, -26.650683899999933], [-49.069438599999955, -26.650708399999928], [-49.06943259999997, -26.650740199999973], [-49.06941219999993, -26.65077789999998], [-49.06939399999993, -26.650805899999966], [-49.06936879999995, -26.65084109999998], [-49.06934169999994, -26.65086649999995], [-49.06927149999996, -26.650901099999942], [-49.06921269999998, -26.65092549999997], [-49.06913739999993, -26.650945199999967], [-49.06909899999994, -26.650950699999953], [-49.06907359999997, -26.650954699999943], [-49.069042399999944, -26.650959899999975], [-49.06902069999995, -26.65096509999995], [-49.069003399999986, -26.65097049999997], [-49.068978899999934, -26.650977499999954], [-49.06896059999997, -26.65098279999995], [-49.06891839999997, -26.651007299999947], [-49.06889819999998, -26.651017399999944], [-49.068849299999954, -26.651044599999977], [-49.068795199999954, -26.651076099999955], [-49.068769799999984, -26.651093899999978], [-49.06870909999998, -26.65114609999995], [-49.068647699999985, -26.65120849999994], [-49.06863299999998, -26.65122679999996], [-49.06862799999993, -26.651239999999973], [-49.068624399999976, -26.651255499999934], [-49.06862539999997, -26.651305599999944], [-49.06862739999997, -26.65132879999993], [-49.068628099999955, -26.651342599999964], [-49.06863409999994, -26.651357299999972], [-49.06864249999995, -26.651371599999948], [-49.06866089999994, -26.65138859999996], [-49.06866649999995, -26.651395599999944], [-49.06867809999994, -26.651405099999977], [-49.06870859999998, -26.651414299999942], [-49.06874749999997, -26.65141929999993], [-49.06878919999997, -26.65142179999998], [-49.06885429999994, -26.651427299999966], [-49.06891069999995, -26.65143749999993], [-49.068956399999934, -26.651452199999937], [-49.06898729999995, -26.65146809999993], [-49.06901519999997, -26.651495599999976], [-49.06903809999994, -26.651517199999944], [-49.06905909999995, -26.65154549999994], [-49.069082899999955, -26.651584999999955], [-49.06908989999994, -26.651606199999947], [-49.069097599999964, -26.65164479999993], [-49.069101699999976, -26.651713899999947], [-49.06910119999998, -26.65177019999993], [-49.069097899999974, -26.651865099999952], [-49.06908949999996, -26.651946099999975], [-49.06907899999993, -26.65201019999995], [-49.069062299999985, -26.652093499999978], [-49.06905349999994, -26.65213019999993], [-49.06904959999997, -26.652151299999957], [-49.06904979999996, -26.652172899999982], [-49.06905349999994, -26.65219869999993], [-49.069065999999964, -26.652225199999975], [-49.06910899999997, -26.652308999999946], [-49.06913359999999, -26.652368199999955], [-49.06914829999994, -26.652417999999955], [-49.06918059999998, -26.65255209999998], [-49.069191599999954, -26.652611499999978], [-49.06919689999995, -26.652685799999972], [-49.06920149999996, -26.652849699999933], [-49.06919869999996, -26.65288069999997], [-49.06919409999995, -26.65290299999998], [-49.06918749999994, -26.65292299999993], [-49.06912449999993, -26.653007199999934], [-49.06902669999994, -26.653136699999948], [-49.06894639999996, -26.65321369999998], [-49.068898299999944, -26.65325379999996], [-49.068812899999955, -26.653322999999943], [-49.068735799999956, -26.65338339999994], [-49.068580199999985, -26.65350849999993], [-49.068474599999945, -26.65358649999996], [-49.06844139999998, -26.65360839999994], [-49.06840699999998, -26.65362719999996], [-49.06838989999994, -26.653636399999982], [-49.06835619999998, -26.65364909999994], [-49.06833089999998, -26.653650999999968], [-49.06830169999995, -26.653652799999975], [-49.06825879999997, -26.653647499999977], [-49.06820559999994, -26.65364189999997], [-49.06818279999993, -26.653641599999958], [-49.068161799999984, -26.653641299999947], [-49.068137099999944, -26.653643399999964], [-49.06812979999995, -26.653645799999936], [-49.06807299999997, -26.653671999999972], [-49.067926599999964, -26.653741599999933], [-49.06787989999998, -26.653764799999976], [-49.06784749999997, -26.65377209999997], [-49.06781259999997, -26.653778599999953], [-49.06772829999994, -26.65378789999994], [-49.06767699999995, -26.653792599999974], [-49.06764899999996, -26.65379299999995], [-49.06762969999994, -26.653791999999953], [-49.067591799999946, -26.65378099999998], [-49.067548099999954, -26.653769199999942], [-49.06750649999998, -26.65376059999994], [-49.06745739999997, -26.653759099999945], [-49.06740619999994, -26.653759599999944], [-49.06737499999997, -26.65376109999994], [-49.06734979999993, -26.653760199999965], [-49.06731289999993, -26.653750299999956], [-49.06728709999993, -26.65373939999995], [-49.06726349999997, -26.653724199999942], [-49.067237199999965, -26.653706899999975], [-49.067221899999936, -26.65369119999997], [-49.067214699999965, -26.653674799999976], [-49.067210099999954, -26.65365259999993], [-49.06721229999994, -26.653638399999977], [-49.06722709999997, -26.65360439999995], [-49.067233499999986, -26.65358269999996], [-49.06723959999994, -26.653539399999943], [-49.067236899999955, -26.653508099999954], [-49.067227799999955, -26.653485199999977], [-49.067213599999945, -26.653469299999983], [-49.067191099999945, -26.653453199999944], [-49.06716929999993, -26.65344659999994], [-49.06713909999996, -26.653445399999953], [-49.06711759999996, -26.653445099999942], [-49.06707789999996, -26.653449299999977], [-49.06703699999997, -26.653458899999976], [-49.067003099999965, -26.653471199999956], [-49.066975999999954, -26.653485199999977], [-49.06694699999997, -26.653503599999965], [-49.066921899999954, -26.653529099999957], [-49.06691039999998, -26.65354569999994], [-49.066902099999936, -26.653565499999957], [-49.06689049999994, -26.65360979999997], [-49.06688189999994, -26.653668799999934], [-49.06687469999997, -26.653693199999964], [-49.06685609999994, -26.653720799999974], [-49.06682609999996, -26.65375229999995], [-49.06679379999997, -26.65377979999994], [-49.06675329999996, -26.65380639999995], [-49.066467399999965, -26.65399979999995], [-49.066429599999935, -26.65401719999994], [-49.06636059999994, -26.65404949999993], [-49.06633769999996, -26.654060999999956], [-49.06630519999993, -26.654080499999964], [-49.066259799999955, -26.65410879999996], [-49.06620429999998, -26.65414789999994], [-49.066178599999944, -26.654169299999978], [-49.066143899999986, -26.654200699999933], [-49.06605889999997, -26.65428799999995], [-49.066044499999975, -26.65429919999997], [-49.06586079999994, -26.65439129999993], [-49.065805799999964, -26.654421999999954], [-49.065693599999975, -26.654480899999953], [-49.06566649999996, -26.654495999999938], [-49.06559329999993, -26.65452259999995], [-49.065554299999974, -26.654528399999947], [-49.06551669999993, -26.654528899999946], [-49.06546959999997, -26.65452829999998], [-49.06521969999994, -26.65447729999994], [-49.06508349999996, -26.654462899999942], [-49.06502009999997, -26.65445939999995], [-49.06498839999995, -26.654462299999977], [-49.064978199999985, -26.65446399999996], [-49.064932099999965, -26.654478799999936], [-49.06487499999997, -26.65449149999995], [-49.06485459999993, -26.65449159999997], [-49.06482779999993, -26.65449119999994], [-49.06480229999994, -26.654485399999942], [-49.06467739999994, -26.654434699999968], [-49.064625999999976, -26.654414799999984], [-49.06458709999998, -26.654410999999982], [-49.064558999999974, -26.65441069999997], [-49.064540499999964, -26.65441039999996], [-49.064513799999986, -26.654412299999933], [-49.06449539999994, -26.654413899999952], [-49.06447629999997, -26.654417799999976], [-49.064438199999984, -26.654420999999957], [-49.064408499999956, -26.654420999999957], [-49.06438439999994, -26.65441889999994], [-49.06435419999997, -26.654418499999963], [-49.06430979999993, -26.654402199999936], [-49.064236499999936, -26.654372199999955], [-49.06417049999993, -26.65432969999995], [-49.064131499999974, -26.65430159999994], [-49.064095399999985, -26.654248999999936], [-49.064082499999984, -26.654221199999938], [-49.06406089999996, -26.654168399999946], [-49.06402699999995, -26.65411919999997], [-49.06401129999995, -26.654099499999973], [-49.06397259999994, -26.65406829999995], [-49.06394369999998, -26.654047999999932], [-49.06391729999996, -26.654038899999932], [-49.06388409999994, -26.654038699999944], [-49.063868699999944, -26.654039999999952], [-49.063846499999954, -26.654045699999983], [-49.06382659999997, -26.654052399999955], [-49.06380799999994, -26.65405819999995], [-49.06378799999993, -26.654064499999947], [-49.06376889999996, -26.654068199999983], [-49.06375239999994, -26.65406969999998], [-49.06374069999998, -26.654069599999957], [-49.063728699999956, -26.65406839999997], [-49.063714499999946, -26.654064199999937], [-49.06369589999997, -26.654053399999952], [-49.063679099999945, -26.65403809999998], [-49.063667899999984, -26.654021599999965], [-49.063657699999965, -26.653996999999947], [-49.06365539999996, -26.65396839999994], [-49.063652899999965, -26.653931399999976], [-49.06364929999995, -26.653915799999936], [-49.06363079999994, -26.653865099999962], [-49.06362269999994, -26.653850399999953], [-49.06359319999996, -26.653813399999933], [-49.06357299999996, -26.65379349999995], [-49.063556999999946, -26.653782699999965], [-49.063527599999986, -26.653772799999956], [-49.063471799999945, -26.653761799999984], [-49.06343949999996, -26.65375439999997], [-49.06340629999994, -26.653742199999954], [-49.063379399999974, -26.653728199999932], [-49.06335699999994, -26.653716799999984], [-49.06330099999997, -26.65369329999993], [-49.06327299999998, -26.65368719999998], [-49.06324379999995, -26.653681399999982], [-49.06317789999997, -26.653670199999965], [-49.063086399999975, -26.653654899999935], [-49.063043799999946, -26.65365019999996], [-49.062960499999974, -26.653643599999953], [-49.06289559999993, -26.653641999999934], [-49.06280309999994, -26.653640499999938], [-49.06276339999994, -26.653637299999957], [-49.06265929999995, -26.653628399999945], [-49.06262979999997, -26.65362529999993], [-49.062607699999944, -26.65362149999993], [-49.06258569999994, -26.653614199999936], [-49.062500099999966, -26.653584499999965], [-49.06247559999997, -26.653572899999972], [-49.06238689999998, -26.653525899999977], [-49.062356799999975, -26.653512199999966], [-49.06234569999998, -26.65350799999993], [-49.06233249999997, -26.653504699999928], [-49.06231679999996, -26.653502499999945], [-49.06229489999998, -26.653500399999928], [-49.06226809999998, -26.653499499999953], [-49.06225509999996, -26.65350019999994], [-49.062240799999984, -26.653501799999958], [-49.06213669999994, -26.65351949999996], [-49.06209549999994, -26.653525999999943], [-49.06200689999997, -26.653538199999957], [-49.06187349999993, -26.653555599999947], [-49.06183109999995, -26.653562499999964], [-49.06179179999998, -26.65356749999995], [-49.061729799999966, -26.65357359999996], [-49.06161249999997, -26.653583599999934], [-49.061580799999945, -26.65358539999994], [-49.06155159999997, -26.65358559999993], [-49.061510699999985, -26.653583899999944], [-49.061468599999955, -26.653579399999956], [-49.061432399999944, -26.653573299999948], [-49.06141409999998, -26.65356879999996], [-49.06139809999996, -26.653564099999983], [-49.06137789999997, -26.653556999999978], [-49.061351599999966, -26.653545899999983], [-49.06131819999996, -26.653530199999977], [-49.06124739999996, -26.65349539999994], [-49.06120969999995, -26.65347799999995], [-49.06118169999996, -26.653466899999955], [-49.06116599999996, -26.653462399999967], [-49.06115159999996, -26.653460199999984], [-49.06113559999994, -26.653459399999974], [-49.06111169999997, -26.65345999999994], [-49.06109369999996, -26.653461799999945], [-49.06107639999993, -26.65346509999995], [-49.061064999999985, -26.653468199999963], [-49.06104739999995, -26.653474399999936], [-49.06102969999995, -26.653482199999928], [-49.061013299999956, -26.65349089999995], [-49.061003899999946, -26.653496899999936], [-49.060996099999954, -26.653502999999944], [-49.060986499999956, -26.65351229999993], [-49.06097879999993, -26.653522099999975], [-49.06097239999997, -26.65353269999997], [-49.06096739999998, -26.65354389999993], [-49.060963699999945, -26.65355569999997], [-49.060959999999966, -26.65357759999995], [-49.06095829999998, -26.65360339999995], [-49.06095689999995, -26.653671999999972], [-49.06095659999994, -26.65376509999993], [-49.06095579999993, -26.653790399999934], [-49.06095419999997, -26.65381309999998], [-49.06095049999993, -26.653836399999932], [-49.06094209999998, -26.65386909999995], [-49.06093459999994, -26.653893299999936], [-49.06092629999995, -26.65391429999994], [-49.06085099999996, -26.65408069999995], [-49.06083959999995, -26.654099499999973], [-49.060802199999955, -26.65415319999994], [-49.060792799999945, -26.654169399999944], [-49.060783399999934, -26.654187999999976], [-49.06076489999998, -26.65423009999995], [-49.060721299999955, -26.654341199999976], [-49.060695899999985, -26.654399499999954], [-49.06068449999998, -26.65442299999995], [-49.06067879999995, -26.65443199999993], [-49.06066999999996, -26.65444309999998], [-49.060658599999954, -26.65445459999995], [-49.06064559999993, -26.65446579999997], [-49.06063229999995, -26.65447469999998], [-49.060620599999936, -26.654480899999953], [-49.060609599999964, -26.65448509999993], [-49.06060019999995, -26.65448619999995], [-49.06059689999995, -26.654485999999963], [-49.06059349999998, -26.654485699999952], [-49.06058839999997, -26.654484699999955], [-49.06057589999995, -26.654480199999966], [-49.06056419999993, -26.654473999999936], [-49.06054979999993, -26.65446449999996], [-49.06053269999995, -26.65445139999997], [-49.06049669999993, -26.654422199999942], [-49.06047419999993, -26.65440499999994], [-49.060399099999984, -26.654352699999947], [-49.06036539999997, -26.65432809999993], [-49.060315199999934, -26.65428909999997], [-49.060275099999956, -26.65425659999994], [-49.060245399999985, -26.654230299999938], [-49.06018969999997, -26.654173499999956], [-49.06016189999997, -26.65414759999993], [-49.06014129999994, -26.654130899999927], [-49.06008449999996, -26.654087999999945], [-49.06005299999998, -26.654062799999963], [-49.05993149999995, -26.653959099999952], [-49.05987219999997, -26.65391139999997], [-49.059857799999975, -26.653898999999967], [-49.05984369999993, -26.65388409999997], [-49.05982869999997, -26.653864899999974], [-49.05981379999997, -26.65384259999996], [-49.05978929999998, -26.653802799999937], [-49.05977939999997, -26.653788499999962], [-49.05976869999995, -26.65377579999995], [-49.05975629999995, -26.653763599999934], [-49.05973599999993, -26.653746799999965], [-49.05971139999997, -26.653728599999965], [-49.05967549999997, -26.653703399999984], [-49.05963579999997, -26.653676899999937], [-49.05960419999997, -26.653657299999963], [-49.05958949999996, -26.653648799999928], [-49.05957529999995, -26.653641599999958], [-49.05955329999995, -26.653632899999934], [-49.059536899999955, -26.653628399999945], [-49.059527799999955, -26.65362659999994], [-49.05949819999995, -26.653622199999973], [-49.05946749999998, -26.653619399999968], [-49.059365199999945, -26.653613999999948], [-49.059339299999976, -26.653611699999942], [-49.05931859999998, -26.65360789999994], [-49.05928209999996, -26.653596299999947], [-49.05926999999997, -26.653593499999943], [-49.05926169999998, -26.65359239999998], [-49.059253299999966, -26.653592199999935], [-49.059245199999964, -26.65359289999998], [-49.05923729999995, -26.65359479999995], [-49.059229399999936, -26.653598099999954], [-49.05922129999993, -26.653602999999976], [-49.05921269999993, -26.653609699999947], [-49.059203399999944, -26.65361829999995], [-49.05918769999994, -26.653635099999974], [-49.05916929999995, -26.653657299999963], [-49.05915539999995, -26.653675299999975], [-49.05912379999995, -26.653719499999966], [-49.059097099999974, -26.65376029999993], [-49.05906849999997, -26.65380749999997], [-49.05903919999997, -26.653859999999952], [-49.05901039999998, -26.653916799999934], [-49.058982399999934, -26.65397539999998], [-49.05889179999997, -26.654168999999968], [-49.05887899999993, -26.65419739999993], [-49.058871299999964, -26.65421639999994], [-49.05886319999996, -26.654238299999975], [-49.058849599999974, -26.65427859999994], [-49.05878699999994, -26.654477499999928], [-49.05876459999996, -26.65454589999996], [-49.05875519999995, -26.654572299999984], [-49.05874819999997, -26.65459009999995], [-49.05874419999998, -26.654598499999963], [-49.05873839999998, -26.65460779999995], [-49.05872899999997, -26.654618099999936], [-49.058716199999935, -26.654628499999944], [-49.05863969999996, -26.654679099999953], [-49.05859549999997, -26.65471059999993], [-49.05858669999998, -26.654715499999952], [-49.05857559999998, -26.65472019999993], [-49.058523399999956, -26.65473869999994], [-49.05850809999998, -26.65474519999998], [-49.058497699999975, -26.654751199999964], [-49.05848969999994, -26.65475669999995], [-49.058463899999936, -26.654776599999934], [-49.05843669999996, -26.654799099999934], [-49.05840859999995, -26.654823999999962], [-49.058371199999954, -26.65485929999994], [-49.05833359999997, -26.65489619999994], [-49.05827599999998, -26.654956599999934], [-49.05822839999996, -26.655005199999948], [-49.05821189999995, -26.65502559999993], [-49.058200399999976, -26.655043899999953], [-49.05819279999997, -26.655058999999937], [-49.05818579999993, -26.655075199999942], [-49.05817939999997, -26.655092499999967], [-49.05817319999994, -26.655112299999928], [-49.058160199999975, -26.65516379999997], [-49.058154299999956, -26.655191999999943], [-49.058149999999955, -26.655217499999935], [-49.05814799999996, -26.655240599999956], [-49.058148899999935, -26.655263399999967], [-49.05815299999995, -26.655287699999974], [-49.05816219999997, -26.655329999999935], [-49.05816619999996, -26.655355199999974], [-49.05816919999995, -26.655386999999962], [-49.05816979999997, -26.655422399999964], [-49.05816839999994, -26.65544159999996], [-49.058166599999936, -26.65545359999993], [-49.05816399999998, -26.655465299999946], [-49.05816069999997, -26.65547659999993], [-49.05815649999994, -26.65548769999998], [-49.058151599999974, -26.65549859999993], [-49.058145699999955, -26.65550939999997], [-49.05813879999994, -26.655520399999943], [-49.058126399999935, -26.655537399999957], [-49.05811129999995, -26.65555539999997], [-49.058088399999974, -26.655580399999963], [-49.05805779999997, -26.65561189999994], [-49.05803179999998, -26.655637299999967], [-49.05797929999994, -26.655686899999978], [-49.05794059999994, -26.65572439999994], [-49.05792369999995, -26.65573939999996], [-49.05790959999996, -26.655750799999964], [-49.057858399999986, -26.655787799999928], [-49.05784139999997, -26.655799399999978], [-49.05782999999997, -26.65580639999996], [-49.05780629999998, -26.65581889999993], [-49.05769349999997, -26.655873999999983], [-49.057676699999945, -26.655882599999927], [-49.057651799999974, -26.655897399999958], [-49.057640499999934, -26.655905399999938], [-49.057629599999984, -26.65591409999996], [-49.057618899999966, -26.655924099999936], [-49.05760799999996, -26.65593549999994], [-49.05752149999995, -26.65603169999997], [-49.05747679999996, -26.656079699999964], [-49.05745479999996, -26.656101399999955], [-49.05738439999993, -26.656165899999962], [-49.05736159999998, -26.65618829999994], [-49.05735079999994, -26.656200299999966], [-49.057341399999984, -26.65621299999998], [-49.05733339999995, -26.656226199999935], [-49.05732779999994, -26.65623869999996], [-49.05732479999995, -26.656249099999968], [-49.05732109999997, -26.65626759999998], [-49.057307599999945, -26.656346999999982], [-49.05729439999993, -26.65641499999998], [-49.057272799999964, -26.65651349999996], [-49.05725839999997, -26.65656629999995], [-49.057249199999944, -26.656597199999965], [-49.057241799999986, -26.65661739999996], [-49.05723309999996, -26.65663509999996], [-49.05722769999994, -26.65664419999996], [-49.05722119999996, -26.65665309999997], [-49.057212499999935, -26.65666209999995], [-49.05719629999993, -26.65667439999993], [-49.05717709999993, -26.656686099999945], [-49.05715669999995, -26.65669689999993], [-49.05713909999997, -26.656704899999966], [-49.05710979999998, -26.65671649999996], [-49.05707659999996, -26.65672829999994], [-49.05705229999995, -26.656736299999977], [-49.05701299999998, -26.65674699999994], [-49.056970699999965, -26.656755499999974], [-49.05684869999993, -26.656776599999944], [-49.05681519999996, -26.656781399999943], [-49.056766799999934, -26.656787099999974], [-49.05675099999996, -26.65678989999998], [-49.05673969999998, -26.65679259999996], [-49.05670809999998, -26.656802599999935], [-49.05665739999995, -26.656821899999954], [-49.05659659999998, -26.656847099999936], [-49.056478899999945, -26.656897499999957], [-49.05644719999998, -26.656909499999983], [-49.05641869999994, -26.65691709999993], [-49.05640329999994, -26.65692009999998], [-49.05638879999998, -26.656921999999952], [-49.05637989999997, -26.65692249999995], [-49.05636739999994, -26.656922099999974], [-49.056355199999985, -26.656920499999956], [-49.05634699999996, -26.65691879999997], [-49.05633419999998, -26.65691499999997], [-49.05632509999998, -26.65691149999998], [-49.05631069999998, -26.65690459999996], [-49.056300599999986, -26.65689889999993], [-49.056285199999934, -26.656888899999956], [-49.05627489999995, -26.656881099999964], [-49.05626449999994, -26.656872299999975], [-49.05625379999998, -26.656862099999955], [-49.05624249999994, -26.65685019999995], [-49.05622459999995, -26.656829399999936], [-49.056138299999986, -26.656718999999953], [-49.056115999999975, -26.65669209999993], [-49.05609489999995, -26.656667999999968], [-49.05607399999997, -26.656646199999955], [-49.05605639999993, -26.65662939999993], [-49.056029999999964, -26.656605799999966], [-49.05594629999996, -26.656532999999968], [-49.05591099999998, -26.656500299999948], [-49.05588409999996, -26.656473799999958], [-49.05584419999997, -26.65643099999994], [-49.05580069999996, -26.656380699999943], [-49.055790299999956, -26.65636779999994], [-49.05578209999993, -26.656356199999948], [-49.05577569999997, -26.65634529999994], [-49.05577239999997, -26.65633799999995], [-49.055768599999965, -26.656326599999943], [-49.05576619999994, -26.65631099999996], [-49.05576649999995, -26.656299599999954], [-49.05576979999995, -26.656282999999974], [-49.05577699999998, -26.656261099999938], [-49.05581099999995, -26.65616739999996], [-49.05585209999998, -26.65604689999998], [-49.05588179999995, -26.655962899999963], [-49.05588899999998, -26.655940199999975], [-49.05589439999994, -26.655917299999942], [-49.05590059999997, -26.65587739999995], [-49.055904399999974, -26.655844999999943], [-49.05590579999995, -26.655821199999934], [-49.05590539999997, -26.65580499999993], [-49.05590259999997, -26.655785999999978], [-49.05590019999994, -26.65577769999993], [-49.05589709999998, -26.655770099999984], [-49.055893399999945, -26.655763199999967], [-49.05588889999996, -26.655757199999982], [-49.055880599999966, -26.65574959999998], [-49.05587029999998, -26.655743899999948], [-49.055861999999934, -26.655741199999966], [-49.055852399999935, -26.655739299999937], [-49.05583519999993, -26.65573799999993], [-49.05581559999996, -26.655738199999973], [-49.05579519999998, -26.65573949999998], [-49.05577499999998, -26.655741699999965], [-49.055753299999935, -26.655745199999956], [-49.05572769999998, -26.655750599999976], [-49.055688299999986, -26.65576029999994], [-49.05565949999993, -26.655768399999943], [-49.055627399999935, -26.655778599999962], [-49.05559379999994, -26.655790999999965], [-49.05556919999998, -26.655801199999928], [-49.055553499999974, -26.655808699999966], [-49.05552639999996, -26.65582399999994], [-49.055518699999936, -26.65582749999993], [-49.05550979999998, -26.655830399999957], [-49.05549309999998, -26.65583369999996], [-49.05547039999993, -26.655835499999966], [-49.05544219999996, -26.655835899999943], [-49.05541269999998, -26.655834999999968], [-49.055377799999974, -26.655831999999975], [-49.055353199999956, -26.655827699999975], [-49.05532549999998, -26.65582059999997], [-49.05525959999994, -26.655800799999952], [-49.05523759999994, -26.655794699999944], [-49.05519659999993, -26.655785299999934], [-49.055158999999946, -26.65577829999995], [-49.05510379999998, -26.655770299999972], [-49.05499039999995, -26.65575689999997], [-49.05492789999994, -26.655748699999947], [-49.054881999999964, -26.655741599999942], [-49.05479239999994, -26.655726499999957], [-49.05473409999996, -26.65571929999993], [-49.054717799999935, -26.65571659999995], [-49.05470299999996, -26.65571259999996], [-49.05469409999995, -26.655709299999955], [-49.05468629999996, -26.655705499999954], [-49.05467969999995, -26.65570139999994], [-49.05467439999995, -26.655696899999953], [-49.054667999999936, -26.655688899999973], [-49.05466459999997, -26.655682299999967], [-49.054661599999974, -26.655674399999953], [-49.05465769999995, -26.655659699999944], [-49.05465469999996, -26.65564089999998], [-49.05465259999994, -26.65561729999996], [-49.054651699999965, -26.655588799999975], [-49.05465209999994, -26.65556689999994], [-49.05465839999994, -26.655471399999954], [-49.05465909999998, -26.65544269999998], [-49.05465809999998, -26.655425699999967], [-49.05465579999998, -26.65540939999994], [-49.05465189999995, -26.655392699999936], [-49.054645999999934, -26.65537469999998], [-49.054637699999944, -26.655354699999975], [-49.05462649999998, -26.655332099999953], [-49.054611799999975, -26.655306199999927], [-49.05459349999995, -26.655276899999933], [-49.054571899999985, -26.65524449999998], [-49.054546899999934, -26.655209499999955], [-49.05451879999998, -26.65517219999998], [-49.054444099999955, -26.655075599999975], [-49.05441749999994, -26.65503899999993], [-49.054395099999965, -26.655005099999983], [-49.05438529999998, -26.654988799999956], [-49.054376299999944, -26.654972399999963], [-49.054359999999974, -26.65493909999998], [-49.054348199999936, -26.654910799999982], [-49.05432289999993, -26.654841499999975], [-49.05430869999998, -26.65479689999995], [-49.05428889999996, -26.654727899999955], [-49.054276999999956, -26.654682299999934], [-49.05426139999997, -26.654615899999953], [-49.05424849999997, -26.65455339999994], [-49.054238399999974, -26.654496199999983], [-49.05423119999995, -26.654444699999942], [-49.05422689999995, -26.654399099999978], [-49.05422579999998, -26.654358299999956], [-49.05422719999996, -26.654331999999954], [-49.05423049999996, -26.654305199999953], [-49.054233099999976, -26.654291199999932], [-49.05423559999997, -26.654277199999967], [-49.05424229999994, -26.65424829999995], [-49.05426739999996, -26.654147499999965], [-49.05427539999994, -26.654105499999957], [-49.054279099999974, -26.654077099999938], [-49.05428129999996, -26.654047999999932], [-49.05428219999993, -26.654018899999983], [-49.054281799999956, -26.653977099999963], [-49.05427899999995, -26.65388969999998], [-49.05427949999995, -26.653865099999962], [-49.05428159999997, -26.653843799999947], [-49.05428409999996, -26.653831099999934], [-49.05428949999998, -26.653813399999933], [-49.054296299999976, -26.65379749999994], [-49.05431189999996, -26.65376729999997], [-49.05431469999996, -26.65375819999997], [-49.05431609999994, -26.65374719999994], [-49.05431599999997, -26.65373349999993], [-49.05431299999998, -26.653708799999947], [-49.054307499999936, -26.65368069999994], [-49.05429349999997, -26.653620399999966], [-49.054290099999946, -26.65360009999995], [-49.054288199999974, -26.653579999999977], [-49.05428789999996, -26.653559899999948], [-49.054290099999946, -26.65352889999997], [-49.05429319999996, -26.653507099999956], [-49.054305099999965, -26.653440099999955], [-49.05430839999997, -26.65341049999995], [-49.054308799999944, -26.65339279999995], [-49.05430789999997, -26.65337619999997], [-49.054305699999986, -26.653360199999952], [-49.05430219999994, -26.653344499999946], [-49.05429469999996, -26.65331989999993], [-49.05428429999995, -26.65329209999993], [-49.05426589999996, -26.653248099999928], [-49.05424459999995, -26.65320079999998], [-49.05422239999996, -26.65315529999998], [-49.05419529999995, -26.65310349999993], [-49.054179499999975, -26.653075299999955], [-49.05416289999994, -26.653048799999965], [-49.054144399999984, -26.653023399999938], [-49.054130199999975, -26.65300639999998], [-49.05411379999998, -26.652988499999935], [-49.05410249999994, -26.652977299999975], [-49.05407189999994, -26.65294819999997], [-49.05404719999996, -26.652926199999968], [-49.05400899999995, -26.65289379999996], [-49.053984499999956, -26.65287429999995], [-49.05396129999997, -26.652856799999938], [-49.05392709999995, -26.652832899999964], [-49.05389089999994, -26.652809799999943], [-49.053851899999984, -26.652786799999944], [-49.053812799999946, -26.652765399999964], [-49.05377639999995, -26.652747099999942], [-49.05374299999994, -26.652731899999935], [-49.05370059999996, -26.652714499999945], [-49.05366929999997, -26.65270279999993], [-49.05363859999994, -26.652692599999966], [-49.05360849999994, -26.65268459999993], [-49.05358849999993, -26.65268059999994], [-49.053556999999955, -26.652676699999972], [-49.05353439999993, -26.652675399999964], [-49.05351049999996, -26.652675099999954], [-49.05347439999997, -26.65267629999994], [-49.05345149999994, -26.652678099999946], [-49.05343019999998, -26.65268039999995], [-49.05341029999994, -26.652683599999932], [-49.053390899999954, -26.652687799999967], [-49.05337149999997, -26.652693099999965], [-49.05335139999994, -26.652699799999937], [-49.05333079999997, -26.65270789999994], [-49.053309999999954, -26.652717799999948], [-49.05328929999996, -26.652729299999976], [-49.05327909999994, -26.65273579999996], [-49.05325899999997, -26.652749899999947], [-49.05323969999995, -26.652765099999954], [-49.05321249999997, -26.652788999999927], [-49.05314939999994, -26.652849499999945], [-49.05312679999997, -26.652868799999965], [-49.05311139999998, -26.65288019999997], [-49.05309539999996, -26.652890299999967], [-49.05308709999997, -26.65289489999998], [-49.053069799999946, -26.652903099999946], [-49.05304169999994, -26.65291339999993], [-49.05301079999998, -26.652922199999978], [-49.05297589999998, -26.65293029999998], [-49.05294829999997, -26.652935599999978], [-49.05289689999995, -26.652943799999946], [-49.052854399999944, -26.652949499999977], [-49.05275519999998, -26.65296059999997], [-49.05270239999993, -26.65296539999997], [-49.05264989999995, -26.65296929999994], [-49.052598399999965, -26.652972399999953], [-49.052548599999966, -26.65297449999997], [-49.05245619999994, -26.652976499999966], [-49.052374499999985, -26.65297579999998], [-49.05231969999994, -26.652974099999938], [-49.05230769999997, -26.652973499999973], [-49.05223999999998, -26.652968899999962], [-49.05221239999997, -26.652965799999947], [-49.052175699999964, -26.652959799999962], [-49.05212469999998, -26.65294979999993], [-49.052098899999976, -26.65294579999994], [-49.05206919999995, -26.65294279999995], [-49.05199209999995, -26.652937399999928], [-49.05197039999996, -26.65293459999998], [-49.05195719999995, -26.652931899999942], [-49.05194089999998, -26.652926599999944], [-49.05192839999995, -26.652919899999972], [-49.051918899999976, -26.65291209999998], [-49.05190279999994, -26.65289489999998], [-49.05189589999998, -26.65288929999997], [-49.051887499999964, -26.65288389999995], [-49.051872199999934, -26.652876499999934], [-49.05185419999998, -26.652870099999973], [-49.05183019999998, -26.652863899999943], [-49.05180059999998, -26.65285799999998], [-49.05166079999998, -26.65283439999996], [-49.05160189999998, -26.65282339999993], [-49.05154729999998, -26.65281219999997], [-49.05148589999993, -26.65279819999995], [-49.05142969999997, -26.652783599999964], [-49.05134449999997, -26.652759499999945], [-49.05127749999997, -26.652737599999966], [-49.05125369999996, -26.652728799999977], [-49.051235099999985, -26.65272099999993], [-49.051224899999966, -26.652715899999976], [-49.05121589999993, -26.652710599999978], [-49.05120769999996, -26.652704899999947], [-49.05119589999998, -26.65269479999995], [-49.051183099999946, -26.652682099999936], [-49.051168099999984, -26.65266589999993], [-49.05115099999995, -26.65264529999996], [-49.05113839999996, -26.652628899999968], [-49.051117799999986, -26.652600199999938], [-49.051103499999954, -26.65257889999998], [-49.051074599999936, -26.65253229999996], [-49.05106069999994, -26.652507799999967], [-49.051047799999935, -26.652483099999984], [-49.051030899999944, -26.652446099999963], [-49.051021599999956, -26.652422099999967], [-49.051013599999976, -26.65239859999997], [-49.05099659999996, -26.65234279999993], [-49.05098829999997, -26.652310499999942], [-49.050982499999975, -26.652277599999934], [-49.05098039999996, -26.65225479999998], [-49.05097929999994, -26.652220099999965], [-49.05098209999994, -26.65210449999995], [-49.050980899999956, -26.65208219999994], [-49.05097869999997, -26.65206779999994], [-49.05097479999995, -26.652053299999977], [-49.05097209999997, -26.65204579999994], [-49.05096519999995, -26.652030499999967], [-49.05096089999995, -26.652022599999952], [-49.05095049999994, -26.65200669999996], [-49.05094429999997, -26.651998599999956], [-49.05093009999996, -26.65198239999995], [-49.05091349999998, -26.65196629999997], [-49.05089549999997, -26.651951099999962], [-49.05087669999995, -26.65193709999994], [-49.05085819999994, -26.65192509999997], [-49.05084019999998, -26.651914999999974], [-49.05082269999997, -26.651906699999984], [-49.050797699999976, -26.651896499999964], [-49.050773499999934, -26.65188809999995], [-49.050756399999955, -26.65188319999993], [-49.05073729999998, -26.651878599999975], [-49.05069009999994, -26.651869499999975], [-49.05063389999998, -26.651860599999964], [-49.05051899999995, -26.65184419999997], [-49.050479999999936, -26.651837799999953], [-49.05045579999995, -26.651833199999942], [-49.050422399999945, -26.65182569999996], [-49.050392199999976, -26.65181759999996], [-49.05036249999995, -26.65180749999996], [-49.050340999999946, -26.65179859999995], [-49.05030309999995, -26.651780799999983], [-49.05027419999993, -26.651765999999952], [-49.050243199999954, -26.651749199999983], [-49.050210799999945, -26.651730699999973], [-49.05016089999998, -26.651700499999947], [-49.05004399999996, -26.651627299999973], [-49.04996929999999, -26.65158169999995], [-49.049923699999965, -26.65155509999994], [-49.04986619999994, -26.651523599999962], [-49.04984429999996, -26.65151089999995], [-49.04982989999996, -26.651501399999972], [-49.049815499999966, -26.651490399999943], [-49.049794099999986, -26.651470999999958], [-49.04977459999998, -26.651449399999933], [-49.04976339999996, -26.65143439999997], [-49.049749599999984, -26.65141109999996], [-49.04974199999998, -26.65139499999998], [-49.04973189999998, -26.65136949999993], [-49.049696799999936, -26.651263299999982], [-49.04968519999994, -26.65123209999996], [-49.04967199999993, -26.65120029999997], [-49.04961899999995, -26.651085199999955], [-49.04959009999993, -26.65102509999997], [-49.04957559999997, -26.65099689999994], [-49.04956129999994, -26.65097099999997], [-49.04953909999995, -26.650934699999937], [-49.04951449999999, -26.650900099999944], [-49.04948699999994, -26.650865299999964], [-49.04941469999994, -26.65077969999993], [-49.04937079999996, -26.650729399999932], [-49.04933769999997, -26.65069429999994], [-49.049296099999935, -26.650653699999964], [-49.049261599999966, -26.650622899999973], [-49.049239099999966, -26.65060569999997], [-49.04922359999995, -26.65059599999995], [-49.04919669999998, -26.650582699999973], [-49.04916609999998, -26.650570899999934], [-49.04913419999997, -26.65056149999998], [-49.049103299999956, -26.650555099999963], [-49.04907309999993, -26.65055149999995], [-49.04904299999998, -26.650549999999953], [-49.04901189999998, -26.65055099999995], [-49.04898959999997, -26.650553499999944], [-49.04897779999993, -26.65055549999994], [-49.04895239999996, -26.650561099999948], [-49.048910099999944, -26.65057299999995], [-49.04882939999993, -26.650597699999935], [-49.04875979999997, -26.650617499999953], [-49.04866459999994, -26.65064289999998], [-49.04862269999995, -26.650653099999943], [-49.048595199999966, -26.650658999999962], [-49.04856749999993, -26.650664199999937], [-49.04852549999998, -26.650670899999966], [-49.04848369999996, -26.65067659999994], [-49.048428599999966, -26.650682599999982], [-49.04841469999997, -26.650683799999968], [-49.04838639999997, -26.65068539999993], [-49.04835699999995, -26.650686099999973], [-49.04832649999997, -26.650685799999962], [-49.048279699999966, -26.650683699999945], [-49.04823269999997, -26.650680299999976], [-49.048186499999986, -26.650675899999953], [-49.04812769999995, -26.650668699999983], [-49.048071799999946, -26.65065999999996], [-49.04790329999997, -26.65063109999994], [-49.04775799999993, -26.650607599999944], [-49.04769799999997, -26.65059679999996], [-49.047636799999964, -26.650583599999948], [-49.04757499999994, -26.650567399999943], [-49.04755009999997, -26.65055979999994], [-49.04752989999997, -26.65055239999998], [-49.047502399999985, -26.650539399999957], [-49.04745129999998, -26.650511499999936], [-49.04732549999994, -26.650439999999946], [-49.04722869999995, -26.650382199999967], [-49.047212799999954, -26.650373799999954], [-49.04719709999995, -26.65036669999995], [-49.04718029999998, -26.650360599999942], [-49.04715049999999, -26.650351799999953], [-49.046999599999936, -26.65031449999998], [-49.04692449999993, -26.650293999999974], [-49.046888499999966, -26.650283199999933], [-49.04686929999997, -26.650276799999972], [-49.04685319999993, -26.650270899999953], [-49.04683339999997, -26.650262399999974], [-49.046811799999944, -26.65025079999998], [-49.04680239999993, -26.65024449999993], [-49.04678929999994, -26.650234199999943], [-49.04678099999995, -26.65022659999994], [-49.04676899999998, -26.65021409999997], [-49.04675759999998, -26.65020039999996], [-49.04675049999997, -26.650190899999927], [-49.04674149999994, -26.65017649999993], [-49.04673719999994, -26.65016719999994], [-49.046734699999945, -26.650158399999953], [-49.046733899999936, -26.65014579999996], [-49.046736399999986, -26.650133799999935], [-49.046739799999955, -26.650125899999978], [-49.04674539999996, -26.65011759999993], [-49.046753799999976, -26.65010849999993], [-49.04676589999997, -26.650097999999957], [-49.04678229999996, -26.650085899999965], [-49.04688199999998, -26.650019199999974], [-49.04694509999996, -26.649975499999982], [-49.04702899999995, -26.649915999999962], [-49.047108299999934, -26.649858199999983], [-49.04712839999996, -26.64984279999993], [-49.04713909999998, -26.649833099999967], [-49.04714339999998, -26.649827999999957], [-49.04714649999994, -26.64982299999997], [-49.047150399999964, -26.64981259999996], [-49.04715209999995, -26.649803899999938], [-49.04715289999996, -26.649794199999974], [-49.04715159999995, -26.649779999999964], [-49.04714949999993, -26.64977229999994], [-49.047146199999986, -26.64976379999996], [-49.047138099999984, -26.64974899999993], [-49.04712139999998, -26.649724799999944], [-49.04710639999996, -26.64970599999998], [-49.04709619999994, -26.64969439999993], [-49.04707609999997, -26.649674699999935], [-49.04706599999997, -26.64966629999998], [-49.047055599999965, -26.64965879999994], [-49.04703939999996, -26.649649099999976], [-49.04702299999997, -26.649641299999928], [-49.04700649999995, -26.64963549999993], [-49.04699549999998, -26.649632699999984], [-49.04698429999996, -26.649630599999966], [-49.046960799999965, -26.64962829999996], [-49.046936399999936, -26.64962819999994], [-49.04691249999996, -26.649630199999933], [-49.046888999999965, -26.64963469999998], [-49.04687059999998, -26.649640399999953], [-49.04685059999997, -26.649648199999945], [-49.04680549999995, -26.64966809999993], [-49.04677209999994, -26.64968369999997], [-49.046729599999935, -26.64970599999998], [-49.04670509999994, -26.649720199999933], [-49.04668239999995, -26.649734399999943], [-49.046645799999965, -26.649758799999972], [-49.04655269999995, -26.649824899999942], [-49.04652689999995, -26.649842299999932], [-49.04648849999995, -26.649865699999964], [-49.04640589999997, -26.64991329999998], [-49.04638629999994, -26.649925699999983], [-49.04636249999999, -26.649942899999928], [-49.04635149999996, -26.649951399999964], [-49.04633679999995, -26.649965399999928], [-49.046330599999976, -26.649972899999966], [-49.046324899999945, -26.64998099999997], [-49.046315499999935, -26.64999849999998], [-49.04631199999994, -26.650007399999936], [-49.046308299999964, -26.650020599999948], [-49.04630619999995, -26.65003429999996], [-49.04630539999994, -26.650049499999966], [-49.04630569999995, -26.65006649999998], [-49.04630679999997, -26.650078699999938], [-49.04630969999994, -26.650097699999947], [-49.04631279999995, -26.65011099999998], [-49.04632179999993, -26.650139799999977], [-49.04633519999993, -26.65017279999995], [-49.04635449999995, -26.65021429999996], [-49.04639069999996, -26.650287299999945], [-49.046401999999944, -26.650312199999973], [-49.04640819999997, -26.650327299999958], [-49.04641219999996, -26.65033939999995], [-49.04641469999996, -26.65035359999996], [-49.04641469999996, -26.65036809999998], [-49.04641299999997, -26.65038039999996], [-49.04640949999998, -26.65039459999997], [-49.04640349999994, -26.650411799999972], [-49.046393999999964, -26.65043289999994], [-49.04638079999995, -26.650457899999935], [-49.04635939999997, -26.65049369999997], [-49.04631509999996, -26.650560199999973], [-49.04629879999993, -26.65058829999998], [-49.04629199999994, -26.65060239999997], [-49.046285599999976, -26.65061769999994], [-49.046279399999946, -26.650634699999955], [-49.046273499999984, -26.65065459999994], [-49.04626519999994, -26.65069169999998], [-49.04625349999998, -26.65078509999995], [-49.04623799999996, -26.650938199999928], [-49.04622619999998, -26.651030999999932], [-49.04621729999997, -26.651088699999946], [-49.04621069999996, -26.65112689999995], [-49.04620349999993, -26.65116039999998], [-49.04619789999998, -26.651180199999942], [-49.046191299999975, -26.651198199999953], [-49.04617979999995, -26.651222299999972], [-49.046171399999935, -26.651236799999936], [-49.04614069999997, -26.65128569999996], [-49.04611859999994, -26.65132579999994], [-49.04609869999996, -26.651366399999972], [-49.046071799999936, -26.65142519999995], [-49.04602669999997, -26.651534099999935], [-49.04599859999996, -26.651599399999952], [-49.04599259999998, -26.65161489999997], [-49.04598839999994, -26.651628899999935], [-49.04598589999995, -26.65164199999998], [-49.04598509999994, -26.651654099999973], [-49.04598599999997, -26.65166449999998], [-49.045987399999945, -26.651670299999978], [-49.04599069999995, -26.651677699999937], [-49.045995199999936, -26.651683899999966], [-49.04600099999993, -26.651689199999964], [-49.04600919999996, -26.651693799999975], [-49.04601649999995, -26.651696499999957], [-49.04604059999997, -26.651702399999976], [-49.046063699999934, -26.651706599999955], [-49.046081999999956, -26.65170919999997], [-49.04609419999997, -26.651710099999946], [-49.04610629999996, -26.651710099999946], [-49.04611799999998, -26.651709099999948], [-49.04612919999994, -26.651707199999976], [-49.04613949999998, -26.651704499999937], [-49.04615329999996, -26.651699099999973], [-49.046171999999956, -26.651688599999943], [-49.04623289999995, -26.651648799999975], [-49.04627459999995, -26.65161949999998], [-49.04630949999995, -26.651593399999967], [-49.04636199999993, -26.65155119999997], [-49.046404199999984, -26.651515399999937], [-49.04649089999998, -26.65143969999997], [-49.04651149999995, -26.651422899999943], [-49.04652439999995, -26.651413399999967], [-49.04655059999993, -26.651396999999974], [-49.04657769999994, -26.651383099999975], [-49.04659849999996, -26.65137409999994], [-49.04661219999997, -26.651368899999966], [-49.04663889999995, -26.65136069999994], [-49.04665899999998, -26.65135639999994], [-49.04667349999994, -26.65135429999998], [-49.04668949999996, -26.65135269999996], [-49.04671609999997, -26.651350999999977], [-49.04676329999995, -26.651350399999956], [-49.04679209999995, -26.65135159999994], [-49.04681279999994, -26.651353399999948], [-49.046835699999974, -26.651356199999952], [-49.04686119999997, -26.651360199999942], [-49.046888699999954, -26.651365399999975], [-49.04691669999994, -26.651371499999982], [-49.04694409999996, -26.65137859999993], [-49.04696999999993, -26.651386599999967], [-49.04699409999995, -26.65139499999998], [-49.04701659999995, -26.65140379999997], [-49.04705699999994, -26.65142089999995], [-49.047090999999966, -26.651436899999965], [-49.04711779999997, -26.651451599999973], [-49.04713389999995, -26.651462899999956], [-49.047143699999936, -26.651471199999946], [-49.04715319999997, -26.651480599999957], [-49.047167299999956, -26.651497499999948], [-49.04717589999996, -26.651510799999983], [-49.04717979999998, -26.651518099999976], [-49.04718349999996, -26.651525999999933], [-49.04718989999998, -26.651543199999935], [-49.047197799999935, -26.65157229999994], [-49.04721329999995, -26.651639699999976], [-49.04722089999996, -26.65167409999998], [-49.04722669999995, -26.65170489999997], [-49.047229999999956, -26.651730699999973], [-49.04723149999995, -26.65175299999993], [-49.04723199999995, -26.65182219999997], [-49.047232099999974, -26.65183799999994], [-49.04723309999997, -26.651861199999928], [-49.04723459999997, -26.651875699999948], [-49.04723699999994, -26.65188889999996], [-49.04723999999993, -26.65190119999994], [-49.04725169999995, -26.65193899999997], [-49.04725769999993, -26.651960799999983], [-49.047262599999954, -26.651984999999968], [-49.04726489999996, -26.652002299999936], [-49.04726709999994, -26.652029399999947], [-49.04726859999994, -26.652065799999946], [-49.04726929999998, -26.652100099999927], [-49.04726899999997, -26.652129299999956], [-49.04726789999995, -26.65214679999997], [-49.04726619999997, -26.652160699999968], [-49.047263699999974, -26.65217139999993], [-49.047259199999985, -26.652182299999936], [-49.04725119999995, -26.652193799999964], [-49.047238799999946, -26.652206299999932], [-49.04722359999994, -26.652218199999936], [-49.04720819999994, -26.652227799999935], [-49.04718859999997, -26.652237499999956], [-49.04716539999998, -26.65224699999993], [-49.04713979999997, -26.652256299999976], [-49.04710449999993, -26.65226789999997], [-49.04706589999995, -26.65227969999995], [-49.04704289999995, -26.65228609999997], [-49.04702299999997, -26.652290499999935], [-49.04700289999994, -26.65229379999994], [-49.046977099999935, -26.652296299999932], [-49.04695559999993, -26.652296999999976], [-49.04693249999997, -26.652296099999944], [-49.04690709999994, -26.652292899999964], [-49.04688659999994, -26.652288399999975], [-49.04686399999997, -26.652281899999934], [-49.04680479999996, -26.652261799999962], [-49.046754599999986, -26.65224409999996], [-49.04671599999995, -26.652229699999964], [-49.04667869999997, -26.652214899999933], [-49.04659559999993, -26.652179799999942], [-49.04656209999996, -26.65216419999996], [-49.046540999999934, -26.652153299999952], [-49.046520999999984, -26.65214179999998], [-49.04650239999995, -26.652129899999977], [-49.046485099999984, -26.65211789999995], [-49.04646939999998, -26.652105999999947], [-49.046423699999934, -26.652067199999976], [-49.046411199999966, -26.652057399999933], [-49.04638569999997, -26.652039999999943], [-49.04636059999996, -26.652025799999933], [-49.046342599999946, -26.652017399999977], [-49.046330799999964, -26.652012799999966], [-49.04631899999998, -26.652008999999964], [-49.046306899999934, -26.65200589999995], [-49.046294699999976, -26.652003499999978], [-49.04628229999997, -26.65200189999996], [-49.04626979999995, -26.652000899999962], [-49.04625119999997, -26.65200079999994], [-49.04623909999998, -26.65200139999996], [-49.046222299999954, -26.652003299999933], [-49.04620769999997, -26.65200619999996], [-49.046198999999945, -26.652008799999976], [-49.046187299999985, -26.652013599999975], [-49.04618019999998, -26.652017599999965], [-49.04617059999998, -26.652025099999946], [-49.046164999999974, -26.652031699999952], [-49.046159999999986, -26.652039799999955], [-49.04615559999996, -26.652049499999976], [-49.04614719999995, -26.65207449999997], [-49.046137999999985, -26.652107199999932], [-49.046128899999985, -26.652143099999932], [-49.04611629999994, -26.652205899999956], [-49.046111199999984, -26.652226999999982], [-49.046104499999956, -26.65224749999993], [-49.04609609999994, -26.65226659999996], [-49.04608929999995, -26.652278499999966], [-49.04607759999993, -26.65229499999998], [-49.046064299999955, -26.652310399999976], [-49.04604999999998, -26.652324799999974], [-49.04603509999998, -26.65233799999993], [-49.04602019999993, -26.65234929999997], [-49.04600499999998, -26.652358499999934], [-49.045993899999985, -26.652363099999945], [-49.04598149999998, -26.65236649999997], [-49.04595949999998, -26.65236909999993], [-49.045933899999966, -26.65236939999994], [-49.045894799999985, -26.65236749999997], [-49.04586299999994, -26.65236459999994], [-49.04584129999995, -26.65236169999997], [-49.04581969999998, -26.652357699999982], [-49.04578859999998, -26.652349999999956], [-49.04576939999998, -26.65234419999996], [-49.045744199999945, -26.65233509999996], [-49.045723099999975, -26.652325599999983], [-49.04571009999995, -26.652318399999956], [-49.04569699999996, -26.652309999999943], [-49.04568329999995, -26.652300099999934], [-49.04562729999998, -26.65225739999994], [-49.045608699999946, -26.65224489999997], [-49.04559189999998, -26.65223549999996], [-49.045576799999935, -26.652229399999953], [-49.04556299999996, -26.652226499999983], [-49.045554299999935, -26.65222629999994], [-49.04554579999996, -26.652227299999936], [-49.04553309999994, -26.65223119999996], [-49.04552039999993, -26.652238299999965], [-49.04550729999994, -26.65224879999994], [-49.04549439999994, -26.65226229999996], [-49.04548219999998, -26.652278699999954], [-49.04547059999993, -26.652297499999975], [-49.04542569999995, -26.652377799999954], [-49.04536109999998, -26.652502699999957], [-49.04533779999997, -26.65254479999993], [-49.045321799999954, -26.652570699999956], [-49.04530079999995, -26.65260079999996], [-49.04528609999994, -26.65261929999997], [-49.04527759999996, -26.652628999999934], [-49.04527009999998, -26.652636299999983], [-49.045263199999965, -26.652641899999935], [-49.04525169999994, -26.652648899999974], [-49.04523009999997, -26.652660099999935], [-49.04520869999993, -26.652670099999966], [-49.045174299999985, -26.652683899999943], [-49.04515509999993, -26.65269029999996], [-49.04513499999996, -26.652696099999957], [-49.045114299999966, -26.65270099999998], [-49.04509319999994, -26.65270469999996], [-49.04507179999996, -26.652707499999963], [-49.04500569999993, -26.652714799999956], [-49.04497259999994, -26.652719699999977], [-49.04494139999997, -26.652726299999983], [-49.04492229999994, -26.652731999999958], [-49.04489539999997, -26.652742599999954], [-49.04486919999994, -26.652755999999954], [-49.04484249999996, -26.65277219999996], [-49.044815899999946, -26.652790399999958], [-49.044790499999976, -26.652809799999943], [-49.04477429999997, -26.652823499999954], [-49.04475779999996, -26.65283839999995], [-49.044730699999946, -26.65286459999993], [-49.044688399999984, -26.652907699999957], [-49.04463419999996, -26.65296479999995], [-49.04460389999997, -26.65299779999998], [-49.04457179999997, -26.65303499999993], [-49.04453419999993, -26.653081499999928], [-49.04450669999994, -26.653117299999963], [-49.04447869999996, -26.653155199999958], [-49.04445169999997, -26.65319349999993], [-49.04441529999997, -26.65324849999996], [-49.044358099999954, -26.653341099999977], [-49.04434459999993, -26.65336149999996], [-49.04433149999994, -26.653377399999954], [-49.044309099999964, -26.653399199999967], [-49.044290699999976, -26.653414899999973], [-49.04426849999993, -26.653432099999975], [-49.04425319999996, -26.65344239999996], [-49.04423729999996, -26.653451599999983], [-49.044043699999975, -26.65354689999998], [-49.04398839999993, -26.653573199999983], [-49.04392759999996, -26.65360119999997], [-49.043911599999944, -26.653610699999945], [-49.04390459999996, -26.65361649999994], [-49.043897699999945, -26.653622199999973], [-49.04388919999997, -26.653631299999972], [-49.04388099999994, -26.653641799999946], [-49.043872799999974, -26.653653899999938], [-49.04386039999997, -26.653675499999963], [-49.04384249999998, -26.653711899999962], [-49.043822999999975, -26.653755199999978], [-49.04380359999993, -26.653798499999937], [-49.04377779999993, -26.65385189999995], [-49.04375999999996, -26.65388539999998], [-49.04374769999998, -26.65390519999994], [-49.043737299999975, -26.653920399999947], [-49.04365779999995, -26.654028799999935], [-49.043633099999965, -26.65406109999998], [-49.043609799999956, -26.65408979999995], [-49.04356739999997, -26.654138899999964], [-49.043451699999935, -26.654267199999936], [-49.04341709999994, -26.65430859999998], [-49.04340339999993, -26.654326899999944], [-49.04339129999994, -26.654344699999967], [-49.04338039999993, -26.654362499999934], [-49.043365499999936, -26.654389999999978], [-49.04335119999996, -26.65441949999996], [-49.04334199999994, -26.65444009999993], [-49.04332909999994, -26.65447169999993], [-49.043321299999945, -26.654492699999935], [-49.04331419999994, -26.654513299999962], [-49.043305299999986, -26.654542499999934], [-49.04329829999995, -26.65456869999997], [-49.04329329999996, -26.65459139999996], [-49.04328899999996, -26.65461789999995], [-49.043285999999966, -26.65464959999997], [-49.04327939999996, -26.65481429999994], [-49.04327759999995, -26.654831899999976], [-49.043273699999986, -26.654847699999948], [-49.043269099999975, -26.65486029999994], [-49.04325769999997, -26.654885999999976], [-49.04322849999994, -26.654944799999953], [-49.04320009999998, -26.654997999999978], [-49.043129799999974, -26.655125599999963], [-49.04309939999996, -26.655182699999955], [-49.04309219999993, -26.65519759999995], [-49.04308739999993, -26.655209799999966], [-49.04308309999993, -26.655227099999934], [-49.04308069999996, -26.65524709999994], [-49.04308019999996, -26.65526159999996], [-49.04308039999995, -26.655276399999934], [-49.04308149999997, -26.655290699999966], [-49.043083499999966, -26.655304299999955], [-49.04308849999995, -26.655322999999953], [-49.04309329999995, -26.65533439999996], [-49.043102799999986, -26.655349899999976], [-49.04311459999997, -26.65536359999993], [-49.043123299999934, -26.655371799999955], [-49.043132499999956, -26.65537939999996], [-49.04314229999994, -26.655386499999963], [-49.04315839999998, -26.655396699999983], [-49.04319209999994, -26.655414599999972], [-49.04323359999995, -26.65543409999998], [-49.043411799999944, -26.65551499999998], [-49.043470799999966, -26.655542899999944], [-49.04349979999995, -26.655557599999952], [-49.04352449999993, -26.655571899999927], [-49.04354069999994, -26.655583099999944], [-49.04355009999995, -26.655590899999936], [-49.04355829999997, -26.655598899999973], [-49.04356829999995, -26.65561169999995], [-49.04357659999994, -26.65562639999996], [-49.04358419999994, -26.655643699999928], [-49.04359109999996, -26.65566279999996], [-49.04359819999996, -26.655687399999977], [-49.04360139999994, -26.655703699999947], [-49.04360289999994, -26.655719099999942], [-49.04360289999994, -26.655734499999937], [-49.04360109999993, -26.655750499999954], [-49.04359709999994, -26.65576669999996], [-49.04359299999993, -26.655777799999953], [-49.04358759999997, -26.65578919999996], [-49.043577099999936, -26.655807899999957], [-49.04356339999998, -26.655828999999983], [-49.04354329999995, -26.655857599999933], [-49.043529999999976, -26.655874799999935], [-49.04351939999998, -26.655886599999974], [-49.04350919999996, -26.655895399999963], [-49.04349739999998, -26.655903699999953], [-49.04348339999996, -26.655911699999933], [-49.043468099999984, -26.655918699999972], [-49.04345149999995, -26.655923799999982], [-49.04343879999993, -26.655926299999976], [-49.04342389999994, -26.655928099999983], [-49.04340599999995, -26.655929399999934], [-49.04336109999997, -26.655930799999965], [-49.043246299999964, -26.655931899999928], [-49.04318859999995, -26.65593329999996], [-49.042782099999954, -26.655954599999973], [-49.04259129999997, -26.65596309999995], [-49.042560099999946, -26.655963499999928], [-49.042529499999944, -26.655963199999974], [-49.04235269999998, -26.65595589999998], [-49.04232989999997, -26.655955499999948], [-49.04231239999996, -26.65595639999998], [-49.042294899999945, -26.65595879999995], [-49.04228219999993, -26.655961399999967], [-49.042254699999944, -26.65596919999996], [-49.04223989999997, -26.655974499999957], [-49.042216199999984, -26.655983999999933], [-49.04216059999993, -26.65600829999994], [-49.04213129999994, -26.656022699999937], [-49.04211329999998, -26.65603299999998], [-49.04210509999996, -26.656038299999977], [-49.042097499999954, -26.656043799999964], [-49.04208339999997, -26.65605549999998], [-49.042076899999984, -26.656061699999952], [-49.04206459999995, -26.656075199999975], [-49.04205269999994, -26.65609029999996], [-49.04204109999995, -26.65610689999994], [-49.041986399999985, -26.656192699999963], [-49.04193259999994, -26.656268999999952], [-49.04191579999997, -26.65629599999994], [-49.04190099999994, -26.65632389999996], [-49.04189689999998, -26.656333599999982], [-49.041893399999935, -26.656344099999956], [-49.041889099999935, -26.65636269999993], [-49.04188549999998, -26.656387699999982], [-49.041881899999964, -26.656422599999928], [-49.04187719999993, -26.65648299999998], [-49.04187449999995, -26.65653059999994], [-49.041870899999935, -26.656659399999967], [-49.04186869999995, -26.65668169999998], [-49.04186629999998, -26.656694899999934], [-49.041862899999956, -26.65670739999996], [-49.04185629999995, -26.656725199999983], [-49.04185069999994, -26.656736699999954], [-49.041840899999954, -26.656753799999933], [-49.04182869999994, -26.65677119999998], [-49.04181889999995, -26.656783399999938], [-49.04180739999998, -26.656796399999962], [-49.04178049999996, -26.65682359999994], [-49.04173979999996, -26.656862299999943], [-49.041585699999985, -26.657004099999938], [-49.04140479999995, -26.657163099999934], [-49.041373299999975, -26.657189699999947], [-49.04135599999995, -26.65720269999997], [-49.041340599999955, -26.657212199999947], [-49.04132989999994, -26.657217599999967], [-49.041318099999955, -26.657222499999932], [-49.04129819999997, -26.65722969999996], [-49.04126569999994, -26.65723959999997], [-49.04109119999998, -26.65728619999993], [-49.04100459999995, -26.657312499999932], [-49.04098589999995, -26.657317699999965], [-49.04095989999996, -26.657322799999974], [-49.04092129999998, -26.657326599999976], [-49.04090919999993, -26.657328399999983], [-49.040898399999946, -26.657331399999975], [-49.04088809999996, -26.657336199999975], [-49.040880699999946, -26.657340699999963], [-49.040867299999945, -26.657350399999928], [-49.040803799999935, -26.65740009999996], [-49.040750199999934, -26.657442899999978], [-49.04071359999995, -26.65747369999997], [-49.04065509999998, -26.657526899999937], [-49.040606699999955, -26.65757279999997], [-49.04058029999993, -26.657599699999935], [-49.040517299999976, -26.657667499999945], [-49.04050049999995, -26.657684399999937], [-49.040490499999976, -26.65769279999995], [-49.04047899999995, -26.65770129999993], [-49.040464499999985, -26.65771069999994], [-49.040445799999986, -26.657721699999968], [-49.04043479999996, -26.657727699999953], [-49.040385199999946, -26.657753299999968], [-49.040364599999975, -26.657762799999944], [-49.04034339999998, -26.657771499999967], [-49.04030009999997, -26.65778679999994], [-49.040201699999955, -26.657818799999973], [-49.040152399999954, -26.657835399999954], [-49.04012549999993, -26.65784539999993], [-49.04009959999996, -26.657856799999934], [-49.04007119999994, -26.65787249999994], [-49.04005449999994, -26.657883599999934], [-49.04004359999993, -26.657891999999947], [-49.04001779999993, -26.657914699999935], [-49.03996319999993, -26.657966699999974], [-49.03995349999997, -26.657974499999966], [-49.039941399999975, -26.65798239999998], [-49.039926399999956, -26.657990499999983], [-49.039914899999985, -26.65799599999997], [-49.039895299999955, -26.65800409999997], [-49.03988119999997, -26.658009299999947], [-49.03985119999993, -26.65801799999997], [-49.039820299999974, -26.658024099999977], [-49.039781199999936, -26.658029099999965], [-49.03974839999995, -26.658031499999936], [-49.03971119999994, -26.658031999999935], [-49.03966809999997, -26.658030699999983], [-49.03944149999995, -26.658016999999973], [-49.03929539999996, -26.658009299999947], [-49.03914999999995, -26.658000699999945], [-49.03909479999993, -26.65799549999997], [-49.03902149999993, -26.657987099999957], [-49.03898899999996, -26.657982799999957], [-49.03893999999997, -26.657974699999954], [-49.03892089999994, -26.65797219999996], [-49.03890299999995, -26.657971799999927], [-49.038885999999934, -26.657972899999947], [-49.03886509999995, -26.65797589999994], [-49.03885089999994, -26.657979599999976], [-49.03883829999995, -26.657985199999928], [-49.03883059999998, -26.657990499999983], [-49.038823699999966, -26.657996899999944], [-49.03881439999998, -26.658008799999948], [-49.03880879999997, -26.65801799999997], [-49.038801699999965, -26.658033399999965], [-49.03879589999997, -26.65804989999998], [-49.038791799999956, -26.658066599999984], [-49.038788599999975, -26.65809009999998], [-49.03878769999994, -26.658118199999933], [-49.038788599999975, -26.65815239999995], [-49.038792899999976, -26.65824809999998], [-49.03879299999994, -26.65828609999994], [-49.03879129999996, -26.65830959999994], [-49.03878919999994, -26.65832309999996], [-49.03878629999997, -26.658334899999943], [-49.03878229999998, -26.65834549999994], [-49.03877719999997, -26.658355099999937], [-49.03876679999996, -26.65836859999996], [-49.03875809999994, -26.658377299999984], [-49.038742499999955, -26.658390099999963], [-49.03872409999997, -26.658402899999942], [-49.03870389999997, -26.658415399999967], [-49.03867749999995, -26.65843049999995], [-49.03865479999996, -26.658442299999933], [-49.038640199999975, -26.65844859999993], [-49.038631399999986, -26.658451499999956], [-49.038622799999985, -26.65845349999995], [-49.03861389999997, -26.658454699999936], [-49.03859219999998, -26.658455599999968], [-49.038550499999985, -26.658456199999932], [-49.038508899999954, -26.658456799999954], [-49.03846979999997, -26.658458399999972], [-49.03842979999996, -26.658461299999942], [-49.03833579999997, -26.658474299999966], [-49.038144699999975, -26.65850309999996], [-49.03772569999995, -26.658569499999942], [-49.03763849999996, -26.65858259999993], [-49.03752629999997, -26.658597399999962], [-49.037496199999964, -26.658602799999983], [-49.03746929999994, -26.658610099999976], [-49.03745289999995, -26.65861659999996], [-49.037437299999965, -26.65862469999996], [-49.037422299999946, -26.658634999999947], [-49.03740739999995, -26.658647799999983], [-49.037392299999965, -26.658663599999954], [-49.03737639999997, -26.658682899999974], [-49.037359599999945, -26.65870549999994], [-49.037274399999944, -26.65883059999993], [-49.03724669999997, -26.658873099999937], [-49.03723059999993, -26.65889939999994], [-49.03721669999993, -26.658923999999956], [-49.03719819999998, -26.65895899999998], [-49.03716879999996, -26.659018299999957], [-49.037152299999946, -26.659053099999937], [-49.03713899999997, -26.659083899999928], [-49.03713209999995, -26.65910219999995], [-49.037125999999944, -26.659120599999937], [-49.03711309999994, -26.659165599999938], [-49.037063399999965, -26.659347699999955], [-49.03705039999994, -26.659388499999977], [-49.03704509999994, -26.659400999999946], [-49.03704239999996, -26.65940569999998], [-49.037036899999976, -26.659412799999927], [-49.03703029999997, -26.65941799999996], [-49.03702229999993, -26.659422399999983], [-49.037012999999945, -26.65942629999995], [-49.036992099999964, -26.659432299999935], [-49.036936399999945, -26.65944209999998], [-49.03691289999995, -26.65944799999994], [-49.036894099999984, -26.659454899999957], [-49.03688109999996, -26.659460899999942], [-49.036868399999946, -26.65946839999998], [-49.03685639999998, -26.659477299999935], [-49.03685079999997, -26.659482399999945], [-49.03684069999997, -26.659493899999973], [-49.03682749999996, -26.65951359999997], [-49.036793899999964, -26.659573999999964], [-49.036770399999966, -26.659620699999948], [-49.03676169999994, -26.659635599999945], [-49.03675529999998, -26.65964329999997], [-49.036748399999965, -26.659649499999944], [-49.03672289999997, -26.65966579999997], [-49.03671499999996, -26.659673099999964], [-49.03671209999993, -26.659677399999964], [-49.03670919999996, -26.659684599999935], [-49.03670789999995, -26.65969249999995], [-49.036707999999976, -26.65969789999997], [-49.03670969999996, -26.659706599999936], [-49.03671299999996, -26.659717199999932], [-49.03675359999994, -26.659833099999958], [-49.036768999999936, -26.659879899999964], [-49.036779699999954, -26.65991699999995], [-49.036793899999964, -26.659972899999957], [-49.036802199999954, -26.66000109999993], [-49.036812199999986, -26.660029099999974], [-49.036823099999935, -26.660054999999943], [-49.03683429999995, -26.660077599999966], [-49.03684649999997, -26.66009829999996], [-49.03692169999994, -26.660214999999937], [-49.03696869999993, -26.660290999999972], [-49.03699839999996, -26.660341899999935], [-49.03701789999997, -26.66037769999997], [-49.03703379999996, -26.660409899999934], [-49.03707269999995, -26.66049909999998], [-49.03713659999994, -26.66063479999997], [-49.03719079999996, -26.660756599999957], [-49.037206599999934, -26.660794599999974], [-49.03721299999995, -26.66081399999996], [-49.037215799999956, -26.660826499999928], [-49.03721749999994, -26.660839099999976], [-49.03721829999995, -26.660852199999965], [-49.03721779999995, -26.66088959999996], [-49.03721319999994, -26.660991499999966], [-49.03721389999998, -26.661022699999933], [-49.037215999999944, -26.661047199999928], [-49.03721939999997, -26.661068099999966], [-49.037226299999986, -26.661091899999974], [-49.037234499999954, -26.66111109999997], [-49.03723979999995, -26.66112049999998], [-49.03724519999997, -26.66112979999997], [-49.03725899999995, -26.66114829999998], [-49.037292099999945, -26.661188599999946], [-49.03730889999997, -26.661207799999943], [-49.03732609999997, -26.661225099999967], [-49.03734349999996, -26.661240199999952], [-49.037366599999984, -26.66125779999993], [-49.03738949999996, -26.66127339999997], [-49.03741749999995, -26.661290599999973], [-49.03743389999994, -26.661299499999927], [-49.037444999999934, -26.661304599999937], [-49.037456299999974, -26.66130899999996], [-49.03747449999997, -26.66131459999997], [-49.03756699999997, -26.661337499999945], [-49.03768059999993, -26.661363999999935], [-49.03773259999997, -26.661377899999934], [-49.037765099999945, -26.661388399999964], [-49.03779509999998, -26.661399399999937], [-49.037824899999976, -26.66141099999993], [-49.03785349999998, -26.661423399999933], [-49.03787939999995, -26.661436599999945], [-49.03789469999998, -26.661445799999967], [-49.03790859999998, -26.661455699999976], [-49.03792759999993, -26.66147189999998], [-49.037944799999934, -26.66149009999998], [-49.037960099999964, -26.661509399999943], [-49.03797679999997, -26.661534999999958], [-49.037981799999955, -26.661544499999934], [-49.037986699999976, -26.661553999999967], [-49.037991999999974, -26.661567099999957], [-49.03799649999996, -26.661580999999956], [-49.03800009999998, -26.66159579999993], [-49.03800299999995, -26.661611599999958], [-49.03800499999994, -26.66162849999995], [-49.03800629999995, -26.66164649999996], [-49.03800679999995, -26.66166579999998], [-49.03800629999995, -26.661698299999955], [-49.03800219999994, -26.661778899999945], [-49.03799849999996, -26.66182269999996], [-49.03799539999994, -26.661850499999957], [-49.037991699999964, -26.66187649999995], [-49.03798729999994, -26.661900499999945], [-49.03798229999995, -26.661922299999958], [-49.03797949999995, -26.661932099999945], [-49.037977499999954, -26.661938799999973], [-49.03797659999998, -26.66194189999993], [-49.03796989999995, -26.661959799999977], [-49.03796609999995, -26.661968299999955], [-49.03796159999996, -26.661976599999946], [-49.03795719999994, -26.66198499999996], [-49.037948599999936, -26.661997999999983], [-49.03794009999996, -26.66201099999995], [-49.03791869999998, -26.662038999999936], [-49.03788079999998, -26.662083999999936], [-49.03784159999998, -26.66212749999994], [-49.03780709999995, -26.662163799999973], [-49.03779479999997, -26.662175699999977], [-49.037783299999944, -26.66218559999993], [-49.037772099999984, -26.662193199999933], [-49.037760599999956, -26.662197999999933], [-49.037747999999965, -26.662200299999938], [-49.03772699999996, -26.662200799999937], [-49.03770769999994, -26.662199699999974], [-49.03768679999996, -26.66219639999997], [-49.037672999999984, -26.66219259999997], [-49.037665999999945, -26.662190099999975], [-49.03765139999996, -26.66218349999997], [-49.037625799999944, -26.66216899999995], [-49.037592899999936, -26.662147799999957], [-49.037541199999964, -26.66211169999997], [-49.037503199999946, -26.66208329999995], [-49.03746979999994, -26.66205629999996], [-49.03743339999994, -26.66202379999993], [-49.03741219999995, -26.66200239999995], [-49.03739499999995, -26.661981599999933], [-49.03738489999995, -26.66196689999998], [-49.037375199999985, -26.661950699999977], [-49.03736539999994, -26.661932199999967], [-49.037354999999934, -26.661910399999954], [-49.03733699999998, -26.661869799999977], [-49.037316299999986, -26.66182029999993], [-49.03728109999997, -26.66173059999994], [-49.037262099999964, -26.66167779999995], [-49.03724429999994, -26.661623899999938], [-49.03722669999996, -26.66156669999998], [-49.037188999999955, -26.66143889999995], [-49.03717979999993, -26.66140969999998], [-49.03717069999993, -26.661383799999953], [-49.03716119999996, -26.661360499999944], [-49.03715609999995, -26.661349599999937], [-49.037145099999975, -26.661328999999967], [-49.03713299999998, -26.661309699999947], [-49.03712019999995, -26.661291699999936], [-49.03710679999995, -26.66127469999998], [-49.03708629999994, -26.66125089999997], [-49.037072499999965, -26.661236199999962], [-49.037052399999936, -26.661216399999944], [-49.03703299999995, -26.661199099999976], [-49.03701929999994, -26.661188399999958], [-49.03699519999998, -26.66117239999994], [-49.03697569999997, -26.66116119999998], [-49.03694129999997, -26.661143299999935], [-49.03688719999997, -26.661116899999968], [-49.03684169999997, -26.66109549999993], [-49.036792799999944, -26.661073399999964], [-49.03674129999996, -26.661051499999928], [-49.03670679999993, -26.66103759999993], [-49.036657599999955, -26.661018999999953], [-49.036627899999985, -26.661008899999956], [-49.03660129999997, -26.661000899999976], [-49.036577199999954, -26.66099459999998], [-49.036554999999964, -26.660989899999947], [-49.036523999999986, -26.660985299999936], [-49.03649439999998, -26.66098379999994], [-49.036474699999985, -26.660984499999984], [-49.036464699999954, -26.66098539999996], [-49.036434199999974, -26.66099029999998], [-49.03641429999993, -26.66099509999998], [-49.03639579999998, -26.66100069999993], [-49.03637939999993, -26.66100689999996], [-49.03637209999994, -26.661010199999964], [-49.03635889999998, -26.661017999999956], [-49.03634699999998, -26.661027899999965], [-49.03634139999997, -26.66103389999995], [-49.03633049999996, -26.661048499999936], [-49.03631989999997, -26.66106639999998], [-49.03630979999997, -26.661086999999952], [-49.03630029999994, -26.661109599999975], [-49.03628749999996, -26.66114589999995], [-49.03627489999997, -26.66118789999996], [-49.03619489999994, -26.66146699999996], [-49.03618419999998, -26.661502799999937], [-49.03617349999996, -26.661533799999972], [-49.03616219999998, -26.661560599999973], [-49.03614939999994, -26.661583699999937], [-49.03614239999996, -26.66159399999998], [-49.03613489999998, -26.661603599999978], [-49.036126999999965, -26.661612499999933], [-49.036109599999975, -26.66162879999996], [-49.03609019999993, -26.661643399999946], [-49.03607969999996, -26.66165019999994], [-49.03605769999996, -26.661662999999976], [-49.036023099999966, -26.661679999999933], [-49.03595359999997, -26.66171049999997], [-49.035929399999986, -26.66172249999994], [-49.03591689999996, -26.661729399999956], [-49.03589079999995, -26.661745199999928], [-49.03580539999996, -26.66180129999998], [-49.03577509999997, -26.661819899999955], [-49.03572779999996, -26.66184629999998], [-49.03567769999995, -26.66187119999995], [-49.03564279999995, -26.66188699999998], [-49.035590799999966, -26.661908799999935], [-49.03554339999994, -26.661927399999968], [-49.03550349999995, -26.661941799999965], [-49.03547889999993, -26.66194939999997], [-49.03545359999998, -26.661955999999975], [-49.035425799999985, -26.661961799999972], [-49.03537899999998, -26.66196919999993], [-49.03534569999994, -26.661973199999977], [-49.035311999999976, -26.661976399999958], [-49.03527889999998, -26.66197879999993], [-49.035232399999984, -26.66198079999998], [-49.03519239999997, -26.66198099999997], [-49.035170499999936, -26.661980099999937], [-49.035150999999985, -26.66197829999993], [-49.03513229999999, -26.66197539999996], [-49.03510189999997, -26.661968599999966], [-49.03506749999997, -26.661958999999968], [-49.03503359999996, -26.661948199999983], [-49.035004999999956, -26.661937499999965], [-49.03498879999995, -26.661929999999927], [-49.03498119999995, -26.66192579999995], [-49.03496609999996, -26.661915999999962], [-49.03495039999996, -26.661903799999948], [-49.034933999999964, -26.661888999999974], [-49.03491779999996, -26.661872199999948], [-49.03490259999995, -26.66185399999995], [-49.03488919999995, -26.66183499999994], [-49.034883399999956, -26.661825299999975], [-49.034873699999935, -26.66180529999997], [-49.034866299999976, -26.661784299999965], [-49.034861399999954, -26.661761999999953], [-49.03485989999996, -26.661750299999937], [-49.03485889999996, -26.661738199999945], [-49.03485859999995, -26.661712299999976], [-49.03486179999993, -26.66166839999994], [-49.03487089999993, -26.661599099999933], [-49.03489019999995, -26.66147689999997], [-49.03489339999993, -26.661447299999963], [-49.03489399999995, -26.661429299999952], [-49.034892499999955, -26.661401499999954], [-49.03488919999995, -26.66138209999997], [-49.03488669999996, -26.66137219999996], [-49.03487979999994, -26.661351899999943], [-49.03487529999995, -26.661341599999957], [-49.034864599999935, -26.66132079999994], [-49.03485219999993, -26.66130099999998], [-49.034839199999965, -26.66128299999997], [-49.03482619999994, -26.661267899999928], [-49.034813499999984, -26.661255799999935], [-49.03480069999995, -26.66124579999996], [-49.03478729999995, -26.66123699999997], [-49.03476509999996, -26.661224499999946], [-49.034748699999966, -26.661216199999956], [-49.03472169999998, -26.66120399999994], [-49.03469199999995, -26.661192299999982], [-49.03465149999994, -26.66117829999996], [-49.03460739999997, -26.66116459999995], [-49.03458299999994, -26.661158299999954], [-49.034555799999964, -26.66115259999998], [-49.03452439999995, -26.661147399999948], [-49.03450219999996, -26.661144399999955], [-49.034468799999956, -26.66114099999993], [-49.034436599999935, -26.661138999999935], [-49.034406099999956, -26.66113869999998], [-49.034386799999936, -26.661139499999933], [-49.03435959999996, -26.66114189999996], [-49.03432609999993, -26.66114699999997], [-49.03430259999993, -26.66115209999998], [-49.03427789999995, -26.661159099999963], [-49.03424959999995, -26.661168999999973], [-49.034217499999954, -26.66118169999993], [-49.034158299999945, -26.661206499999935], [-49.03412509999998, -26.661221699999942], [-49.03409659999994, -26.66123689999995], [-49.034062699999936, -26.661256699999967], [-49.034015599999975, -26.661285799999973], [-49.03397339999998, -26.661313399999983], [-49.03395479999995, -26.661326799999983], [-49.03393779999993, -26.661340199999984], [-49.033915099999945, -26.661360999999943], [-49.03382529999993, -26.661454099999958], [-49.03379839999997, -26.66148439999995], [-49.03377859999995, -26.661508199999957], [-49.03374679999996, -26.661549099999945], [-49.03372469999994, -26.661579699999947], [-49.03370279999996, -26.661611499999935], [-49.03366239999997, -26.661672599999974], [-49.03359429999995, -26.661779399999944], [-49.033564799999965, -26.66182329999998], [-49.033550599999955, -26.661843099999942], [-49.03353709999993, -26.661860399999966], [-49.033518199999946, -26.661881299999948], [-49.03350519999998, -26.661892799999976], [-49.033498399999985, -26.661898099999974], [-49.033483599999954, -26.661907999999983], [-49.03346719999996, -26.66191729999997], [-49.03343989999996, -26.661930199999972], [-49.03340989999998, -26.661942099999976], [-49.03337789999995, -26.66195289999996], [-49.033344399999976, -26.661961799999972], [-49.033321599999965, -26.66196649999995], [-49.03331009999994, -26.661968199999933], [-49.033298599999966, -26.66196999999994], [-49.033275499999945, -26.661972599999956], [-49.03325259999997, -26.661974199999975], [-49.03321859999994, -26.661975199999972], [-49.03319499999998, -26.66197479999994], [-49.03316899999993, -26.661973199999977], [-49.03312239999997, -26.661968199999933], [-49.03308549999997, -26.661962999999957], [-49.03304479999997, -26.661956199999963], [-49.03297889999993, -26.66194299999995], [-49.032910399999935, -26.66192639999997], [-49.03286529999997, -26.661914199999956], [-49.03282219999994, -26.661901499999942], [-49.032782399999974, -26.661888999999974], [-49.03274499999998, -26.66187649999995], [-49.03268819999994, -26.661855599999967], [-49.03262259999997, -26.66182969999994], [-49.03244529999995, -26.66175709999993], [-49.03236019999997, -26.66172309999996], [-49.03230419999994, -26.661701799999946], [-49.03219619999993, -26.661662299999932], [-49.03214239999994, -26.66164189999995], [-49.03210629999995, -26.661627099999976], [-49.032068899999956, -26.661610499999938], [-49.032029199999954, -26.661591099999953], [-49.03198409999993, -26.66156849999993], [-49.03172429999995, -26.662002599999937], [-49.01817539999996, -26.68464199999994], [-49.01851469999997, -26.684554999999932], [-49.01882919999997, -26.68449769999995], [-49.01908229999998, -26.684498099999928], [-49.01919849999996, -26.684512299999938], [-49.019329099999936, -26.684556399999963], [-49.01941359999995, -26.684620799999948], [-49.01948249999998, -26.684701599999983], [-49.01965339999998, -26.684907599999974], [-49.01972589999997, -26.685010499999976], [-49.019784699999946, -26.685141399999964], [-49.01982829999997, -26.685331299999973], [-49.01983829999995, -26.685496899999976], [-49.01983949999993, -26.68571399999996], [-49.019835099999966, -26.685933699999964], [-49.019834999999944, -26.686004599999933], [-49.019831599999975, -26.686116999999967], [-49.01984169999997, -26.686183399999948], [-49.019863999999984, -26.686234199999944], [-49.01988589999996, -26.68627799999996], [-49.01991229999993, -26.686304099999973], [-49.01994549999995, -26.68632679999996], [-49.01999299999994, -26.68634069999996], [-49.020073999999966, -26.686310299999946], [-49.02024239999997, -26.68617039999998], [-49.02037619999993, -26.686002499999972], [-49.02049409999995, -26.685825799999975], [-49.02071319999993, -26.68561879999993], [-49.02082219999994, -26.685534599999983], [-49.020943399999965, -26.68547989999996], [-49.02119079999994, -26.685389399999963], [-49.02143389999998, -26.685344399999963], [-49.02179719999998, -26.685325099999943], [-49.022241399999984, -26.685306099999934], [-49.02271419999994, -26.68524679999996], [-49.02314719999998, -26.68518789999996], [-49.02364659999995, -26.685127999999963], [-49.02415109999998, -26.68514579999993], [-49.02431729999995, -26.685149499999966], [-49.02445949999998, -26.68515969999993], [-49.02480889999998, -26.68521279999993], [-49.025134899999955, -26.685302399999955], [-49.02560489999996, -26.68552449999993], [-49.02580059999997, -26.68561889999995], [-49.02599329999998, -26.685761399999933], [-49.02620069999995, -26.685932599999944], [-49.02629329999996, -26.686038199999928], [-49.02636469999993, -26.686144799999965], [-49.02648199999993, -26.686376199999984], [-49.02653239999995, -26.686492199999975], [-49.02655509999994, -26.686600399999975], [-49.02662909999998, -26.686898199999973], [-49.02669769999994, -26.687052199999982], [-49.02679869999997, -26.687176699999952], [-49.02702599999998, -26.68736729999995], [-49.02716829999997, -26.687502999999936], [-49.02729149999993, -26.687653199999943], [-49.02734179999993, -26.68772759999996], [-49.02736839999994, -26.687808899999936], [-49.02741519999995, -26.688025299999936], [-49.02746829999995, -26.68846119999995], [-49.02756279999994, -26.68892169999998], [-49.02775269999995, -26.68940139999995], [-49.027858299999934, -26.689598199999978], [-49.027984799999956, -26.689734999999928], [-49.02845369999994, -26.69018049999994], [-49.02885679999997, -26.69045479999994], [-49.02958599999994, -26.69079729999993], [-49.030557399999964, -26.69129769999995], [-49.030940999999984, -26.69153579999994], [-49.03113109999998, -26.691685399999983], [-49.031249499999944, -26.691831999999977], [-49.03144919999994, -26.692238499999974], [-49.03152419999998, -26.692485399999953], [-49.03168889999995, -26.692883799999947], [-49.03177199999993, -26.693029299999978], [-49.03189389999994, -26.693156599999952], [-49.03219889999997, -26.69338819999996], [-49.03234539999994, -26.693465199999935], [-49.03246009999998, -26.693585799999937], [-49.032533599999965, -26.693731699999944], [-49.03256299999998, -26.69392279999994], [-49.03256739999995, -26.694699499999956], [-49.03257099999996, -26.695114699999976], [-49.03263169999997, -26.695512099999974], [-49.03272659999993, -26.69592229999995], [-49.032754299999965, -26.696020699999963], [-49.03279489999994, -26.69609989999998], [-49.03293919999993, -26.69627909999997], [-49.03346929999998, -26.696784199999968], [-49.03398639999995, -26.69725669999997], [-49.03428399999996, -26.69752079999995], [-49.034351199999946, -26.69758029999997], [-49.034442799999965, -26.697628399999928], [-49.03460229999996, -26.69769729999996], [-49.03471289999993, -26.697762799999964], [-49.03482339999994, -26.69790569999998], [-49.03487499999994, -26.698032099999978], [-49.03490339999996, -26.698173099999963], [-49.034986199999935, -26.69881879999997], [-49.03522809999998, -26.699223699999948], [-49.03537819999997, -26.699402299999974], [-49.03561229999997, -26.699629999999956], [-49.03574859999998, -26.699715699999956], [-49.035823499999935, -26.699737399999947], [-49.03589889999995, -26.699752399999966], [-49.036004899999966, -26.699760699999956], [-49.036076099999946, -26.699751599999956], [-49.03614679999998, -26.699738099999934], [-49.036531999999966, -26.699643899999955], [-49.03669999999994, -26.69961509999996], [-49.03689909999997, -26.699608699999942], [-49.03707069999996, -26.699630199999945], [-49.037423099999955, -26.699677599999973], [-49.03793849999994, -26.699777599999948], [-49.03809919999998, -26.699839699999927], [-49.038237899999956, -26.699933999999928], [-49.03848809999994, -26.700160099999948], [-49.03867219999995, -26.70038619999997], [-49.03893229999994, -26.70073179999997], [-49.03911449999998, -26.700936999999954], [-49.03927619999996, -26.701059099999952], [-49.039597999999955, -26.70120879999996], [-49.039976699999954, -26.701339299999972], [-49.041627999999946, -26.70172329999997], [-49.04187419999994, -26.701798099999962], [-49.04210469999998, -26.70189929999998], [-49.04254969999994, -26.70216369999997], [-49.042804399999966, -26.702311299999963], [-49.04296109999996, -26.702445299999965], [-49.04323979999998, -26.70270299999993], [-49.04347689999997, -26.702990099999965], [-49.043759799999975, -26.70325239999994], [-49.04383699999994, -26.703345199999944], [-49.04387689999999, -26.703413599999976], [-49.04389859999998, -26.70350609999997], [-49.04390399999994, -26.703680299999974], [-49.04393209999995, -26.70380209999996], [-49.04396209999993, -26.70386549999995], [-49.044002999999975, -26.70391909999995], [-49.044129699999985, -26.70401659999993], [-49.04444969999997, -26.704194799999982], [-49.04500219999994, -26.704421399999944], [-49.04516369999993, -26.70446329999993], [-49.04577439999997, -26.70465729999995], [-49.04594009999994, -26.70470039999998], [-49.046190399999944, -26.704755499999976], [-49.046384899999964, -26.70482549999997], [-49.04653769999993, -26.704915699999958], [-49.04663409999995, -26.705007399999943], [-49.04666759999998, -26.705050299999982], [-49.04669089999993, -26.70509569999996], [-49.04672839999995, -26.70530599999995], [-49.046738699999935, -26.705542199999968], [-49.046738199999936, -26.70576209999996], [-49.04674289999997, -26.70582539999998], [-49.046761499999945, -26.705891599999973], [-49.046816699999965, -26.706021299999975], [-49.046897799999954, -26.70612129999995], [-49.047062799999935, -26.706327899999962], [-49.047424099999944, -26.70672479999996], [-49.047487899999965, -26.706776299999945], [-49.047532899999965, -26.706798299999946], [-49.047574399999974, -26.70681079999997], [-49.04775809999995, -26.706853499999966], [-49.04780699999998, -26.706867599999953], [-49.047856399999944, -26.706890399999963], [-49.047892899999965, -26.70691949999997], [-49.047923999999966, -26.70696259999994], [-49.047971099999984, -26.707055899999943], [-49.04806119999995, -26.707303099999933], [-49.04809119999993, -26.707373099999984], [-49.048135799999955, -26.70743829999998], [-49.04843409999995, -26.70783119999993], [-49.048713299999974, -26.708252999999957], [-49.04887659999997, -26.70856749999996], [-49.04900679999997, -26.70890129999998], [-49.04915559999995, -26.70927709999995], [-49.04925569999995, -26.709657899999968], [-49.049279499999955, -26.70994859999996], [-49.04933519999997, -26.710211699999945], [-49.04936399999997, -26.710343499999965], [-49.04939609999997, -26.71047169999997], [-49.04940239999996, -26.71055139999993], [-49.04940019999998, -26.710622499999943], [-49.04936649999996, -26.710747899999944], [-49.049324199999944, -26.710811399999955], [-49.049265599999956, -26.710870299999954], [-49.049187899999936, -26.710937999999942], [-49.04909669999995, -26.710996799999975], [-49.04886709999994, -26.71110939999994], [-49.04858729999995, -26.711236799999938], [-49.048428599999966, -26.711288999999965], [-49.04827089999998, -26.71135929999997], [-49.048089699999935, -26.711441099999945], [-49.04792749999996, -26.711557399999947], [-49.047761299999934, -26.711719099999982], [-49.047616999999946, -26.711960499999975], [-49.04759619999993, -26.712127899999928], [-49.04761579999996, -26.71227959999993], [-49.04765649999996, -26.71240819999997], [-49.04777939999997, -26.712674799999945], [-49.04790349999996, -26.712855399999967], [-49.048100699999964, -26.713066199999957], [-49.04820109999997, -26.71315459999994], [-49.04829989999996, -26.71321279999995], [-49.048617999999976, -26.71337969999996], [-49.04874709999996, -26.713465499999984], [-49.04886349999998, -26.71355639999996], [-49.049219799999946, -26.713876699999958], [-49.04935889999996, -26.714038999999957], [-49.04943559999998, -26.714235599999938], [-49.04945299999997, -26.714363399999968], [-49.049451799999986, -26.71451899999994], [-49.04944619999998, -26.714624799999967], [-49.049411299999974, -26.714731899999947], [-49.049338699999964, -26.71486859999993], [-49.049210699999946, -26.715051199999948], [-49.04880459999998, -26.715503699999942], [-49.04871579999997, -26.71561639999993], [-49.04864479999998, -26.715746799999977], [-49.04855409999993, -26.71600159999997], [-49.04852129999995, -26.716097099999956], [-49.048512899999935, -26.71618929999994], [-49.048524999999984, -26.71627579999995], [-49.04855669999995, -26.716368299999942], [-49.04860759999997, -26.716459199999974], [-49.04862849999995, -26.716535199999953], [-49.04862909999997, -26.716567899999973], [-49.04861989999995, -26.716598699999963], [-49.04859279999994, -26.716657399999974], [-49.04854209999996, -26.716715699999952], [-49.04848659999993, -26.716763899999933], [-49.048398599999985, -26.716805999999963], [-49.048333499999956, -26.716833099999974], [-49.04828939999993, -26.716856699999937], [-49.048257099999944, -26.716896899999938], [-49.04823509999994, -26.71693879999998], [-49.048224699999935, -26.716995099999963], [-49.04821689999994, -26.717236799999966], [-49.04825029999995, -26.71746669999993], [-49.04831709999996, -26.717740499999934], [-49.04845069999993, -26.71817539999995], [-49.04853699999995, -26.718600299999935], [-49.04858439999998, -26.718999699999983], [-49.04856539999997, -26.719140899999957], [-49.048526799999934, -26.719263499999954], [-49.04844979999996, -26.719352399999934], [-49.04839909999998, -26.719395499999962], [-49.048342899999966, -26.719433599999945], [-49.04825089999997, -26.719471399999975], [-49.04808219999995, -26.71952479999993], [-49.04739289999998, -26.71969789999997], [-49.04639009999994, -26.720031999999946], [-49.04614849999996, -26.72034469999994], [-49.04567559999998, -26.721301799999935], [-49.04556829999996, -26.72153099999997], [-49.045378599999935, -26.72236049999998], [-49.045303899999965, -26.72280029999996], [-49.04529569999994, -26.723014099999943], [-49.04531369999995, -26.723155599999927], [-49.045343199999934, -26.723290499999962], [-49.04537099999993, -26.723499199999935], [-49.045371099999954, -26.72369619999995], [-49.045331799999985, -26.723950999999943], [-49.04528239999996, -26.724123799999973], [-49.04520709999997, -26.724297599999943], [-49.04511789999998, -26.72444219999994], [-49.04501129999994, -26.72458949999998], [-49.04480629999995, -26.724787499999934], [-49.04451349999994, -26.724909599999933], [-49.04325789999996, -26.72557089999998], [-49.04199239999997, -26.726746299999945], [-49.04172529999994, -26.726922399999978], [-49.04133869999998, -26.727182699999958], [-49.040953799999954, -26.727497599999936], [-49.04072339999993, -26.727736299999947], [-49.04045049999996, -26.728079299999933], [-49.04026669999996, -26.728327599999943], [-49.040147899999965, -26.728444199999956], [-49.04007429999996, -26.72853209999994], [-49.04006829999997, -26.728562199999942], [-49.04007479999996, -26.72859159999996], [-49.04010509999995, -26.728655199999935], [-49.04014229999996, -26.72872119999994], [-49.04018419999994, -26.728828799999974], [-49.040214599999956, -26.72895639999996], [-49.04028139999997, -26.72939539999993], [-49.04037509999995, -26.73001839999995], [-49.04038189999994, -26.730139099999974], [-49.04037919999996, -26.73020209999993], [-49.04036759999997, -26.730277499999943], [-49.040332999999976, -26.730406699999946], [-49.04027929999995, -26.730544899999927], [-49.04023399999994, -26.73068089999998], [-49.040175499999975, -26.730803899999955], [-49.040174399999955, -26.730805699999962], [-49.040075299999955, -26.73097809999996], [-49.04001509999995, -26.731121799999983], [-49.03997369999996, -26.731267299999956], [-49.03989139999993, -26.73152589999995], [-49.03985749999998, -26.731682699999965], [-49.039846299999965, -26.731727699999965], [-49.03984479999997, -26.73176909999995], [-49.03984859999997, -26.73181999999997], [-49.03986149999997, -26.731857099999957], [-49.03994069999993, -26.732042999999976], [-49.040054199999986, -26.73234039999994], [-49.04008849999997, -26.732469799999933], [-49.040113599999984, -26.73261229999997], [-49.04011499999996, -26.732819199999938], [-49.04012779999994, -26.732901699999957], [-49.040147599999955, -26.733079999999973], [-49.04030279999995, -26.733693399999936], [-49.040322799999956, -26.73386849999997], [-49.04034059999998, -26.73406609999995], [-49.04034139999993, -26.73415179999995], [-49.04033059999995, -26.73423189999994], [-49.040301399999976, -26.734379399999966], [-49.040191799999945, -26.734945599999946], [-49.04019939999995, -26.735031499999934], [-49.04022089999995, -26.73512359999995], [-49.04027369999994, -26.73518869999998], [-49.040354699999966, -26.73522849999995], [-49.04053589999995, -26.735296699999935], [-49.04122159999997, -26.735568399999977], [-49.04178939999997, -26.735768899999982], [-49.042098299999964, -26.73587349999997], [-49.04231619999996, -26.735995699999933], [-49.04260519999997, -26.736278699999957], [-49.042909399999985, -26.736544899999956], [-49.04326589999994, -26.736794799999927], [-49.04353159999994, -26.73695429999998], [-49.04401569999993, -26.73722349999997], [-49.04419299999995, -26.737342299999966], [-49.04432689999993, -26.737455099999977], [-49.04436399999997, -26.73752029999997], [-49.04438799999997, -26.73760919999995], [-49.044442199999935, -26.737971199999947], [-49.044507299999964, -26.738220599999977], [-49.04455489999998, -26.738296999999932], [-49.044611499999974, -26.738360799999953], [-49.04467649999998, -26.73841649999997], [-49.04474129999994, -26.738461299999983], [-49.04488059999994, -26.738522199999977], [-49.04494809999994, -26.73855759999998], [-49.04535519999996, -26.738850799999966], [-49.04549599999996, -26.738939099999982], [-49.045660099999964, -26.73901319999993], [-49.04637139999994, -26.739245299999936], [-49.047067399999946, -26.739545199999952], [-49.04770469999994, -26.739828399999965], [-49.048300799999936, -26.740043799999967], [-49.04836869999997, -26.740070899999978], [-49.04842009999993, -26.740107699999953], [-49.04851619999994, -26.74019389999995], [-49.048730399999954, -26.740434999999934], [-49.04891239999995, -26.740647299999978], [-49.049009199999944, -26.74075179999994], [-49.04908769999997, -26.74087099999997], [-49.04927079999993, -26.741228399999954], [-49.04939899999994, -26.741404099999954], [-49.049562599999945, -26.741580599999963], [-49.049888099999976, -26.741918899999973], [-49.05002189999993, -26.74209909999996], [-49.05005989999995, -26.74217909999993], [-49.05007509999996, -26.742249699999945], [-49.05009019999994, -26.742322399999978], [-49.050097499999936, -26.742399199999966], [-49.050094899999976, -26.742530899999963], [-49.050067199999944, -26.74266579999994], [-49.05002779999995, -26.742846399999962], [-49.04974859999993, -26.74347359999996], [-49.04922399999998, -26.74466519999993], [-49.04882739999994, -26.74563089999998], [-49.04877799999997, -26.745761499999958], [-49.04874109999997, -26.74590539999997], [-49.04872839999996, -26.746001199999967], [-49.048725099999956, -26.746141399999942], [-49.048713099999986, -26.746230699999956], [-49.04867029999997, -26.74638029999994], [-49.04858829999995, -26.746539799999937], [-49.04843959999994, -26.74673669999993], [-49.048236799999984, -26.746903999999972], [-49.04806199999996, -26.74701829999998], [-49.04784739999997, -26.74709789999997], [-49.04768969999998, -26.74709779999995], [-49.047365499999955, -26.747045199999945], [-49.04719389999997, -26.74704829999996], [-49.04705749999994, -26.747115399999927], [-49.046970999999985, -26.747205299999962], [-49.04691649999995, -26.747350499999982], [-49.04695209999994, -26.74768219999993], [-49.04705199999995, -26.748045099999956], [-49.04737149999994, -26.74884449999996], [-49.04743479999996, -26.749099099999967], [-49.04746609999995, -26.749335199999962], [-49.04747409999993, -26.749458999999945], [-49.04745209999993, -26.749577599999952], [-49.047424399999954, -26.749703199999942], [-49.04735549999998, -26.749823099999958], [-49.047202899999945, -26.74997369999994], [-49.04706299999998, -26.750171799999976], [-49.04694489999997, -26.750417099999936], [-49.04683579999994, -26.750745999999936], [-49.046753699999954, -26.751155799999935], [-49.04662889999997, -26.75154269999996], [-49.04646509999998, -26.751863699999944], [-49.046270499999935, -26.752138899999977], [-49.04607789999994, -26.752339199999938], [-49.045379699999955, -26.752902499999948], [-49.04516679999995, -26.753097999999966], [-49.04424299999994, -26.754161599999975], [-49.043967599999974, -26.754425599999934], [-49.04363079999996, -26.75472309999998], [-49.04358129999997, -26.75478499999997], [-49.04355069999997, -26.754861199999937], [-49.043543399999976, -26.754923099999928], [-49.04356319999994, -26.754998299999954], [-49.04369079999998, -26.755471399999976], [-49.04382229999993, -26.755714599999976], [-49.043849499999965, -26.755806999999947], [-49.04386669999997, -26.755900899999972], [-49.043944899999985, -26.75639289999998], [-49.04398229999998, -26.75666039999993], [-49.04398779999997, -26.75694119999997], [-49.04399519999998, -26.757051799999942], [-49.04398579999997, -26.757167299999935], [-49.04397719999997, -26.757275599999957], [-49.04395109999996, -26.757369299999937], [-49.04391049999998, -26.757447299999967], [-49.04387099999997, -26.757493799999963], [-49.043840999999986, -26.75751619999994], [-49.043802599999935, -26.75753279999998], [-49.04372479999995, -26.75757169999997], [-49.043647299999975, -26.75762489999994], [-49.04355599999997, -26.75767929999995], [-49.043476699999985, -26.757724499999938], [-49.043453399999976, -26.757738099999983], [-49.043429499999945, -26.75775939999994], [-49.04338219999994, -26.757816099999957], [-49.04334069999993, -26.757868499999972], [-49.04329689999997, -26.75793699999997], [-49.04327729999994, -26.75797419999998], [-49.04326379999998, -26.75801679999995], [-49.04323939999995, -26.75808669999998], [-49.04315479999997, -26.75827979999997], [-49.043137599999966, -26.75833419999998], [-49.04311289999998, -26.758436999999958], [-49.043101699999966, -26.758480599999928], [-49.04306649999995, -26.758564199999967], [-49.04301369999996, -26.758639099999982], [-49.042899199999965, -26.758769599999937], [-49.04285679999998, -26.75884179999997], [-49.04284299999995, -26.75895879999996], [-49.04284579999995, -26.75906559999993], [-49.042857399999946, -26.759189299999946], [-49.042862999999954, -26.759727899999973], [-49.04286709999997, -26.75988769999998], [-49.04289159999996, -26.76007409999994], [-49.04290249999997, -26.760145199999954], [-49.04292899999996, -26.760212499999966], [-49.04302769999998, -26.760349599999984], [-49.04313929999995, -26.76053799999994], [-49.04315319999995, -26.76058029999996], [-49.04315109999993, -26.76062429999996], [-49.04313859999996, -26.76066519999995], [-49.04310979999997, -26.760702099999946], [-49.04303239999996, -26.76074129999995], [-49.04286819999993, -26.760798199999954], [-49.04277179999997, -26.76084009999994], [-49.042641999999944, -26.76088999999996], [-49.042520699999955, -26.760956499999963], [-49.04246169999993, -26.76100359999998], [-49.04241849999994, -26.761064499999975], [-49.04239249999995, -26.761198499999978], [-49.04238639999994, -26.761346999999944], [-49.042399699999976, -26.761472499999968], [-49.04242889999995, -26.76158879999997], [-49.04253709999995, -26.76190889999998], [-49.042577499999936, -26.762094799999943], [-49.04259529999996, -26.762297899999965], [-49.04255809999995, -26.762881899999968], [-49.042509199999984, -26.763879799999984], [-49.04242329999994, -26.764940199999955], [-49.04235219999998, -26.765507599999978], [-49.04233419999997, -26.76559599999996], [-49.04228309999996, -26.76573639999998], [-49.04220239999995, -26.76586839999993], [-49.04211639999994, -26.765979199999947], [-49.04199219999998, -26.766082799999936], [-49.041681799999935, -26.76628779999993], [-49.04140019999994, -26.766435599999966], [-49.04126069999995, -26.76649409999993], [-49.04112279999998, -26.766545599999972], [-49.04090169999995, -26.766629699999953], [-49.04070679999995, -26.76668959999995], [-49.04047949999995, -26.76673219999998], [-49.040302199999985, -26.766768999999954], [-49.04011609999998, -26.766821499999935], [-49.03999609999994, -26.76686449999994], [-49.03985679999994, -26.766969899999935], [-49.039728099999934, -26.767087499999946], [-49.039534999999944, -26.767316299999948], [-49.03940979999993, -26.76751539999998], [-49.039327399999934, -26.767671099999973], [-49.039252999999974, -26.767899399999976], [-49.039218699999935, -26.768079499999942], [-49.039203499999985, -26.768170099999963], [-49.039176199999986, -26.768267099999946], [-49.039116399999955, -26.768416599999966], [-49.03901609999997, -26.768677799999978], [-49.038926999999944, -26.76882269999993], [-49.038818799999945, -26.768946699999958], [-49.03864519999996, -26.769206099999963], [-49.038531399999954, -26.76935039999995], [-49.03841309999996, -26.769543899999974], [-49.03834269999993, -26.76968059999996], [-49.03830309999995, -26.769813099999965], [-49.038278799999944, -26.76994929999995], [-49.038259299999936, -26.770090399999958], [-49.03821879999998, -26.770243499999935], [-49.03815559999998, -26.77040599999998], [-49.03801039999996, -26.77067569999997], [-49.03777009999993, -26.771023899999932], [-49.03689859999997, -26.772249899999963], [-49.03641259999995, -26.77243949999996], [-49.03619629999997, -26.772528299999976], [-49.03606089999994, -26.772568999999976], [-49.03588129999997, -26.772641799999974], [-49.03578999999996, -26.77268799999996], [-49.03570049999996, -26.772755099999983], [-49.03539209999997, -26.77303409999996], [-49.03526849999997, -26.773143699999935], [-49.035168099999964, -26.77322339999995], [-49.03502759999998, -26.773362799999973], [-49.034879399999966, -26.77347539999994], [-49.034738999999945, -26.773653399999944], [-49.034625699999935, -26.773832599999935], [-49.03447259999996, -26.773981599999956], [-49.03418719999996, -26.774178199999938], [-49.03404989999996, -26.77430479999998], [-49.034014999999954, -26.774345899999958], [-49.03398439999995, -26.774361099999965], [-49.03394179999998, -26.774371499999972], [-49.03386939999996, -26.77437709999998], [-49.03383149999996, -26.774392999999975], [-49.03380099999998, -26.774423199999944], [-49.03377769999997, -26.774467699999946], [-49.033759299999986, -26.774518899999975], [-49.03372359999997, -26.77465419999993], [-49.03365429999997, -26.774901799999952], [-49.033532099999945, -26.77516829999996], [-49.033413199999984, -26.77539299999995], [-49.03335519999996, -26.77551239999997], [-49.033303599999954, -26.775649399999963], [-49.03327379999996, -26.77571709999995], [-49.03322459999998, -26.775784399999964], [-49.03313869999994, -26.775931899999932], [-49.033055899999965, -26.776046099999974], [-49.03301399999998, -26.776102699999967], [-49.03296369999998, -26.776149699999962], [-49.032910399999935, -26.776192599999945], [-49.032834099999945, -26.776232299999947], [-49.03248479999996, -26.77639039999997], [-49.03213139999997, -26.776562299999966], [-49.03207409999993, -26.77659619999997], [-49.03202819999996, -26.77664139999996], [-49.03196759999997, -26.77671449999997], [-49.03191919999995, -26.77679429999995], [-49.03186939999995, -26.776881599999967], [-49.031833699999936, -26.776958899999954], [-49.03181549999994, -26.77702809999994], [-49.03178289999994, -26.777168999999958], [-49.03177069999998, -26.777218999999945], [-49.031754199999966, -26.77727129999994], [-49.031718299999966, -26.777354899999978], [-49.031667899999945, -26.77742989999996], [-49.03154869999997, -26.77756039999997], [-49.031373299999984, -26.777756199999942], [-49.031258899999955, -26.77791639999998], [-49.031159199999934, -26.77803289999997], [-49.03104509999997, -26.778163699999936], [-49.03099109999994, -26.778195099999948], [-49.03092019999997, -26.77821629999994], [-49.03084719999998, -26.778233899999975], [-49.03074479999998, -26.77823619999998], [-49.030696699999964, -26.77824339999995], [-49.03065219999996, -26.778260099999954], [-49.030544299999974, -26.77829989999998], [-49.030458399999986, -26.778333499999974], [-49.03033849999997, -26.778398099999947], [-49.03093129999996, -26.778394799999944], [-49.03139009999995, -26.778399599999943], [-49.03151449999996, -26.778392099999962], [-49.03156649999994, -26.778385799999967], [-49.03158829999995, -26.778377899999953], [-49.03161049999994, -26.778365899999983], [-49.03168279999994, -26.778318499999955], [-49.031732799999986, -26.778258199999982], [-49.03182149999998, -26.778133499999967], [-49.03188849999998, -26.77808699999997], [-49.03196129999998, -26.778070899999932], [-49.03217239999998, -26.77806069999997], [-49.03241799999995, -26.77807439999998], [-49.032597599999974, -26.778088799999978], [-49.03310049999993, -26.778141799999958], [-49.033213399999966, -26.77815549999997], [-49.03357409999995, -26.778160499999956], [-49.033640799999944, -26.77815419999996], [-49.03371789999994, -26.778127799999936], [-49.03377679999994, -26.778129099999944], [-49.03383809999997, -26.778141999999946], [-49.03405159999994, -26.77823619999998], [-49.03416639999995, -26.778319299999964], [-49.03420699999998, -26.77836419999994], [-49.03423479999998, -26.77842529999998], [-49.03424699999994, -26.77844079999994], [-49.03426539999998, -26.778448899999944], [-49.03432719999995, -26.778464799999938], [-49.03464749999995, -26.778496299999972], [-49.034752099999935, -26.778498699999943], [-49.03484539999994, -26.778484399999968], [-49.03510709999995, -26.778413499999942], [-49.03525569999994, -26.778353299999935], [-49.03538529999997, -26.77827529999996], [-49.03548089999998, -26.77819889999995], [-49.03562249999993, -26.77801039999997], [-49.03568889999997, -26.77795139999995], [-49.03579579999996, -26.77789309999997], [-49.03632449999998, -26.77769619999998], [-49.03642689999998, -26.777675099999954], [-49.03653339999994, -26.777661099999932], [-49.036855199999934, -26.777671099999964], [-49.036958399999946, -26.777691499999946], [-49.037104699999986, -26.77774299999993], [-49.03718079999993, -26.777755199999945], [-49.037440499999946, -26.777805399999977], [-49.037487399999975, -26.77781129999994], [-49.037527599999976, -26.77780599999994], [-49.037608699999964, -26.777760399999977], [-49.03774629999998, -26.777673499999935], [-49.03787829999993, -26.77757189999994], [-49.037904699999956, -26.77753219999994], [-49.037920199999974, -26.77748909999997], [-49.03799639999994, -26.77724519999998], [-49.03802879999995, -26.77717359999997], [-49.038076099999955, -26.777119599999935], [-49.03816489999997, -26.777034399999934], [-49.038261499999976, -26.77697009999997], [-49.03841369999998, -26.776925499999948], [-49.03857179999994, -26.776913699999966], [-49.03930809999997, -26.77700489999995], [-49.04009649999995, -26.77710019999995], [-49.04067709999998, -26.777106299999957], [-49.04103209999994, -26.777042499999936], [-49.04117969999999, -26.777030099999934], [-49.04161869999996, -26.777030399999944], [-49.04224329999994, -26.777043799999944], [-49.043142899999964, -26.776959999999974], [-49.04381009999997, -26.776853699999947], [-49.04392029999997, -26.776813699999934], [-49.04410299999995, -26.776707699999974], [-49.044475699999964, -26.77647369999994], [-49.04474879999998, -26.77626809999998], [-49.04507029999996, -26.776125599999943], [-49.04547779999996, -26.776022999999952], [-49.045709099999954, -26.77599429999998], [-49.04593909999994, -26.77600739999997], [-49.046256599999936, -26.776116899999977], [-49.04647389999997, -26.776214899999957], [-49.04658099999995, -26.776312599999983], [-49.04679009999995, -26.776603699999953], [-49.04683019999993, -26.77664989999994], [-49.04689429999996, -26.77667299999996], [-49.04706289999996, -26.77670429999995], [-49.04715209999995, -26.77673199999998], [-49.04728759999995, -26.776801899999953], [-49.04764839999996, -26.77709679999998], [-49.04786429999996, -26.77742139999998], [-49.04819869999994, -26.77799399999998], [-49.04841079999994, -26.778370999999936], [-49.04854499999993, -26.77873189999997], [-49.04866519999996, -26.77894939999993], [-49.04888399999993, -26.779098199999964], [-49.049099499999954, -26.77926439999993], [-49.04929379999993, -26.77938409999996], [-49.04940579999993, -26.779439999999965], [-49.04955309999997, -26.779484999999966], [-49.04984369999994, -26.779583899999977], [-49.049953699999946, -26.779619199999956], [-49.05021199999993, -26.779647099999977], [-49.05034519999998, -26.779698699999983], [-49.05053849999996, -26.779862599999944], [-49.05062039999996, -26.779898299999957], [-49.05147389999996, -26.780163399999935], [-49.05199769999996, -26.780405299999927], [-49.05249239999995, -26.78065349999997], [-49.05447099999998, -26.781477499999937], [-49.054954599999974, -26.78181349999994], [-49.055101599999944, -26.78189939999993], [-49.05513229999997, -26.78194919999993], [-49.05514299999993, -26.78201269999994], [-49.055140999999935, -26.782083499999942], [-49.05512629999998, -26.782156699999973], [-49.05503769999996, -26.78230179999997], [-49.054862699999944, -26.78260369999998], [-49.05411769999995, -26.783540699999946], [-49.05403609999996, -26.783676999999955], [-49.05377409999994, -26.78421899999995], [-49.05370329999994, -26.78429109999996], [-49.053659599999946, -26.78431919999997], [-49.05360069999995, -26.78434109999995], [-49.05341239999996, -26.784378599999968], [-49.053306099999986, -26.784424999999942], [-49.053214699999955, -26.784473699999978], [-49.05300429999994, -26.784631399999967], [-49.05265829999996, -26.784860299999934], [-49.05237329999994, -26.785113999999965], [-49.05159279999998, -26.785987699999964], [-49.05122709999995, -26.786358699999937], [-49.05109909999993, -26.78655169999996], [-49.051057399999934, -26.786664499999972], [-49.05104179999995, -26.786758799999973], [-49.05097749999993, -26.787022899999954], [-49.05096119999996, -26.78717869999997], [-49.05087729999997, -26.787594299999967], [-49.05083939999997, -26.787759499999936], [-49.050765499999954, -26.78798359999996], [-49.050716299999976, -26.788085499999966], [-49.05059899999998, -26.788235699999973], [-49.05053389999995, -26.788332399999945], [-49.05043639999997, -26.788576499999976], [-49.05040749999995, -26.78882959999993], [-49.05043569999998, -26.78907899999996], [-49.05050419999998, -26.78925879999997], [-49.05060979999996, -26.789500699999962], [-49.05069149999997, -26.789597699999945], [-49.05080389999995, -26.789689899999928], [-49.05112749999995, -26.78986519999995], [-49.05130819999994, -26.789983999999947], [-49.05136589999995, -26.790044299999977], [-49.05144949999993, -26.790164299999958], [-49.05157339999994, -26.790391099999965], [-49.05175399999996, -26.79088539999998], [-49.05198309999997, -26.79169749999994], [-49.052178599999934, -26.792116999999962], [-49.05244869999996, -26.792546199999947], [-49.05253109999995, -26.79266439999998], [-49.05260919999995, -26.792745599999932], [-49.05268739999997, -26.79280979999993], [-49.052950299999964, -26.793015799999978], [-49.05301929999996, -26.793075599999952], [-49.05311369999998, -26.79317759999998], [-49.05314629999998, -26.793228299999953], [-49.05316349999998, -26.793246499999952], [-49.053182799999945, -26.793260699999962], [-49.05319899999995, -26.79326939999993], [-49.05326749999995, -26.79330589999995], [-49.05331599999994, -26.793331799999976], [-49.05333459999997, -26.793343799999946], [-49.05344279999997, -26.79344029999993], [-49.05350949999996, -26.79351209999993], [-49.053562399999976, -26.79358579999996], [-49.05367469999993, -26.79391449999997], [-49.053778299999976, -26.79434569999995], [-49.05392869999997, -26.794601299999954], [-49.05394419999993, -26.794636899999944], [-49.05395239999996, -26.794677499999977], [-49.053953999999976, -26.79475949999994], [-49.053945699999986, -26.794788799999935], [-49.053923699999984, -26.79481809999993], [-49.05389629999996, -26.79484039999994], [-49.05386549999997, -26.79485859999994], [-49.05345159999996, -26.795071099999973], [-49.05244399999998, -26.795487999999978], [-49.05163319999997, -26.79588899999993], [-49.05140079999995, -26.79603229999998], [-49.05134949999996, -26.796091099999956], [-49.05131069999993, -26.796152099999972], [-49.05128689999998, -26.796216899999934], [-49.051266199999986, -26.796293299999945], [-49.051151999999945, -26.79708039999997], [-49.051158499999985, -26.797153399999956], [-49.05117779999995, -26.797228299999972], [-49.05120469999997, -26.797312099999942], [-49.05125469999996, -26.797424199999966], [-49.05130449999996, -26.797533899999962], [-49.05136739999995, -26.79771979999998], [-49.05138219999998, -26.797822099999962], [-49.05136319999997, -26.797937799999943], [-49.05133299999994, -26.798022899999978], [-49.051282199999946, -26.798117699999978], [-49.05115069999994, -26.798292699999934], [-49.05103539999993, -26.798425899999984], [-49.05073129999994, -26.798653299999955], [-49.05047889999997, -26.79883989999996], [-49.05038989999997, -26.798947099999964], [-49.05032269999998, -26.799058199999934], [-49.05012889999995, -26.799458499999957], [-49.049995199999955, -26.799759799999947], [-49.049978299999964, -26.799815999999964], [-49.04997739999993, -26.799876499999982], [-49.04998389999997, -26.799920999999983], [-49.04999749999996, -26.799958499999946], [-49.05011419999994, -26.80021499999998], [-49.05057819999996, -26.801112599999954], [-49.050887099999954, -26.801719299999945], [-49.05093949999997, -26.801942199999928], [-49.05094849999995, -26.802161699999942], [-49.05075089999997, -26.802813999999955], [-49.05048179999994, -26.80341439999995], [-49.04999929999997, -26.804708199999936], [-49.04981559999993, -26.805079499999977], [-49.04979199999997, -26.80525229999995], [-49.04979479999997, -26.805350999999973], [-49.04981879999997, -26.805438699999968], [-49.04984509999997, -26.805477499999938], [-49.04988079999998, -26.805511199999955], [-49.04996709999995, -26.805564999999945], [-49.05015789999993, -26.805656299999953], [-49.050341499999945, -26.80571989999993], [-49.05051679999997, -26.80578209999993], [-49.050675499999954, -26.80586519999997], [-49.05084009999996, -26.805959599999937], [-49.050979799999936, -26.806074299999977], [-49.051009799999974, -26.806123199999945], [-49.051031799999976, -26.806172799999956], [-49.05104279999995, -26.806227199999967], [-49.05104289999997, -26.80628399999995], [-49.05102109999996, -26.80659179999998], [-49.05096329999998, -26.80689209999997], [-49.05093809999994, -26.807304599999952], [-49.05089809999998, -26.80742879999997], [-49.05087669999995, -26.807469999999967], [-49.050840499999936, -26.807499699999937], [-49.05053769999995, -26.807682299999954], [-49.05033839999993, -26.807818399999974], [-49.05026979999997, -26.807892799999934], [-49.05022839999998, -26.80796799999996], [-49.05015949999995, -26.808158099999957], [-49.05004149999996, -26.808555599999977], [-49.04992149999998, -26.808716299999958], [-49.049579999999935, -26.809078599999964], [-49.04953139999998, -26.809145899999976], [-49.04951139999997, -26.809219799999937], [-49.04949199999999, -26.809342399999935], [-49.04948809999996, -26.80944919999996], [-49.049527799999964, -26.809768599999927], [-49.04952499999996, -26.809884099999977], [-49.04950839999998, -26.809978899999976], [-49.04944549999993, -26.810118399999965], [-49.04926519999998, -26.81039169999997], [-49.049170799999956, -26.81049189999993], [-49.04906139999997, -26.81056159999997], [-49.04862129999998, -26.81073859999998], [-49.04850349999998, -26.810804599999983], [-49.04787569999996, -26.81136289999995], [-49.04750459999997, -26.81152549999996], [-49.04713309999994, -26.81166049999996], [-49.04671609999997, -26.811802499999942], [-49.046340199999975, -26.811945299999934], [-49.04594359999993, -26.812138999999945], [-49.045704599999965, -26.812325099999953], [-49.04560559999993, -26.81245119999994], [-49.04514519999998, -26.812933899999962], [-49.04481329999993, -26.813415799999973], [-49.04467249999993, -26.813739299999952], [-49.044659999999965, -26.813818699999956], [-49.044669699999986, -26.813899999999933], [-49.04473809999996, -26.814057099999957], [-49.044780499999945, -26.814115199999947], [-49.04483699999997, -26.81416109999998], [-49.04504659999998, -26.81431219999996], [-49.04512009999996, -26.81438369999995], [-49.04539239999997, -26.814727799999957], [-49.04565199999996, -26.81551289999993], [-49.04575659999995, -26.81594199999995], [-49.04577819999997, -26.81628319999993], [-49.04586889999996, -26.816684799999962], [-49.046040999999946, -26.81710879999997], [-49.04619619999994, -26.817427099999975], [-49.046275299999934, -26.817632699999933], [-49.04632019999997, -26.817818299999942], [-49.04634069999997, -26.818443299999956], [-49.046358699999985, -26.81852209999994], [-49.04639519999995, -26.81859989999998], [-49.04645739999995, -26.81867939999995], [-49.046582599999965, -26.81882489999998], [-49.04674309999996, -26.818977699999948], [-49.04681289999996, -26.819007099999965], [-49.04698979999995, -26.819049899999982], [-49.04732699999994, -26.819078499999932], [-49.04767469999996, -26.81906559999993], [-49.04852829999993, -26.819123599999955], [-49.04870039999997, -26.81914569999998], [-49.04888329999994, -26.81918829999995], [-49.04896779999996, -26.81922499999996], [-49.04903899999994, -26.819290399999943], [-49.04916039999995, -26.81945589999998], [-49.04923359999998, -26.819631999999956], [-49.04936129999993, -26.820204399999966], [-49.04941689999998, -26.82075149999997], [-49.04947839999994, -26.821280599999966], [-49.04944359999996, -26.821792499999958], [-49.049215199999935, -26.822711999999967], [-49.04911029999994, -26.82317269999993], [-49.04907799999995, -26.823486999999943], [-49.04912189999993, -26.824036399999954], [-49.04915589999996, -26.824303699999973], [-49.04912939999997, -26.824436499999933], [-49.04910289999998, -26.824569399999973], [-49.049041399999965, -26.824730899999963], [-49.04899739999996, -26.824778799999933], [-49.04893569999996, -26.824813999999947], [-49.04858879999995, -26.824897299999975], [-49.04834329999994, -26.82496079999993], [-49.048122099999944, -26.82505249999997], [-49.04673299999996, -26.825820999999962], [-49.046554699999945, -26.825936199999944], [-49.046403099999964, -26.826102799999944], [-49.04626209999998, -26.82644289999996], [-49.046155699999986, -26.826802099999952], [-49.04605329999998, -26.827005199999974], [-49.04598079999994, -26.82708649999995], [-49.04592939999998, -26.827122199999963], [-49.045870099999945, -26.82714429999993], [-49.04525509999996, -26.827289099999973], [-49.04452719999995, -26.827557699999943], [-49.04444209999997, -26.827606299999957], [-49.04436839999994, -26.82766749999996], [-49.04416359999993, -26.827848399999937], [-49.04407489999994, -26.827904399999966], [-49.043992199999934, -26.827932999999973], [-49.04388149999994, -26.827948999999933], [-49.043732699999964, -26.827957999999967], [-49.043599599999936, -26.82795029999994], [-49.043462999999974, -26.827955499999973], [-49.04317819999994, -26.828003499999966], [-49.04304419999994, -26.828028399999937], [-49.04293519999993, -26.82805179999997], [-49.042807799999935, -26.82805479999996], [-49.04251549999998, -26.828000999999972], [-49.042467199999976, -26.828002899999944], [-49.042420499999935, -26.82802049999998], [-49.042377699999975, -26.828051399999936], [-49.04235199999994, -26.828092399999946], [-49.04223469999994, -26.828309099999956], [-49.04199339999997, -26.829072099999962], [-49.04181429999994, -26.829514099999983], [-49.041642199999956, -26.829850299999976], [-49.04138739999996, -26.83017529999995], [-49.04131359999997, -26.83033949999998], [-49.041187699999966, -26.831028499999945], [-49.041168099999936, -26.831273599999975], [-49.04115669999993, -26.831417099999953], [-49.04110879999996, -26.831554599999947], [-49.04104189999998, -26.831679399999928], [-49.04101669999994, -26.83173679999993], [-49.04089559999994, -26.832035599999983], [-49.04084899999998, -26.83210889999998], [-49.040777899999966, -26.832169799999974], [-49.040714899999955, -26.832276699999966], [-49.04070439999998, -26.832307899999932], [-49.040673099999935, -26.83240109999997], [-49.040660299999956, -26.83250709999993], [-49.040702299999964, -26.83262069999995], [-49.04086309999997, -26.83290379999994], [-49.040945499999964, -26.833086299999934], [-49.04102779999994, -26.833268799999928], [-49.04107239999996, -26.833692699999972], [-49.04105229999993, -26.83379259999998], [-49.041012499999965, -26.833900399999948], [-49.04093679999994, -26.834006099999954], [-49.04085349999997, -26.83408869999994], [-49.04067479999998, -26.834287399999937], [-49.04044429999993, -26.834501299999943], [-49.040276999999946, -26.83471979999996], [-49.040074999999945, -26.834997199999975], [-49.04000659999997, -26.835188399999936], [-49.03995779999997, -26.83542099999994], [-49.03997309999994, -26.835626499999933], [-49.04007909999996, -26.835814399999947], [-49.04016789999997, -26.83606179999998], [-49.04019329999994, -26.836321699999928], [-49.04016319999994, -26.836787399999935], [-49.04011859999997, -26.836978099999953], [-49.04001379999994, -26.83731839999996], [-49.039845199999945, -26.837585899999965], [-49.03971429999996, -26.837738199999933], [-49.03940849999998, -26.838077099999964], [-49.039102499999956, -26.83837159999996], [-49.03888129999996, -26.838672499999973], [-49.03876759999997, -26.838841199999933], [-49.038720299999966, -26.83893749999993], [-49.038704999999936, -26.839033099999938], [-49.038742799999966, -26.839238299999977], [-49.03891219999997, -26.839704799999936], [-49.03911869999996, -26.839971799999944], [-49.03944029999997, -26.84022589999995], [-49.03976119999993, -26.840379799999937], [-49.04021039999998, -26.840490699999975], [-49.04062509999994, -26.840633099999934], [-49.04078439999995, -26.840772799999968], [-49.04089559999994, -26.84094719999996], [-49.04098479999993, -26.841196199999956], [-49.04103879999997, -26.841448699999944], [-49.04109939999995, -26.841583899999932], [-49.041175399999986, -26.841718399999934], [-49.04132819999995, -26.84190039999993], [-49.041430299999945, -26.842079599999977], [-49.04155989999998, -26.84292789999995], [-49.04166719999995, -26.84327879999995], [-49.041818199999966, -26.843500499999948], [-49.04204779999998, -26.843680499999948], [-49.04228189999998, -26.843897199999958], [-49.042438999999945, -26.84411849999998], [-49.04256349999997, -26.84436119999998], [-49.04258989999994, -26.844609299999945], [-49.04253969999996, -26.844887899999947], [-49.04238479999998, -26.845372599999962], [-49.04233459999995, -26.845622899999967], [-49.04233839999995, -26.845812499999965], [-49.04249969999995, -26.846394699999962], [-49.04264249999994, -26.846690499999966], [-49.043084599999986, -26.84723409999998], [-49.04324729999996, -26.847527699999944], [-49.043385099999966, -26.848122799999942], [-49.043341099999964, -26.848802899999953], [-49.043393099999946, -26.849720099999956], [-49.04333409999998, -26.850192999999933], [-49.043262099999936, -26.85066429999995], [-49.04318999999998, -26.85113569999993], [-49.04302609999996, -26.851687999999967], [-49.042939599999954, -26.85192619999998], [-49.042674199999965, -26.852453599999933], [-49.04258679999998, -26.85288049999997], [-49.04282589999997, -26.853423199999952], [-49.043010899999956, -26.853641599999946], [-49.04309349999994, -26.853738999999962], [-49.04310839999994, -26.85382039999996], [-49.043114199999934, -26.853852399999937], [-49.04309299999994, -26.853962499999966], [-49.043061799999975, -26.85406169999993], [-49.04282139999998, -26.854368199999954], [-49.042571899999984, -26.85466299999996], [-49.042390299999965, -26.85486229999998], [-49.04213839999994, -26.855060599999945], [-49.041859099999954, -26.85525729999995], [-49.04183519999998, -26.855276999999944], [-49.04143469999997, -26.85560689999994], [-49.04129429999995, -26.85572259999998], [-49.04105969999995, -26.85610209999993], [-49.04069149999998, -26.85669759999996], [-49.040633799999966, -26.85682369999995], [-49.04053369999997, -26.85704199999998], [-49.040376299999934, -26.857497299999977], [-49.040135299999974, -26.858194099999935], [-49.04012069999993, -26.858306099999936], [-49.04013949999995, -26.85842599999995], [-49.04017739999995, -26.858532499999967], [-49.04025119999994, -26.858621599999935], [-49.04059119999994, -26.85887349999996], [-49.04083779999996, -26.859023999999977], [-49.041386899999964, -26.85922709999994], [-49.04203529999995, -26.859357599999953], [-49.042531699999984, -26.85952439999994], [-49.042913899999974, -26.85972869999995], [-49.04294429999993, -26.859740399999964], [-49.04357289999996, -26.859981499999947], [-49.04366109999995, -26.860388499999942], [-49.04351799999995, -26.86066829999993], [-49.043488199999956, -26.860746199999937], [-49.04347469999993, -26.86078129999993], [-49.043452299999956, -26.86083979999995], [-49.043411299999946, -26.860946799999965], [-49.043268599999976, -26.861233999999968], [-49.04322389999993, -26.861251899999957], [-49.04316909999994, -26.86127399999998], [-49.04292639999994, -26.86137139999994], [-49.042590099999984, -26.86160639999997], [-49.04205419999994, -26.86184259999993], [-49.041878199999985, -26.861944199999982], [-49.04171059999993, -26.862040999999977], [-49.04121369999996, -26.862522499999955], [-49.041162499999984, -26.862572099999966], [-49.040781799999934, -26.86290319999995], [-49.040561999999966, -26.863090399999976], [-49.04029659999998, -26.86328469999995], [-49.04025809999996, -26.86334929999998], [-49.04023939999996, -26.86341939999994], [-49.04026649999997, -26.863482399999953], [-49.04031199999997, -26.863534399999935], [-49.04044739999995, -26.863612599999954], [-49.040620599999954, -26.86369899999994], [-49.04125799999997, -26.86398829999996], [-49.04155999999995, -26.864083999999934], [-49.041790599999956, -26.864210699999944], [-49.04195569999996, -26.864379499999927], [-49.042030599999975, -26.86453419999998], [-49.04204039999996, -26.864777299999957], [-49.04199669999997, -26.865062999999964], [-49.041895899999986, -26.86575399999998], [-49.04191449999996, -26.866090999999983], [-49.04200529999997, -26.86644289999998], [-49.04256909999998, -26.86786529999995], [-49.042657099999985, -26.868071199999974], [-49.04274179999993, -26.868197599999974], [-49.04297409999998, -26.868407099999956], [-49.04339769999996, -26.86862969999993], [-49.043751999999984, -26.868789299999946], [-49.044271899999956, -26.869173099999955], [-49.04441869999994, -26.869345799999962], [-49.044488899999976, -26.86952599999995], [-49.04449559999995, -26.870038199999954], [-49.044371799999965, -26.87073349999997], [-49.04439119999995, -26.87105589999993], [-49.044405799999936, -26.87155199999995], [-49.04441579999997, -26.87189099999995], [-49.044464999999946, -26.872113399999932], [-49.044462399999986, -26.872271799999965], [-49.044435599999986, -26.872476499999948], [-49.04439529999996, -26.87263239999993], [-49.044254999999964, -26.872930999999937], [-49.044070199999965, -26.873324399999944], [-49.04385109999998, -26.873762299999953], [-49.04378929999996, -26.874062099999946], [-49.043768399999976, -26.874283099999957], [-49.043798899999956, -26.87450759999996], [-49.043900399999984, -26.87487459999994], [-49.04433999999998, -26.875701899999967], [-49.04448789999998, -26.87614549999995], [-49.04454949999996, -26.87643909999997], [-49.04453139999998, -26.876757899999973], [-49.044461799999965, -26.87722249999996], [-49.04442949999998, -26.877412899999968], [-49.04437189999993, -26.877601699999957], [-49.04431109999996, -26.877723499999945], [-49.044229299999984, -26.877807099999927], [-49.04284499999994, -26.87894259999996], [-49.042394299999955, -26.879312399999947], [-49.04186329999993, -26.879747899999984], [-49.041449099999966, -26.880087699999933], [-49.04052749999994, -26.880843599999935], [-49.02945609999995, -26.889927399999976], [-49.02708099999995, -26.891873199999964], [-49.021234299999946, -26.896668999999974], [-49.02029589999995, -26.897438699999952], [-49.01654639999998, -26.90051429999994], [-49.015860499999974, -26.900675399999955], [-49.01576419999998, -26.90069239999997], [-49.015713699999935, -26.900692899999967], [-49.01567799999998, -26.900692299999946], [-49.015649199999984, -26.900689399999976], [-49.015614899999946, -26.90066589999998], [-49.01561069999997, -26.90062919999997], [-49.01562409999997, -26.90056039999996], [-49.01562389999998, -26.90047549999997], [-49.015612499999975, -26.90043339999994], [-49.01558589999996, -26.90040259999995], [-49.01556229999994, -26.90038099999998], [-49.01545489999995, -26.90034259999993], [-49.01541519999995, -26.900338999999974], [-49.015381099999956, -26.90034959999997], [-49.01528989999997, -26.900413799999967], [-49.01521799999995, -26.900471599999946], [-49.015191999999956, -26.90048109999998], [-49.01513449999993, -26.900502099999983], [-49.01502609999994, -26.90051859999994], [-49.01486909999994, -26.900515799999937], [-49.01456259999998, -26.90047579999998], [-49.01416169999993, -26.90047409999994], [-49.01406239999994, -26.900489299999947], [-49.013971099999935, -26.90051909999994], [-49.01389539999997, -26.900569099999927], [-49.01384889999997, -26.900641399999984], [-49.01382959999995, -26.900688099999968], [-49.01382799999993, -26.90071299999994], [-49.01383299999998, -26.90073149999995], [-49.01390939999993, -26.900825399999974], [-49.013936299999955, -26.90086229999997], [-49.01398819999997, -26.90091529999995], [-49.01403279999994, -26.900963399999966], [-49.01404409999998, -26.90102379999996], [-49.01404599999995, -26.901093999999944], [-49.014031399999965, -26.901148999999975], [-49.013995199999954, -26.90119109999995], [-49.01392029999994, -26.901279299999942], [-49.01383079999994, -26.901469299999974], [-49.01374119999997, -26.90165929999995], [-49.01371039999998, -26.90169389999994], [-49.01367309999995, -26.901720299999965], [-49.01363509999993, -26.90173429999993], [-49.01332819999993, -26.90180879999997], [-49.01304289999996, -26.901867099999947], [-49.012933499999974, -26.901895799999977], [-49.012900499999944, -26.901927299999954], [-49.01288949999997, -26.901946299999963], [-49.012851799999964, -26.902056999999957], [-49.01285539999998, -26.902125799999965], [-49.01287999999994, -26.902196199999935], [-49.012912599999936, -26.902246499999933], [-49.013026699999955, -26.902391399999942], [-49.013108399999965, -26.902540899999963], [-49.01312829999995, -26.90262649999994], [-49.01310719999998, -26.902831399999968], [-49.01310119999994, -26.90288909999998], [-49.01309839999993, -26.902991199999974], [-49.01307029999998, -26.90307269999994], [-49.01305649999995, -26.90310839999995], [-49.013012999999944, -26.903147299999944], [-49.012920399999985, -26.903196299999934], [-49.01288089999997, -26.903220499999975], [-49.01284139999996, -26.90324469999996], [-49.01270889999995, -26.903415499999937], [-49.01244619999994, -26.903799499999934], [-49.012396699999954, -26.90388269999994], [-49.012248599999964, -26.904131099999972], [-49.01221309999994, -26.90422659999996], [-49.01220969999997, -26.904317099999957], [-49.01222289999998, -26.904363299999943], [-49.012238699999955, -26.90441869999995], [-49.01227289999997, -26.904471599999965], [-49.012303299999985, -26.90449339999998], [-49.01233369999994, -26.904515199999935], [-49.012351499999966, -26.90452279999994], [-49.012387899999965, -26.90454939999995], [-49.01241639999995, -26.904605199999935], [-49.012418999999966, -26.904744599999958], [-49.01239419999996, -26.905065299999933], [-49.012392799999986, -26.905101799999954], [-49.012361399999975, -26.905122199999937], [-49.01224289999993, -26.90516539999993], [-49.012215099999935, -26.905178699999965], [-49.012183999999934, -26.905191999999943], [-49.01215289999993, -26.905205299999977], [-49.01214339999996, -26.90521519999993], [-49.01213429999996, -26.905231699999945], [-49.012125099999935, -26.90524819999996], [-49.01212319999996, -26.905269499999974], [-49.012122799999986, -26.90530709999996], [-49.01213039999993, -26.905345999999952], [-49.01215319999994, -26.905402599999945], [-49.012160999999935, -26.90546699999993], [-49.012156699999935, -26.905489199999977], [-49.01209279999995, -26.90555839999996], [-49.01209159999996, -26.905587899999944], [-49.01209049999994, -26.90561729999996], [-49.01210439999994, -26.905669599999953], [-49.01212719999995, -26.905695799999933], [-49.01215979999995, -26.90576189999996], [-49.01216739999995, -26.905800799999952], [-49.01216699999998, -26.905870899999968], [-49.01216599999998, -26.905956299999957], [-49.01216929999998, -26.90601749999996], [-49.012185399999964, -26.906100399999957], [-49.01220019999994, -26.906186299999945], [-49.01219749999996, -26.90628689999994], [-49.01216809999994, -26.906519899999978], [-49.01217219999995, -26.90662169999996], [-49.01218679999994, -26.906743199999937], [-49.01222739999997, -26.90683809999996], [-49.01227659999995, -26.906944299999964], [-49.01234469999997, -26.90700389999995], [-49.01241269999997, -26.907063499999936], [-49.012681199999975, -26.907281299999966], [-49.01279119999998, -26.907371199999943], [-49.01282439999994, -26.90739149999996], [-49.012857699999984, -26.907411899999943], [-49.01307439999994, -26.90752939999993], [-49.013230599999986, -26.907627799999943], [-49.01350819999993, -26.907785899999965], [-49.01362999999998, -26.907834399999956], [-49.01378989999995, -26.907894299999953], [-49.013859199999956, -26.907921899999963], [-49.013954199999944, -26.90795939999998], [-49.01402209999998, -26.907992999999976], [-49.014074999999934, -26.90803429999994], [-49.01413889999998, -26.90811249999996], [-49.01419309999994, -26.908208799999954], [-49.01437149999998, -26.908437099999958], [-49.01444539999994, -26.908521699999937], [-49.014491299999975, -26.908566899999983], [-49.01453719999995, -26.90861209999997], [-49.01463709999996, -26.908671099999935], [-49.01476779999996, -26.908754399999964], [-49.01497809999995, -26.90889109999995], [-49.01520089999997, -26.90896719999995], [-49.01533889999996, -26.909006999999974], [-49.015505099999984, -26.90908129999997], [-49.01566749999995, -26.909136199999978], [-49.01582609999997, -26.90920209999996], [-49.01600079999997, -26.909290899999974], [-49.01610789999995, -26.90933899999993], [-49.01618659999997, -26.90937189999994], [-49.016265299999986, -26.909404799999947], [-49.01637489999996, -26.909447899999975], [-49.01647509999998, -26.909496699999977], [-49.016583899999944, -26.909560099999965], [-49.016636999999946, -26.909595299999978], [-49.01668959999995, -26.90964269999995], [-49.01671349999998, -26.90967089999998], [-49.01674429999997, -26.90972679999993], [-49.01677499999994, -26.909782699999937], [-49.01680099999993, -26.90990249999993], [-49.01682939999995, -26.91007929999995], [-49.016898899999944, -26.910279799999955], [-49.016918299999986, -26.91033529999993], [-49.01693529999994, -26.91039479999995], [-49.01696689999994, -26.91045889999998], [-49.01708039999994, -26.910605799999928], [-49.01717639999998, -26.91073389999997], [-49.017309799999964, -26.91089459999995], [-49.01738769999997, -26.910993599999983], [-49.01751159999998, -26.911134799999957], [-49.01759519999996, -26.91126449999996], [-49.01767739999997, -26.911397199999954], [-49.017753099999936, -26.91149409999997], [-49.01784809999998, -26.91165069999994], [-49.01789259999998, -26.91176189999993], [-49.01790889999995, -26.911839699999973], [-49.01791719999994, -26.91203829999995], [-49.01794769999998, -26.91224669999997], [-49.01799889999995, -26.912540199999967], [-49.017932299999984, -26.91263719999995], [-49.01784429999998, -26.91271279999995], [-49.01763979999998, -26.91286619999994], [-49.01740549999994, -26.913060299999984], [-49.017319199999974, -26.913133899999934], [-49.01725299999998, -26.91333839999993], [-49.01724569999993, -26.913377199999957], [-49.017232999999976, -26.913445599999932], [-49.01723309999994, -26.913855499999954], [-49.017237799999975, -26.914029599999935], [-49.01722579999995, -26.914193999999952], [-49.01718919999996, -26.91437899999994], [-49.01715309999997, -26.914550799999972], [-49.01713509999996, -26.914724099999944], [-49.017157199999986, -26.91491599999995], [-49.01717679999996, -26.915056999999933], [-49.01734069999998, -26.915331799999933], [-49.017633899999964, -26.91547019999996], [-49.01799879999993, -26.915767899999935], [-49.01837969999997, -26.916161699999975], [-49.018826399999966, -26.917078999999944], [-49.01909129999996, -26.91765859999998], [-49.01929919999998, -26.918061999999964], [-49.019407799999954, -26.918218299999978], [-49.019519799999955, -26.918306799999982], [-49.01978169999995, -26.918453399999976], [-49.02026179999996, -26.918689599999936], [-49.02046699999994, -26.91888979999993], [-49.02061299999997, -26.919110899999964], [-49.020732399999986, -26.91936279999993], [-49.02080189999998, -26.919440099999974], [-49.02089619999998, -26.919511799999952], [-49.02097629999997, -26.91955809999996], [-49.021052699999984, -26.919582099999957], [-49.021166999999934, -26.919607699999972], [-49.02127639999998, -26.91962129999996], [-49.02142349999997, -26.919610999999975], [-49.021730599999955, -26.91953669999998], [-49.02190409999997, -26.91952059999994], [-49.022059799999965, -26.919536299999947], [-49.02222779999994, -26.919563099999948], [-49.02236709999994, -26.91959739999993], [-49.02249819999997, -26.91967399999993], [-49.02261939999994, -26.919772999999964], [-49.023130099999946, -26.920559399999945], [-49.02331639999994, -26.920817599999964], [-49.023496499999965, -26.92091249999993], [-49.023627999999974, -26.921046099999955], [-49.02371079999995, -26.921216399999935], [-49.023851699999966, -26.921381699999984], [-49.02408369999995, -26.92147749999998], [-49.02426529999997, -26.92159399999997], [-49.02434859999994, -26.921712799999966], [-49.024396699999954, -26.921874699999933], [-49.02443729999993, -26.92193949999995], [-49.02448289999995, -26.92206939999994], [-49.02455409999993, -26.922184899999934], [-49.02460619999994, -26.922226099999932], [-49.02467089999993, -26.922258299999953], [-49.024791799999946, -26.92228749999998], [-49.02490069999993, -26.92228659999995], [-49.02499719999997, -26.92227209999993], [-49.02510069999994, -26.922249199999953], [-49.02517359999996, -26.92221509999996], [-49.02522349999998, -26.92217809999994], [-49.02526739999996, -26.922117399999934], [-49.02538699999997, -26.921947299999943], [-49.025697399999956, -26.921664499999963], [-49.025738299999944, -26.921637499999974], [-49.025775599999974, -26.92162589999998], [-49.025869599999965, -26.921629999999936], [-49.02623619999997, -26.921669099999974], [-49.02660279999998, -26.921708199999955], [-49.02708169999994, -26.921780999999953], [-49.02831149999997, -26.921760399999982], [-49.02872449999995, -26.92177419999996], [-49.02904819999998, -26.92184629999997], [-49.02923629999998, -26.921941199999935], [-49.02936699999998, -26.922046199999954], [-49.02957199999997, -26.922286799999938], [-49.02968519999996, -26.92238949999995], [-49.029745299999945, -26.92252179999997], [-49.02991799999995, -26.92310539999994], [-49.03005299999995, -26.923524199999974], [-49.03007649999995, -26.92368879999998], [-49.030058199999985, -26.92383129999996], [-49.03001859999995, -26.92398309999993], [-49.029949999999985, -26.924090399999955], [-49.02985209999997, -26.92421399999995], [-49.02973469999995, -26.92432409999998], [-49.02966739999994, -26.92440389999996], [-49.02964989999998, -26.92449339999996], [-49.02963659999995, -26.92466289999993], [-49.02964199999997, -26.924735599999963], [-49.029666599999985, -26.924821599999973], [-49.02970639999995, -26.92492519999996], [-49.02975219999996, -26.92500569999993], [-49.03028599999993, -26.92571369999996], [-49.030462299999954, -26.926016699999934], [-49.03055899999998, -26.92624749999993], [-49.03061109999993, -26.926440199999945], [-49.030624899999964, -26.926701199999968], [-49.030650099999946, -26.926869299999964], [-49.03069369999997, -26.92704379999998], [-49.03075009999998, -26.927191799999946], [-49.03126219999996, -26.929071299999976], [-49.03139909999993, -26.929472199999964], [-49.03155049999998, -26.93008919999994], [-49.03158589999998, -26.930355299999974], [-49.03158789999998, -26.93083459999997], [-49.03157479999993, -26.93118889999994], [-49.03156249999995, -26.931364299999927], [-49.031556999999964, -26.931397499999946], [-49.031550799999934, -26.931413499999962], [-49.03154109999997, -26.93142739999996], [-49.03152879999993, -26.931439199999943], [-49.03151079999998, -26.93144419999993], [-49.031489499999964, -26.931447299999945], [-49.03146559999993, -26.93144579999995], [-49.03144059999994, -26.93144239999998], [-49.03141739999995, -26.931436299999973], [-49.031254599999954, -26.931365599999936], [-49.031001999999944, -26.93130139999994], [-49.03090169999996, -26.931258199999945], [-49.03078069999998, -26.931241599999964], [-49.03071499999999, -26.931237599999974], [-49.03064569999998, -26.93124789999996], [-49.030314799999985, -26.931390499999964], [-49.03023489999998, -26.93143129999993], [-49.030161599999985, -26.931499199999962], [-49.03005069999995, -26.93163979999997], [-49.02995569999996, -26.93182399999995], [-49.02991959999997, -26.931942099999958], [-49.02984459999993, -26.932090699999947], [-49.029558099999974, -26.932538799999975], [-49.02863639999998, -26.93363729999993], [-49.028453799999966, -26.933802399999934], [-49.02831349999997, -26.933973299999934], [-49.02817719999996, -26.93418889999998], [-49.02814109999997, -26.934303599999964], [-49.028135299999974, -26.93436879999996], [-49.02814459999996, -26.934443999999928], [-49.02823929999994, -26.93474029999993], [-49.028396499999985, -26.935015799999974], [-49.02846939999995, -26.93516619999997], [-49.02851969999995, -26.935216499999967], [-49.02858639999994, -26.935259599999938], [-49.02867379999998, -26.935296199999982], [-49.02876919999994, -26.935321399999964], [-49.02899019999995, -26.935330799999974], [-49.029181999999935, -26.93532629999993], [-49.02951329999996, -26.93535309999993], [-49.02980949999994, -26.93535929999996], [-49.030267299999934, -26.935351199999957], [-49.03049669999996, -26.93536809999995], [-49.03068259999998, -26.935412499999927], [-49.03075679999995, -26.935448099999974], [-49.030809999999974, -26.93549539999998], [-49.03085989999994, -26.93556099999995], [-49.03088199999996, -26.935642799999982], [-49.03090249999997, -26.93587969999993], [-49.03089959999994, -26.93598099999997], [-49.03088519999994, -26.936076699999944], [-49.03080289999997, -26.936364899999944], [-49.03077989999997, -26.936494899999957], [-49.03077449999995, -26.936626599999954], [-49.03079859999997, -26.936724099999935], [-49.03084359999997, -26.93681339999995], [-49.03113259999998, -26.937291199999947], [-49.031299299999944, -26.937497999999948]]]}}]}